Num_Acc,place,catu,grav,sexe,trajet,secu,locp,actp,etatp,an_nais,num_veh,jour,mois,an,hrmn,lum,dep,com,agg,int,atm,col,adr,lat,long,gps,com_insee_temp,com_insee,departmentName,regionCode,regionName,vma,catr,circ,nbv,surf,Code,Region,Departement,Arrondissement,Code_Canton,Nom_Commune,Population_municipaLe,Population_comptee_a_part,Population_Totale,senc,catv,occutc,obs,obsm,choc,manv
202300002322,1.0,1,1,2,0.0,1.0,-1.0, -1,-1.0,1956.0,C01,27,11,2023,10:20,1,76.0,76351,2,1,3.0,4.0,LENINGRAD (BD DE),"49,50003000","0,17078000",,76.076351,76351,Seine-Maritime,28.0,Normandie,50.0,4.0,1.0,2,2.0,28,Normandie,76,2,96,LeHavre,166058,1780,167838.0,2.0,7,,0.0,2.0,4.0,1.0
202300002322,1.0,1,1,1,0.0,1.0,-1.0, -1,-1.0,1991.0,A01,27,11,2023,10:20,1,76.0,76351,2,1,3.0,4.0,LENINGRAD (BD DE),"49,50003000","0,17078000",,76.076351,76351,Seine-Maritime,28.0,Normandie,50.0,4.0,1.0,2,2.0,28,Normandie,76,2,96,LeHavre,166058,1780,167838.0,2.0,7,,0.0,2.0,1.0,1.0
202300002323,1.0,1,4,1,5.0,8.0,-1.0, -1,-1.0,1988.0,A01,26,11,2023,04:20,5,76.0,76351,2,1,1.0,7.0,FRISSARD (QUAI),"49,49011000","0,12642000",,76.076351,76351,Seine-Maritime,28.0,Normandie,50.0,4.0,2.0,2,1.0,28,Normandie,76,2,96,LeHavre,166058,1780,167838.0,2.0,50,,0.0,0.0,0.0,1.0
202300002325,1.0,1,4,1,0.0,8.0,-1.0, -1,-1.0,2001.0,A01,24,11,2023,20:35,5,76.0,76351,2,1,1.0,7.0,GEORGES LAFAURIE (RUE),"49,50095100","0,11268800",,76.076351,76351,Seine-Maritime,28.0,Normandie,50.0,4.0,-1.0,2,1.0,28,Normandie,76,2,96,LeHavre,166058,1780,167838.0,2.0,1,,0.0,0.0,0.0,1.0
202300002327,1.0,1,1,1,0.0,1.0,-1.0, -1,-1.0,1999.0,A01,26,11,2023,16:30,1,76.0,76447,2,1,1.0,6.0,4 SAISONS (RUE DES ),"49,53626000","0,18567000",,76.076447,76447,Seine-Maritime,28.0,Normandie,30.0,6.0,-1.0, -1,1.0,28,Normandie,76,2,15,Montivilliers,15457,203,15660.0,3.0,7,,0.0,1.0,4.0,4.0
202300002327,10.0,3,4,1,0.0,0.0,9.0,3,2.0,1984.0,A01,26,11,2023,16:30,1,76.0,76447,2,1,1.0,6.0,4 SAISONS (RUE DES ),"49,53626000","0,18567000",,76.076447,76447,Seine-Maritime,28.0,Normandie,30.0,6.0,-1.0, -1,1.0,28,Normandie,76,2,15,Montivilliers,15457,203,15660.0,3.0,7,,0.0,1.0,4.0,4.0
202300002329,1.0,1,3,1,2.0,8.0,-1.0, -1,-1.0,2006.0,A01,24,11,2023,10:00,1,76.0,76351,2,1,1.0,1.0,BORIS VIAN,"49,51522000","0,16069000",,76.076351,76351,Seine-Maritime,28.0,Normandie,30.0,4.0,2.0,1,1.0,28,Normandie,76,2,96,LeHavre,166058,1780,167838.0,1.0,50,,0.0,2.0,1.0,15.0
202300002329,1.0,1,1,1,2.0,1.0,-1.0, -1,-1.0,2005.0,B01,24,11,2023,10:00,1,76.0,76351,2,1,1.0,1.0,BORIS VIAN,"49,51522000","0,16069000",,76.076351,76351,Seine-Maritime,28.0,Normandie,30.0,4.0,2.0,1,1.0,28,Normandie,76,2,96,LeHavre,166058,1780,167838.0,2.0,7,,0.0,2.0,1.0,16.0
202300002329,2.0,2,1,1,2.0,1.0,-1.0, -1,-1.0,2005.0,B01,24,11,2023,10:00,1,76.0,76351,2,1,1.0,1.0,BORIS VIAN,"49,51522000","0,16069000",,76.076351,76351,Seine-Maritime,28.0,Normandie,30.0,4.0,2.0,1,1.0,28,Normandie,76,2,96,LeHavre,166058,1780,167838.0,2.0,7,,0.0,2.0,1.0,16.0
202300002331,1.0,1,4,2,9.0,2.0,-1.0, -1,-1.0,1965.0,B01,27,11,2023,08:00,5,76.0,76026,2,9,2.0,3.0,ARCHELLES,"49,88200200","1,14049400",,76.076026,76026,Seine-Maritime,28.0,Normandie,50.0,4.0,-1.0,1,2.0,28,Normandie,76,1,8,Arques-la-BatailLe2480,44,2524,,2.0,1,,0.0,2.0,1.0,0.0
202300002331,1.0,1,1,2,0.0,1.0,-1.0, -1,-1.0,1990.0,A01,27,11,2023,08:00,5,76.0,76026,2,9,2.0,3.0,ARCHELLES,"49,88200200","1,14049400",,76.076026,76026,Seine-Maritime,28.0,Normandie,50.0,4.0,-1.0,1,2.0,28,Normandie,76,1,8,Arques-la-BatailLe2480,44,2524,,2.0,7,,0.0,9.0,3.0,9.0
202300002555,10.0,3,4,2,0.0,0.0,3.0,3,1.0,2008.0,A01,27,11,2023,18:35,5,76.0,76101,2,1,2.0,6.0,Grande Rue Francois Mitterrand,"49,93210900","1,62829400",,76.076101,76101,Seine-Maritime,28.0,Normandie,50.0,3.0,2.0,2,2.0,28,Normandie,76,1,10,Blangy-sur-BresLe2862,28,2890,,0.0,7,,0.0,1.0,3.0,1.0
202300002555,1.0,1,1,1,5.0,1.0,0.0,0,-1.0,1975.0,A01,27,11,2023,18:35,5,76.0,76101,2,1,2.0,6.0,Grande Rue Francois Mitterrand,"49,93210900","1,62829400",,76.076101,76101,Seine-Maritime,28.0,Normandie,50.0,3.0,2.0,2,2.0,28,Normandie,76,1,10,Blangy-sur-BresLe2862,28,2890,,0.0,7,,0.0,1.0,3.0,1.0
202300002831,1.0,1,3,2,1.0,1.0,0.0,0,-1.0,1984.0,A01,7,6,2023,17:30,1,76.0,76517,1,9,1.0,4.0,A28,"49,50470100","1,17755400",,76.076517,76517,Seine-Maritime,28.0,Normandie,110.0,1.0,1.0,2,1.0,28,Normandie,76,3,2,Quincampoix,3110,68,3178.0,2.0,7,,0.0,2.0,1.0,2.0
202300002831,1.0,1,1,1,1.0,1.0,0.0,0,-1.0,1989.0,B01,7,6,2023,17:30,1,76.0,76517,1,9,1.0,4.0,A28,"49,50470100","1,17755400",,76.076517,76517,Seine-Maritime,28.0,Normandie,110.0,1.0,1.0,2,1.0,28,Normandie,76,3,2,Quincampoix,3110,68,3178.0,2.0,7,,0.0,2.0,4.0,2.0
202300002831,1.0,1,1,1,1.0,1.0,0.0,0,-1.0,1979.0,C01,7,6,2023,17:30,1,76.0,76517,1,9,1.0,4.0,A28,"49,50470100","1,17755400",,76.076517,76517,Seine-Maritime,28.0,Normandie,110.0,1.0,1.0,2,1.0,28,Normandie,76,3,2,Quincampoix,3110,68,3178.0,2.0,7,,0.0,2.0,4.0,2.0
202300002831,1.0,1,4,2,1.0,1.0,0.0,0,-1.0,1982.0,D01,7,6,2023,17:30,1,76.0,76517,1,9,1.0,4.0,A28,"49,50470100","1,17755400",,76.076517,76517,Seine-Maritime,28.0,Normandie,110.0,1.0,1.0,2,1.0,28,Normandie,76,3,2,Quincampoix,3110,68,3178.0,2.0,7,,0.0,2.0,4.0,2.0
202300002854,2.0,2,3,2,5.0,0.0,0.0,0,-1.0,2006.0,A01,9,6,2023,14:45,1,76.0,76616,1,1,1.0,3.0,Côte de Gournay,"49,52760400","0,23047700",,76.076616,76616,Seine-Maritime,28.0,Normandie,50.0,4.0,2.0,2,1.0,28,Normandie,76,2,26,Saint-Martin-du-Manoir,1459,34,1493.0,3.0,7,,0.0,2.0,2.0,1.0
202300002854,1.0,1,4,1,5.0,0.0,0.0,0,-1.0,2004.0,A01,9,6,2023,14:45,1,76.0,76616,1,1,1.0,3.0,Côte de Gournay,"49,52760400","0,23047700",,76.076616,76616,Seine-Maritime,28.0,Normandie,50.0,4.0,2.0,2,1.0,28,Normandie,76,2,26,Saint-Martin-du-Manoir,1459,34,1493.0,3.0,7,,0.0,2.0,2.0,1.0
202300002854,1.0,1,1,1,4.0,1.0,0.0,0,-1.0,1988.0,B01,9,6,2023,14:45,1,76.0,76616,1,1,1.0,3.0,Côte de Gournay,"49,52760400","0,23047700",,76.076616,76616,Seine-Maritime,28.0,Normandie,50.0,4.0,2.0,2,1.0,28,Normandie,76,2,26,Saint-Martin-du-Manoir,1459,34,1493.0,3.0,14,,0.0,2.0,3.0,1.0
202300002891,1.0,1,3,1,9.0,1.0,0.0,0,-1.0,1945.0,A01,7,6,2023,16:45,1,76.0,76197,1,1,1.0,5.0,D149,"49,77940700","1,07611300",,76.076197,76197,Seine-Maritime,28.0,Normandie,80.0,3.0,2.0,2,1.0,28,Normandie,76,1,20,Criquetot-sur-LonguevilLe217,2,219,,1.0,7,,0.0,2.0,3.0,1.0
202300002891,1.0,1,1,1,1.0,1.0,0.0,0,-1.0,1972.0,B01,7,6,2023,16:45,1,76.0,76197,1,1,1.0,5.0,D149,"49,77940700","1,07611300",,76.076197,76197,Seine-Maritime,28.0,Normandie,80.0,3.0,2.0,2,1.0,28,Normandie,76,1,20,Criquetot-sur-LonguevilLe217,2,219,,1.0,15,,0.0,2.0,3.0,1.0
202300002891,1.0,1,4,1,0.0,1.0,0.0,0,-1.0,2003.0,C01,7,6,2023,16:45,1,76.0,76197,1,1,1.0,5.0,D149,"49,77940700","1,07611300",,76.076197,76197,Seine-Maritime,28.0,Normandie,80.0,3.0,2.0,2,1.0,28,Normandie,76,1,20,Criquetot-sur-LonguevilLe217,2,219,,2.0,7,,0.0,2.0,3.0,13.0
202300003282,1.0,1,1,1,1.0,1.0,-1.0, -1,-1.0,1961.0,B01,11,2,2023,06:30,5,76.0,76108,2,2,1.0,3.0,Rue Jeanne d’Arc,"49,45648000","1,12275000",,76.076108,76108,Seine-Maritime,28.0,Normandie,50.0,4.0,2.0,2,1.0,28,Normandie,76,3,2,Bois-Guillaume,14262,361,14623.0,3.0,7,,0.0,2.0,2.0,1.0
202300003282,1.0,1,4,1,0.0,8.0,-1.0, -1,-1.0,2004.0,A01,11,2,2023,06:30,5,76.0,76108,2,2,1.0,3.0,Rue Jeanne d’Arc,"49,45648000","1,12275000",,76.076108,76108,Seine-Maritime,28.0,Normandie,50.0,4.0,2.0,2,1.0,28,Normandie,76,3,2,Bois-Guillaume,14262,361,14623.0,3.0,7,,0.0,2.0,1.0,19.0
202300003376,1.0,1,1,1,4.0,0.0,0.0,0,-1.0,1981.0,A01,22,8,2023,16:30,1,76.0,76482,1,1,1.0,3.0,Route départementale 925,"49,88783564","1,01360750",,76.076482,76482,Seine-Maritime,28.0,Normandie,80.0,3.0,2.0,2,1.0,28,Normandie,76,1,7,OffranvilLe3191,211,3402,,2.0,21,,0.0,2.0,3.0,15.0
202300003376,1.0,1,1,1,5.0,1.0,0.0,0,-1.0,1977.0,B01,22,8,2023,16:30,1,76.0,76482,1,1,1.0,3.0,Route départementale 925,"49,88783564","1,01360750",,76.076482,76482,Seine-Maritime,28.0,Normandie,80.0,3.0,2.0,2,1.0,28,Normandie,76,1,7,OffranvilLe3191,211,3402,,2.0,7,,0.0,2.0,2.0,17.0
202300003376,2.0,2,3,2,5.0,1.0,0.0,0,-1.0,1980.0,B01,22,8,2023,16:30,1,76.0,76482,1,1,1.0,3.0,Route départementale 925,"49,88783564","1,01360750",,76.076482,76482,Seine-Maritime,28.0,Normandie,80.0,3.0,2.0,2,1.0,28,Normandie,76,1,7,OffranvilLe3191,211,3402,,2.0,7,,0.0,2.0,2.0,17.0
202300003376,4.0,2,4,1,5.0,1.0,0.0,0,-1.0,2013.0,B01,22,8,2023,16:30,1,76.0,76482,1,1,1.0,3.0,Route départementale 925,"49,88783564","1,01360750",,76.076482,76482,Seine-Maritime,28.0,Normandie,80.0,3.0,2.0,2,1.0,28,Normandie,76,1,7,OffranvilLe3191,211,3402,,2.0,7,,0.0,2.0,2.0,17.0
202300003376,9.0,2,4,1,5.0,1.0,0.0,0,-1.0,2006.0,B01,22,8,2023,16:30,1,76.0,76482,1,1,1.0,3.0,Route départementale 925,"49,88783564","1,01360750",,76.076482,76482,Seine-Maritime,28.0,Normandie,80.0,3.0,2.0,2,1.0,28,Normandie,76,1,7,OffranvilLe3191,211,3402,,2.0,7,,0.0,2.0,2.0,17.0
202300003376,7.0,2,1,1,5.0,1.0,0.0,0,-1.0,2007.0,B01,22,8,2023,16:30,1,76.0,76482,1,1,1.0,3.0,Route départementale 925,"49,88783564","1,01360750",,76.076482,76482,Seine-Maritime,28.0,Normandie,80.0,3.0,2.0,2,1.0,28,Normandie,76,1,7,OffranvilLe3191,211,3402,,2.0,7,,0.0,2.0,2.0,17.0
202300003376,8.0,2,4,2,5.0,1.0,0.0,0,-1.0,2009.0,B01,22,8,2023,16:30,1,76.0,76482,1,1,1.0,3.0,Route départementale 925,"49,88783564","1,01360750",,76.076482,76482,Seine-Maritime,28.0,Normandie,80.0,3.0,2.0,2,1.0,28,Normandie,76,1,7,OffranvilLe3191,211,3402,,2.0,7,,0.0,2.0,2.0,17.0
202300003426,1.0,1,1,1,5.0,2.0,-1.0, -1,-1.0,2006.0,A01,24,10,2023,19:00,2,76.0,76212,2,2,1.0,3.0,Boulevard de la Paix,"49,43793000","1,14768000",,76.076212,76212,Seine-Maritime,28.0,Normandie,50.0,2.0,2.0,2,1.0,28,Normandie,76,3,6,Darnétal,9738,74,9812.0,3.0,32,,0.0,2.0,1.0,19.0
202300003426,1.0,1,3,1,0.0,2.0,-1.0, -1,-1.0,1958.0,B01,24,10,2023,19:00,2,76.0,76212,2,2,1.0,3.0,Boulevard de la Paix,"49,43793000","1,14768000",,76.076212,76212,Seine-Maritime,28.0,Normandie,50.0,2.0,2.0,2,1.0,28,Normandie,76,3,6,Darnétal,9738,74,9812.0,1.0,43,,0.0,2.0,7.0,1.0
202300003428,1.0,1,1,1,0.0,1.0,-1.0, -1,-1.0,1983.0,A01,22,10,2023,02:30,5,76.0,76351,2,1,1.0,1.0,SUEDE (QUAI DE),"49,49214000","0,13237000",,76.076351,76351,Seine-Maritime,28.0,Normandie,50.0,4.0,-1.0,1,1.0,28,Normandie,76,2,96,LeHavre,166058,1780,167838.0,3.0,7,,0.0,2.0,1.0,5.0
202300003428,1.0,1,4,2,0.0,1.0,-1.0, -1,-1.0,1973.0,B01,22,10,2023,02:30,5,76.0,76351,2,1,1.0,1.0,SUEDE (QUAI DE),"49,49214000","0,13237000",,76.076351,76351,Seine-Maritime,28.0,Normandie,50.0,4.0,-1.0,1,1.0,28,Normandie,76,2,96,LeHavre,166058,1780,167838.0,3.0,7,,0.0,2.0,1.0,1.0
202300003430,10.0,3,3,2,5.0,0.0,3.0,3,1.0,1989.0,A01,21,10,2023,12:45,1,76.0,76351,2,3,2.0,6.0,HALLES CENTRALES (PLACE DES),"49,49118000","0,10399000",,76.076351,76351,Seine-Maritime,28.0,Normandie,50.0,4.0,1.0,2,2.0,28,Normandie,76,2,96,LeHavre,166058,1780,167838.0,0.0,7,,6.0,1.0,1.0,15.0
202300003430,1.0,1,1,1,5.0,1.0,-1.0, -1,-1.0,1932.0,A01,21,10,2023,12:45,1,76.0,76351,2,3,2.0,6.0,HALLES CENTRALES (PLACE DES),"49,49118000","0,10399000",,76.076351,76351,Seine-Maritime,28.0,Normandie,50.0,4.0,1.0,2,2.0,28,Normandie,76,2,96,LeHavre,166058,1780,167838.0,0.0,7,,6.0,1.0,1.0,15.0
202300003432,1.0,1,4,1,0.0,2.0,-1.0, -1,-1.0,1963.0,B01,20,10,2023,15:45,1,76.0,76351,2,2,1.0,1.0,DEMIDOFF (RUE),"49,49760000","0,13621000",,76.076351,76351,Seine-Maritime,28.0,Normandie,-1.0,4.0,2.0, -1,1.0,28,Normandie,76,2,96,LeHavre,166058,1780,167838.0,3.0,32,,0.0,2.0,1.0,1.0
202300003432,1.0,1,1,2,9.0,1.0,-1.0, -1,-1.0,2002.0,A01,20,10,2023,15:45,1,76.0,76351,2,2,1.0,1.0,DEMIDOFF (RUE),"49,49760000","0,13621000",,76.076351,76351,Seine-Maritime,28.0,Normandie,-1.0,4.0,2.0, -1,1.0,28,Normandie,76,2,96,LeHavre,166058,1780,167838.0,3.0,7,,0.0,2.0,1.0,15.0
202300003502,10.0,3,4,2,0.0,8.0,3.0,3,1.0,1998.0,A01,23,9,2023,22:40,4,76.0,76540,2,2,1.0,6.0,Rue de la Republique,"49,44003000","1,09732000",,76.076540,76540,Seine-Maritime,28.0,Normandie,50.0,4.0,1.0,1,1.0,28,Normandie,76,3,97,Rouen,114083,1556,115639.0,3.0,7,,0.0,1.0,1.0,2.0
202300003502,1.0,1,1,1,0.0,1.0,-1.0, -1,-1.0,1998.0,A01,23,9,2023,22:40,4,76.0,76540,2,2,1.0,6.0,Rue de la Republique,"49,44003000","1,09732000",,76.076540,76540,Seine-Maritime,28.0,Normandie,50.0,4.0,1.0,1,1.0,28,Normandie,76,3,97,Rouen,114083,1556,115639.0,3.0,7,,0.0,1.0,1.0,2.0
202300003503,1.0,1,3,1,5.0,1.0,-1.0, -1,-1.0,1955.0,A01,23,9,2023,09:10,1,76.0,76486,1,1,2.0,7.0,Rue de la Gare,"49,31975597","0,98916113",,76.076486,76486,Seine-Maritime,28.0,Normandie,80.0,7.0,-1.0,2,2.0,28,Normandie,76,3,9,Orival,860,5,865.0,3.0,7,,12.0,0.0,2.0,1.0
202300003615,2.0,2,1,1,5.0,1.0,0.0,0,-1.0,2005.0,A01,24,9,2023,05:11,3,76.0,76196,1,1,1.0,6.0,Route de Cuverville,"49,64885100","0,26244300",,76.076196,76196,Seine-Maritime,28.0,Normandie,80.0,3.0,2.0,2,1.0,28,Normandie,76,2,26,Criquetot-l'Esneval,2567,82,2649.0,2.0,7,,13.0,0.0,1.0,1.0
202300003615,1.0,1,4,1,5.0,1.0,0.0,0,-1.0,2004.0,A01,24,9,2023,05:11,3,76.0,76196,1,1,1.0,6.0,Route de Cuverville,"49,64885100","0,26244300",,76.076196,76196,Seine-Maritime,28.0,Normandie,80.0,3.0,2.0,2,1.0,28,Normandie,76,2,26,Criquetot-l'Esneval,2567,82,2649.0,2.0,7,,13.0,0.0,1.0,1.0
202300003773,1.0,1,1,1,4.0,1.0,0.0,0,-1.0,1999.0,B01,24,10,2023,18:50,2,76.0,76313,1,4,2.0,3.0,Route de Paris,"49,34952400","1,14551800",,76.076313,76313,Seine-Maritime,28.0,Normandie,80.0,7.0,2.0,2,2.0,28,Normandie,76,3,6,Gouy,895,15,910.0,2.0,15,,0.0,2.0,2.0,1.0
202300003773,2.0,2,3,2,0.0,1.0,0.0,0,-1.0,1938.0,A01,24,10,2023,18:50,2,76.0,76313,1,4,2.0,3.0,Route de Paris,"49,34952400","1,14551800",,76.076313,76313,Seine-Maritime,28.0,Normandie,80.0,7.0,2.0,2,2.0,28,Normandie,76,3,6,Gouy,895,15,910.0,2.0,7,,0.0,2.0,3.0,9.0
202300003773,1.0,1,3,1,0.0,1.0,0.0,0,-1.0,1935.0,A01,24,10,2023,18:50,2,76.0,76313,1,4,2.0,3.0,Route de Paris,"49,34952400","1,14551800",,76.076313,76313,Seine-Maritime,28.0,Normandie,80.0,7.0,2.0,2,2.0,28,Normandie,76,3,6,Gouy,895,15,910.0,2.0,7,,0.0,2.0,3.0,9.0
202300003817,1.0,1,1,1,4.0,1.0,-1.0, -1,-1.0,1990.0,B01,22,9,2023,00:20,5,76.0,76451,2,1,1.0,7.0,Avenue du Général Galliéni,"49,45807000","1,08437000",,76.076451,76451,Seine-Maritime,28.0,Normandie,50.0,7.0,2.0,2,2.0,28,Normandie,76,3,22,Mont-Saint-Aignan,20066,415,20481.0,0.0,7,,0.0,9.0,2.0,23.0
202300003817,1.0,1,3,2,0.0,8.0,-1.0, -1,-1.0,1987.0,A01,22,9,2023,00:20,5,76.0,76451,2,1,1.0,7.0,Avenue du Général Galliéni,"49,45807000","1,08437000",,76.076451,76451,Seine-Maritime,28.0,Normandie,50.0,7.0,2.0,2,2.0,28,Normandie,76,3,22,Mont-Saint-Aignan,20066,415,20481.0,0.0,7,,0.0,9.0,2.0,13.0
202300003820,10.0,3,4,2,0.0,0.0,2.0,3,1.0,1993.0,A01,22,9,2023,08:55,1,76.0,76341,2,2,2.0,6.0,JEHAN DE GROUCHY,"49,50484986","0,19989932",,76.076341,76341,Seine-Maritime,28.0,Normandie,-1.0,4.0,1.0, -1,2.0,28,Normandie,76,2,15,Harfleur,8315,53,8368.0,0.0,7,,0.0,1.0,1.0,1.0
202300003820,1.0,1,1,2,9.0,1.0,-1.0, -1,-1.0,1990.0,A01,22,9,2023,08:55,1,76.0,76341,2,2,2.0,6.0,JEHAN DE GROUCHY,"49,50484986","0,19989932",,76.076341,76341,Seine-Maritime,28.0,Normandie,-1.0,4.0,1.0, -1,2.0,28,Normandie,76,2,15,Harfleur,8315,53,8368.0,0.0,7,,0.0,1.0,1.0,1.0
202300003991,1.0,1,3,1,9.0,2.0,0.0,0,-1.0,1948.0,A01,13,2,2023,13:30,1,76.0,76164,1,1,1.0,7.0,Route du Quesnay,"49,50227700","0,63514700",,76.076164,76164,Seine-Maritime,28.0,Normandie,80.0,4.0,2.0,2,1.0,28,Normandie,76,3,25,Rives-en-Seine,4078,66,4144.0,3.0,31,,0.0,0.0,7.0,1.0
202300004094,1.0,1,1,1,0.0,1.0,-1.0, -1,-1.0,1979.0,B01,4,5,2023,00:10,5,76.0,76157,2,3,1.0,1.0,Avenue du President Allende,"49,45000000","1,03512000",,76.076157,76157,Seine-Maritime,28.0,Normandie,50.0,7.0,2.0,2,1.0,28,Normandie,76,3,4,Canteleu,13966,360,14326.0,1.0,10,,0.0,2.0,1.0,15.0
202300004094,1.0,1,3,1,1.0,2.0,-1.0, -1,-1.0,1970.0,A01,4,5,2023,00:10,5,76.0,76157,2,3,1.0,1.0,Avenue du President Allende,"49,45000000","1,03512000",,76.076157,76157,Seine-Maritime,28.0,Normandie,50.0,7.0,2.0,2,1.0,28,Normandie,76,3,4,Canteleu,13966,360,14326.0,1.0,30,,0.0,2.0,0.0,17.0
202300004096,1.0,1,4,1,5.0,1.0,-1.0, -1,-1.0,1980.0,A01,3,5,2023,19:50,1,76.0,76319,1,1,7.0,7.0,D132,"49,34672000","1,00151000",,76.076319,76319,Seine-Maritime,28.0,Normandie,80.0,7.0,2.0,2,1.0,28,Normandie,76,3,9,Grand-Couronne,9726,177,9903.0,1.0,7,,15.0,0.0,0.0,1.0
202300004096,2.0,2,4,1,5.0,1.0,-1.0, -1,-1.0,2009.0,A01,3,5,2023,19:50,1,76.0,76319,1,1,7.0,7.0,D132,"49,34672000","1,00151000",,76.076319,76319,Seine-Maritime,28.0,Normandie,80.0,7.0,2.0,2,1.0,28,Normandie,76,3,9,Grand-Couronne,9726,177,9903.0,1.0,7,,15.0,0.0,0.0,1.0
202300004099,10.0,3,4,1,0.0,0.0,2.0,B,2.0,1962.0,A01,3,5,2023,15:00,1,76.0,76540,2,2,1.0,6.0,Rue Victor Hugo,"49,44029000","1,10084000",,76.076540,76540,Seine-Maritime,28.0,Normandie,30.0,4.0,1.0,1,1.0,28,Normandie,76,3,97,Rouen,114083,1556,115639.0,1.0,7,,0.0,1.0,1.0,1.0
202300004099,10.0,3,1,1,0.0,0.0,2.0,B,2.0,1960.0,A01,3,5,2023,15:00,1,76.0,76540,2,2,1.0,6.0,Rue Victor Hugo,"49,44029000","1,10084000",,76.076540,76540,Seine-Maritime,28.0,Normandie,30.0,4.0,1.0,1,1.0,28,Normandie,76,3,97,Rouen,114083,1556,115639.0,1.0,7,,0.0,1.0,1.0,1.0
202300004099,1.0,1,1,1,0.0,1.0,-1.0, -1,-1.0,1989.0,A01,3,5,2023,15:00,1,76.0,76540,2,2,1.0,6.0,Rue Victor Hugo,"49,44029000","1,10084000",,76.076540,76540,Seine-Maritime,28.0,Normandie,30.0,4.0,1.0,1,1.0,28,Normandie,76,3,97,Rouen,114083,1556,115639.0,1.0,7,,0.0,1.0,1.0,1.0
202300004100,1.0,1,4,2,0.0,1.0,-1.0, -1,-1.0,1994.0,A01,2,5,2023,09:10,1,76.0,76391,2,1,1.0,6.0,Rue Frété,"49,30636700","0,95716800",,76.076391,76391,Seine-Maritime,28.0,Normandie,50.0,4.0,2.0,2,1.0,28,Normandie,76,3,9,La Londe,2362,71,2433.0,3.0,7,,8.0,0.0,2.0,1.0
202300004103,1.0,1,4,1,4.0,1.0,-1.0, -1,-1.0,1984.0,A01,30,4,2023,22:50,3,76.0,76447,1,1,1.0,2.0,RD 489,"49,54054000","0,21188000",,76.076447,76447,Seine-Maritime,28.0,Normandie,90.0,3.0,3.0,0,1.0,28,Normandie,76,2,15,Montivilliers,15457,203,15660.0,2.0,7,,0.0,2.0,1.0,2.0
202300004103,1.0,1,1,2,5.0,1.0,-1.0, -1,-1.0,1951.0,B01,30,4,2023,22:50,3,76.0,76447,1,1,1.0,2.0,RD 489,"49,54054000","0,21188000",,76.076447,76447,Seine-Maritime,28.0,Normandie,90.0,3.0,3.0,0,1.0,28,Normandie,76,2,15,Montivilliers,15457,203,15660.0,1.0,7,,0.0,2.0,4.0,2.0
202300004188,10.0,3,3,1,0.0,0.0,4.0,3,1.0,1938.0,A01,9,2,2023,10:15,1,76.0,76540,2,1,1.0,6.0,Boulevard de la Marne,"49,44649600","1,08993800",,76.076540,76540,Seine-Maritime,28.0,Normandie,30.0,7.0,2.0,2,1.0,28,Normandie,76,3,97,Rouen,114083,1556,115639.0,3.0,50,,0.0,1.0,1.0,1.0
202300004188,1.0,1,1,1,1.0,2.0,-1.0, -1,-1.0,1987.0,A01,9,2,2023,10:15,1,76.0,76540,2,1,1.0,6.0,Boulevard de la Marne,"49,44649600","1,08993800",,76.076540,76540,Seine-Maritime,28.0,Normandie,30.0,7.0,2.0,2,1.0,28,Normandie,76,3,97,Rouen,114083,1556,115639.0,3.0,50,,0.0,1.0,1.0,1.0
202300004230,2.0,2,4,2,0.0,1.0,-1.0, -1,-1.0,1988.0,A01,10,2,2023,20:20,5,76.0,76322,2,1,1.0,6.0,Boulevard Maurice Ravel,"49,41200000","1,04750000",,76.076322,76322,Seine-Maritime,28.0,Normandie,50.0,4.0,2.0,2,1.0,28,Normandie,76,3,13,LeGrand-Quevilly,25975,225,26200.0,3.0,7,,8.0,0.0,1.0,1.0
202300004230,1.0,1,4,1,5.0,1.0,-1.0, -1,-1.0,1995.0,A01,10,2,2023,20:20,5,76.0,76322,2,1,1.0,6.0,Boulevard Maurice Ravel,"49,41200000","1,04750000",,76.076322,76322,Seine-Maritime,28.0,Normandie,50.0,4.0,2.0,2,1.0,28,Normandie,76,3,13,LeGrand-Quevilly,25975,225,26200.0,3.0,7,,8.0,0.0,1.0,1.0
202300004248,1.0,1,1,2,0.0,1.0,-1.0, -1,-1.0,1949.0,B01,26,11,2023,18:35,5,76.0,76540,2,2,1.0,3.0,Rue du Renard,"49,45193000","1,06902000",,76.076540,76540,Seine-Maritime,28.0,Normandie,30.0,4.0,2.0,2,1.0,28,Normandie,76,3,97,Rouen,114083,1556,115639.0,2.0,7,,0.0,2.0,6.0,1.0
202300004248,1.0,1,4,1,4.0,8.0,-1.0, -1,-1.0,2001.0,A01,26,11,2023,18:35,5,76.0,76540,2,2,1.0,3.0,Rue du Renard,"49,45193000","1,06902000",,76.076540,76540,Seine-Maritime,28.0,Normandie,30.0,4.0,2.0,2,1.0,28,Normandie,76,3,97,Rouen,114083,1556,115639.0,0.0,1,,0.0,2.0,1.0,1.0