Num_Acc,place,catu,grav,sexe,trajet,secu,locp,actp,etatp,an_nais,num_veh,jour,mois,an,hrmn,lum,dep,com,agg,int,atm,col,adr,lat,long,gps,com_insee_temp,com_insee,departmentName,regionCode,regionName,vma,catr,circ,nbv,surf,Code,Region,Departement,Arrondissement,Code_Canton,Nom_Commune,Population_municipaLe,Population_comptee_a_part,Population_Totale,senc,catv,occutc,obs,obsm,choc,manv
202300004253,3.0,2,4,1,0.0,1.0,-1.0, -1,-1.0,2006.0,A01,25,11,2023,16:12,1,76.0,76575,1,1,1.0,3.0,Boulevard Lénine,"49,39560000","1,11170000",,76.076575,76575,Seine-Maritime,28.0,Normandie,90.0,7.0,3.0,4,1.0,28,Normandie,76,3,98,Saint-Étienne-du-Rouvray,28508,225,28733.0,3.0,7,,4.0,0.0,1.0,2.0
202300004253,4.0,2,4,2,0.0,1.0,-1.0, -1,-1.0,1995.0,A01,25,11,2023,16:12,1,76.0,76575,1,1,1.0,3.0,Boulevard Lénine,"49,39560000","1,11170000",,76.076575,76575,Seine-Maritime,28.0,Normandie,90.0,7.0,3.0,4,1.0,28,Normandie,76,3,98,Saint-Étienne-du-Rouvray,28508,225,28733.0,3.0,7,,4.0,0.0,1.0,2.0
202300004253,1.0,1,4,1,5.0,1.0,-1.0, -1,-1.0,1977.0,A01,25,11,2023,16:12,1,76.0,76575,1,1,1.0,3.0,Boulevard Lénine,"49,39560000","1,11170000",,76.076575,76575,Seine-Maritime,28.0,Normandie,90.0,7.0,3.0,4,1.0,28,Normandie,76,3,98,Saint-Étienne-du-Rouvray,28508,225,28733.0,3.0,7,,4.0,0.0,1.0,2.0
202300004253,2.0,2,4,2,0.0,1.0,-1.0, -1,-1.0,1984.0,A01,25,11,2023,16:12,1,76.0,76575,1,1,1.0,3.0,Boulevard Lénine,"49,39560000","1,11170000",,76.076575,76575,Seine-Maritime,28.0,Normandie,90.0,7.0,3.0,4,1.0,28,Normandie,76,3,98,Saint-Étienne-du-Rouvray,28508,225,28733.0,3.0,7,,4.0,0.0,1.0,2.0
202300004253,1.0,1,4,1,0.0,1.0,-1.0, -1,-1.0,2002.0,B01,25,11,2023,16:12,1,76.0,76575,1,1,1.0,3.0,Boulevard Lénine,"49,39560000","1,11170000",,76.076575,76575,Seine-Maritime,28.0,Normandie,90.0,7.0,3.0,4,1.0,28,Normandie,76,3,98,Saint-Étienne-du-Rouvray,28508,225,28733.0,3.0,7,,4.0,0.0,9.0,2.0
202300004374,2.0,2,4,1,4.0,1.0,-1.0, -1,-1.0,1980.0,B01,24,3,2023,13:30,1,76.0,76540,2,4,1.0,3.0,Route de Bonsecours,"49,43327000","1,10766000",,76.076540,76540,Seine-Maritime,28.0,Normandie,50.0,7.0,2.0,3,9.0,28,Normandie,76,3,97,Rouen,114083,1556,115639.0,1.0,7,,8.0,2.0,2.0,5.0
202300004374,1.0,1,4,1,4.0,1.0,-1.0, -1,-1.0,1974.0,B01,24,3,2023,13:30,1,76.0,76540,2,4,1.0,3.0,Route de Bonsecours,"49,43327000","1,10766000",,76.076540,76540,Seine-Maritime,28.0,Normandie,50.0,7.0,2.0,3,9.0,28,Normandie,76,3,97,Rouen,114083,1556,115639.0,1.0,7,,8.0,2.0,2.0,5.0
202300004374,5.0,2,1,2,4.0,1.0,-1.0, -1,-1.0,1991.0,A01,24,3,2023,13:30,1,76.0,76540,2,4,1.0,3.0,Route de Bonsecours,"49,43327000","1,10766000",,76.076540,76540,Seine-Maritime,28.0,Normandie,50.0,7.0,2.0,3,9.0,28,Normandie,76,3,97,Rouen,114083,1556,115639.0,1.0,37,6.0,0.0,2.0,1.0,10.0
202300004374,5.0,2,4,1,4.0,1.0,-1.0, -1,-1.0,1989.0,A01,24,3,2023,13:30,1,76.0,76540,2,4,1.0,3.0,Route de Bonsecours,"49,43327000","1,10766000",,76.076540,76540,Seine-Maritime,28.0,Normandie,50.0,7.0,2.0,3,9.0,28,Normandie,76,3,97,Rouen,114083,1556,115639.0,1.0,37,6.0,0.0,2.0,1.0,10.0
202300004374,1.0,1,1,1,4.0,1.0,-1.0, -1,-1.0,1969.0,A01,24,3,2023,13:30,1,76.0,76540,2,4,1.0,3.0,Route de Bonsecours,"49,43327000","1,10766000",,76.076540,76540,Seine-Maritime,28.0,Normandie,50.0,7.0,2.0,3,9.0,28,Normandie,76,3,97,Rouen,114083,1556,115639.0,1.0,37,6.0,0.0,2.0,1.0,10.0
202300004374,5.0,2,4,1,4.0,1.0,-1.0, -1,-1.0,1984.0,A01,24,3,2023,13:30,1,76.0,76540,2,4,1.0,3.0,Route de Bonsecours,"49,43327000","1,10766000",,76.076540,76540,Seine-Maritime,28.0,Normandie,50.0,7.0,2.0,3,9.0,28,Normandie,76,3,97,Rouen,114083,1556,115639.0,1.0,37,6.0,0.0,2.0,1.0,10.0
202300004374,5.0,2,4,1,4.0,1.0,-1.0, -1,-1.0,1966.0,A01,24,3,2023,13:30,1,76.0,76540,2,4,1.0,3.0,Route de Bonsecours,"49,43327000","1,10766000",,76.076540,76540,Seine-Maritime,28.0,Normandie,50.0,7.0,2.0,3,9.0,28,Normandie,76,3,97,Rouen,114083,1556,115639.0,1.0,37,6.0,0.0,2.0,1.0,10.0
202300004374,5.0,2,1,1,4.0,1.0,-1.0, -1,-1.0,1967.0,A01,24,3,2023,13:30,1,76.0,76540,2,4,1.0,3.0,Route de Bonsecours,"49,43327000","1,10766000",,76.076540,76540,Seine-Maritime,28.0,Normandie,50.0,7.0,2.0,3,9.0,28,Normandie,76,3,97,Rouen,114083,1556,115639.0,1.0,37,6.0,0.0,2.0,1.0,10.0
202300004457,1.0,1,3,1,1.0,1.0,0.0,0,-1.0,2000.0,B01,27,11,2023,07:57,2,76.0,76070,1,1,2.0,3.0,Route d’Ardouval,"49,72905700","1,24484500",,76.076070,76070,Seine-Maritime,28.0,Normandie,80.0,3.0,2.0,2,2.0,28,Normandie,76,1,23,Bellencombre,588,11,599.0,2.0,7,,0.0,2.0,7.0,13.0
202300004457,1.0,1,1,1,2.0,1.0,0.0,0,-1.0,1975.0,A01,27,11,2023,07:57,2,76.0,76070,1,1,2.0,3.0,Route d’Ardouval,"49,72905700","1,24484500",,76.076070,76070,Seine-Maritime,28.0,Normandie,80.0,3.0,2.0,2,2.0,28,Normandie,76,1,23,Bellencombre,588,11,599.0,1.0,7,,0.0,2.0,1.0,1.0
202300004457,9.0,2,4,1,2.0,1.0,0.0,0,-1.0,2008.0,A01,27,11,2023,07:57,2,76.0,76070,1,1,2.0,3.0,Route d’Ardouval,"49,72905700","1,24484500",,76.076070,76070,Seine-Maritime,28.0,Normandie,80.0,3.0,2.0,2,2.0,28,Normandie,76,1,23,Bellencombre,588,11,599.0,1.0,7,,0.0,2.0,1.0,1.0
202300004457,2.0,2,3,2,2.0,1.0,0.0,0,-1.0,2006.0,A01,27,11,2023,07:57,2,76.0,76070,1,1,2.0,3.0,Route d’Ardouval,"49,72905700","1,24484500",,76.076070,76070,Seine-Maritime,28.0,Normandie,80.0,3.0,2.0,2,2.0,28,Normandie,76,1,23,Bellencombre,588,11,599.0,1.0,7,,0.0,2.0,1.0,1.0
202300004830,1.0,1,1,2,0.0,1.0,-1.0, -1,-1.0,1961.0,B01,12,7,2023,17:50,1,76.0,76322,2,1,1.0,3.0,Rue Edwin Aldrin,"49,41311762","1,04867908",,76.076322,76322,Seine-Maritime,28.0,Normandie,50.0,4.0,2.0,2,1.0,28,Normandie,76,3,13,LeGrand-Quevilly,25975,225,26200.0,3.0,7,,0.0,9.0,5.0,16.0
202300004830,1.0,1,4,1,0.0,8.0,-1.0, -1,-1.0,1995.0,A01,12,7,2023,17:50,1,76.0,76322,2,1,1.0,3.0,Rue Edwin Aldrin,"49,41311762","1,04867908",,76.076322,76322,Seine-Maritime,28.0,Normandie,50.0,4.0,2.0,2,1.0,28,Normandie,76,3,13,LeGrand-Quevilly,25975,225,26200.0,3.0,50,,0.0,2.0,2.0,2.0
202300004833,1.0,1,4,2,2.0,8.0,-1.0, -1,-1.0,1995.0,A01,12,7,2023,18:50,1,76.0,76540,2,1,1.0,2.0,Boulevard Ferdinand de Lesseps,"49,44502000","1,06535000",,76.076540,76540,Seine-Maritime,28.0,Normandie,50.0,7.0,2.0,3,1.0,28,Normandie,76,3,97,Rouen,114083,1556,115639.0,0.0,33,,0.0,2.0,2.0,3.0
202300004833,1.0,1,1,1,4.0,1.0,-1.0, -1,-1.0,1999.0,B01,12,7,2023,18:50,1,76.0,76540,2,1,1.0,2.0,Boulevard Ferdinand de Lesseps,"49,44502000","1,06535000",,76.076540,76540,Seine-Maritime,28.0,Normandie,50.0,7.0,2.0,3,1.0,28,Normandie,76,3,97,Rouen,114083,1556,115639.0,0.0,10,,0.0,2.0,5.0,2.0
202300004838,1.0,1,1,1,3.0,1.0,-1.0, -1,-1.0,1965.0,A01,12,7,2023,11:00,1,76.0,76498,2,6,1.0,3.0,Place des bruyères,"49,41220000","1,07170000",,76.076498,76498,Seine-Maritime,28.0,Normandie,50.0,7.0,2.0,2,1.0,28,Normandie,76,3,27,LePetit-Quevilly,21782,274,22056.0,1.0,7,,0.0,0.0,1.0,26.0
202300004838,1.0,1,4,1,1.0,8.0,-1.0, -1,-1.0,1999.0,B01,12,7,2023,11:00,1,76.0,76498,2,6,1.0,3.0,Place des bruyères,"49,41220000","1,07170000",,76.076498,76498,Seine-Maritime,28.0,Normandie,50.0,7.0,2.0,2,1.0,28,Normandie,76,3,27,LePetit-Quevilly,21782,274,22056.0,1.0,80,,9.0,2.0,7.0,19.0
202300004843,1.0,1,1,2,0.0,1.0,-1.0, -1,-1.0,2003.0,A01,11,7,2023,16:25,1,76.0,76351,2,2,1.0,3.0,GRAVILLE (BD DE),"49,49623400","0,14676900",,76.076351,76351,Seine-Maritime,28.0,Normandie,50.0,4.0,3.0,5,1.0,28,Normandie,76,2,96,LeHavre,166058,1780,167838.0,0.0,7,,0.0,2.0,5.0,15.0
202300004843,1.0,1,4,1,0.0,2.0,-1.0, -1,-1.0,1997.0,B01,11,7,2023,16:25,1,76.0,76351,2,2,1.0,3.0,GRAVILLE (BD DE),"49,49623400","0,14676900",,76.076351,76351,Seine-Maritime,28.0,Normandie,50.0,4.0,3.0,5,1.0,28,Normandie,76,2,96,LeHavre,166058,1780,167838.0,0.0,33,,0.0,2.0,1.0,1.0
202300004846,1.0,1,1,2,0.0,1.0,-1.0, -1,-1.0,1976.0,B01,8,7,2023,20:45,1,76.0,76351,2,2,1.0,3.0,PIERRE LOTI,"49,50578000","0,14843000",,76.076351,76351,Seine-Maritime,28.0,Normandie,50.0,4.0,2.0,2,1.0,28,Normandie,76,2,96,LeHavre,166058,1780,167838.0,0.0,7,,0.0,2.0,1.0,1.0
202300004846,1.0,1,3,1,0.0,2.0,-1.0, -1,-1.0,1995.0,A01,8,7,2023,20:45,1,76.0,76351,2,2,1.0,3.0,PIERRE LOTI,"49,50578000","0,14843000",,76.076351,76351,Seine-Maritime,28.0,Normandie,50.0,4.0,2.0,2,1.0,28,Normandie,76,2,96,LeHavre,166058,1780,167838.0,0.0,30,,0.0,2.0,3.0,1.0
202300004851,2.0,2,4,2,4.0,1.0,0.0,0,-1.0,2003.0,B01,24,3,2023,23:30,3,76.0,76151,1,1,6.0,2.0,Route Departementale 20,"49,84405100","0,72729700",,76.076151,76151,Seine-Maritime,28.0,Normandie,80.0,3.0,2.0,2,1.0,28,Normandie,76,1,33,CaillevilLe252,7,259,,1.0,7,,0.0,2.0,4.0,2.0
202300004851,1.0,1,4,1,4.0,1.0,0.0,0,-1.0,1995.0,B01,24,3,2023,23:30,3,76.0,76151,1,1,6.0,2.0,Route Departementale 20,"49,84405100","0,72729700",,76.076151,76151,Seine-Maritime,28.0,Normandie,80.0,3.0,2.0,2,1.0,28,Normandie,76,1,33,CaillevilLe252,7,259,,1.0,7,,0.0,2.0,4.0,2.0
202300004851,1.0,1,4,1,0.0,1.0,0.0,0,-1.0,1998.0,A01,24,3,2023,23:30,3,76.0,76151,1,1,6.0,2.0,Route Departementale 20,"49,84405100","0,72729700",,76.076151,76151,Seine-Maritime,28.0,Normandie,80.0,3.0,2.0,2,1.0,28,Normandie,76,1,33,CaillevilLe252,7,259,,1.0,7,,1.0,0.0,1.0,2.0
202300004890,1.0,1,3,1,3.0,1.0,0.0,0,-1.0,1956.0,B01,7,6,2023,17:15,1,76.0,76281,1,2,1.0,3.0,D484,"49,52480400","0,58180300",,76.076281,76281,Seine-Maritime,28.0,Normandie,80.0,3.0,2.0,0,1.0,28,Normandie,76,2,25,La Frénaye,2081,44,2125.0,2.0,7,,0.0,2.0,2.0,1.0
202300004890,1.0,1,3,1,5.0,1.0,0.0,0,-1.0,1963.0,A01,7,6,2023,17:15,1,76.0,76281,1,2,1.0,3.0,D484,"49,52480400","0,58180300",,76.076281,76281,Seine-Maritime,28.0,Normandie,80.0,3.0,2.0,0,1.0,28,Normandie,76,2,25,La Frénaye,2081,44,2125.0,1.0,7,,0.0,2.0,3.0,19.0
202300005329,1.0,1,3,1,5.0,2.0,-1.0, -1,-1.0,2002.0,A01,17,8,2023,14:00,1,76.0,76231,1,1,1.0,7.0,Rue de la Forêt d'Elbeuf,"49,25863000","1,01032000",,76.076231,76231,Seine-Maritime,28.0,Normandie,80.0,4.0,2.0,2,1.0,28,Normandie,76,3,9,Elbeuf,15951,138,16089.0,3.0,33,,0.0,0.0,1.0,26.0
202300005330,1.0,1,1,2,0.0,8.0,-1.0, -1,-1.0,1966.0,A01,16,8,2023,16:00,1,76.0,76108,2,3,1.0,2.0,Route de Neufchâtel,"49,45595000","1,10710000",,76.076108,76108,Seine-Maritime,28.0,Normandie,50.0,7.0,2.0,2,1.0,28,Normandie,76,3,2,Bois-Guillaume,14262,361,14623.0,0.0,7,,0.0,2.0,1.0,2.0
202300005330,1.0,1,1,1,9.0,1.0,-1.0, -1,-1.0,1969.0,B01,16,8,2023,16:00,1,76.0,76108,2,3,1.0,2.0,Route de Neufchâtel,"49,45595000","1,10710000",,76.076108,76108,Seine-Maritime,28.0,Normandie,50.0,7.0,2.0,2,1.0,28,Normandie,76,3,2,Bois-Guillaume,14262,361,14623.0,0.0,7,,0.0,2.0,4.0,2.0
202300005330,2.0,2,4,2,0.0,1.0,-1.0, -1,-1.0,1973.0,B01,16,8,2023,16:00,1,76.0,76108,2,3,1.0,2.0,Route de Neufchâtel,"49,45595000","1,10710000",,76.076108,76108,Seine-Maritime,28.0,Normandie,50.0,7.0,2.0,2,1.0,28,Normandie,76,3,2,Bois-Guillaume,14262,361,14623.0,0.0,7,,0.0,2.0,4.0,2.0
202300005330,4.0,2,4,2,9.0,1.0,-1.0, -1,-1.0,2008.0,B01,16,8,2023,16:00,1,76.0,76108,2,3,1.0,2.0,Route de Neufchâtel,"49,45595000","1,10710000",,76.076108,76108,Seine-Maritime,28.0,Normandie,50.0,7.0,2.0,2,1.0,28,Normandie,76,3,2,Bois-Guillaume,14262,361,14623.0,0.0,7,,0.0,2.0,4.0,2.0
202300005331,1.0,1,3,1,0.0,2.0,-1.0, -1,-1.0,1987.0,A01,18,8,2023,21:00,5,76.0,76447,1,1,1.0,7.0,LA LEZARDE (CENTRE COMMERCIAL),"49,52640000","0,18986000",,76.076447,76447,Seine-Maritime,28.0,Normandie,-1.0,6.0,4.0,2,1.0,28,Normandie,76,2,15,Montivilliers,15457,203,15660.0,0.0,33,,0.0,0.0,0.0,1.0
202300005332,1.0,1,1,1,5.0,1.0,-1.0, -1,-1.0,1961.0,A01,16,8,2023,23:00,5,76.0,76447,2,1,1.0,2.0,PIERRE MENDES FRANCE,"49,53016000","0,18137000",,76.076447,76447,Seine-Maritime,28.0,Normandie,50.0,3.0,2.0,2,1.0,28,Normandie,76,2,15,Montivilliers,15457,203,15660.0,1.0,10,,0.0,2.0,6.0,9.0
202300005332,1.0,1,3,1,5.0,2.0,-1.0, -1,-1.0,1984.0,B01,16,8,2023,23:00,5,76.0,76447,2,1,1.0,2.0,PIERRE MENDES FRANCE,"49,53016000","0,18137000",,76.076447,76447,Seine-Maritime,28.0,Normandie,50.0,3.0,2.0,2,1.0,28,Normandie,76,2,15,Montivilliers,15457,203,15660.0,1.0,33,,0.0,2.0,1.0,1.0
202300005333,10.0,3,4,1,5.0,8.0,5.0,B,2.0,2017.0,A01,15,8,2023,00:45,5,76.0,76351,2,1,1.0,6.0,REPUBLIQUE (COURS DE LA),"49,49278400","0,12428100",,76.076351,76351,Seine-Maritime,28.0,Normandie,50.0,4.0,2.0,4,1.0,28,Normandie,76,2,96,LeHavre,166058,1780,167838.0,0.0,50,,0.0,1.0,1.0,1.0
202300005333,1.0,1,1,-1,-1.0,-1.0,-1.0, -1,-1.0,,A01,15,8,2023,00:45,5,76.0,76351,2,1,1.0,6.0,REPUBLIQUE (COURS DE LA),"49,49278400","0,12428100",,76.076351,76351,Seine-Maritime,28.0,Normandie,50.0,4.0,2.0,4,1.0,28,Normandie,76,2,96,LeHavre,166058,1780,167838.0,0.0,50,,0.0,1.0,1.0,1.0
202300005334,1.0,1,1,2,5.0,1.0,-1.0, -1,-1.0,1971.0,A01,18,8,2023,13:10,1,76.0,76545,2,6,8.0,3.0,BOURBON (COURS),"49,91525000","1,09436000",,76.076545,76545,Seine-Maritime,28.0,Normandie,50.0,4.0,3.0,1,2.0,28,Normandie,76,1,7,Rouxmesnil-BouteilLes1814,33,1847,,3.0,7,,0.0,2.0,0.0,0.0
202300005334,1.0,1,4,1,5.0,2.0,-1.0, -1,-1.0,1968.0,B01,18,8,2023,13:10,1,76.0,76545,2,6,8.0,3.0,BOURBON (COURS),"49,91525000","1,09436000",,76.076545,76545,Seine-Maritime,28.0,Normandie,50.0,4.0,3.0,1,2.0,28,Normandie,76,1,7,Rouxmesnil-BouteilLes1814,33,1847,,3.0,1,,0.0,2.0,4.0,15.0
202300005335,1.0,1,4,1,0.0,2.0,-1.0, -1,-1.0,1984.0,A01,17,8,2023,19:45,1,76.0,76114,2,1,1.0,6.0,SOREUIL CHARLES (RUE),"49,57892000","0,47841000",,76.076114,76114,Seine-Maritime,28.0,Normandie,30.0,4.0,1.0,1,9.0,28,Normandie,76,2,3,Bolbec,11635,147,11782.0,1.0,30,,14.0,0.0,1.0,5.0
202300005579,3.0,2,4,1,0.0,8.0,-1.0, -1,-1.0,2013.0,B01,23,10,2023,21:00,3,76.0,76157,1,1,2.0,1.0,Route de Sahurs,"49,42908000","1,01053000",,76.076157,76157,Seine-Maritime,28.0,Normandie,70.0,7.0,2.0,2,2.0,28,Normandie,76,3,4,Canteleu,13966,360,14326.0,0.0,7,,0.0,2.0,1.0,1.0
202300005579,2.0,2,1,1,0.0,8.0,-1.0, -1,-1.0,2009.0,B01,23,10,2023,21:00,3,76.0,76157,1,1,2.0,1.0,Route de Sahurs,"49,42908000","1,01053000",,76.076157,76157,Seine-Maritime,28.0,Normandie,70.0,7.0,2.0,2,2.0,28,Normandie,76,3,4,Canteleu,13966,360,14326.0,0.0,7,,0.0,2.0,1.0,1.0
202300005579,1.0,1,4,1,0.0,8.0,-1.0, -1,-1.0,1974.0,B01,23,10,2023,21:00,3,76.0,76157,1,1,2.0,1.0,Route de Sahurs,"49,42908000","1,01053000",,76.076157,76157,Seine-Maritime,28.0,Normandie,70.0,7.0,2.0,2,2.0,28,Normandie,76,3,4,Canteleu,13966,360,14326.0,0.0,7,,0.0,2.0,1.0,1.0
202300005579,1.0,1,4,1,0.0,8.0,-1.0, -1,-1.0,2003.0,A01,23,10,2023,21:00,3,76.0,76157,1,1,2.0,1.0,Route de Sahurs,"49,42908000","1,01053000",,76.076157,76157,Seine-Maritime,28.0,Normandie,70.0,7.0,2.0,2,2.0,28,Normandie,76,3,4,Canteleu,13966,360,14326.0,0.0,7,,0.0,2.0,1.0,13.0
202300005579,5.0,2,4,1,0.0,1.0,-1.0, -1,-1.0,2004.0,A01,23,10,2023,21:00,3,76.0,76157,1,1,2.0,1.0,Route de Sahurs,"49,42908000","1,01053000",,76.076157,76157,Seine-Maritime,28.0,Normandie,70.0,7.0,2.0,2,2.0,28,Normandie,76,3,4,Canteleu,13966,360,14326.0,0.0,7,,0.0,2.0,1.0,13.0
202300005579,2.0,2,4,1,0.0,8.0,-1.0, -1,-1.0,2004.0,A01,23,10,2023,21:00,3,76.0,76157,1,1,2.0,1.0,Route de Sahurs,"49,42908000","1,01053000",,76.076157,76157,Seine-Maritime,28.0,Normandie,70.0,7.0,2.0,2,2.0,28,Normandie,76,3,4,Canteleu,13966,360,14326.0,0.0,7,,0.0,2.0,1.0,13.0
202300005582,10.0,3,4,1,0.0,0.0,9.0,3,1.0,1978.0,A01,23,10,2023,15:30,1,76.0,76540,2,2,2.0,6.0,Rue François Arago,"49,43455000","1,08776000",,76.076540,76540,Seine-Maritime,28.0,Normandie,30.0,4.0,2.0,2,2.0,28,Normandie,76,3,97,Rouen,114083,1556,115639.0,1.0,7,,0.0,1.0,1.0,1.0
202300005582,1.0,1,1,2,0.0,1.0,-1.0, -1,-1.0,1975.0,A01,23,10,2023,15:30,1,76.0,76540,2,2,2.0,6.0,Rue François Arago,"49,43455000","1,08776000",,76.076540,76540,Seine-Maritime,28.0,Normandie,30.0,4.0,2.0,2,2.0,28,Normandie,76,3,97,Rouen,114083,1556,115639.0,1.0,7,,0.0,1.0,1.0,1.0
202300005585,1.0,1,3,1,5.0,1.0,-1.0, -1,-1.0,1970.0,A01,21,10,2023,12:20,1,76.0,76447,1,1,2.0,7.0,OCTEVILLE (ROUTE D'),"49,54799696","0,16417980",,76.076447,76447,Seine-Maritime,28.0,Normandie,70.0,3.0,2.0,2,2.0,28,Normandie,76,2,15,Montivilliers,15457,203,15660.0,2.0,7,,0.0,2.0,0.0,1.0
202300005589,1.0,1,4,2,0.0,2.0,-1.0, -1,-1.0,1989.0,B01,22,10,2023,18:20,1,76.0,76351,2,3,1.0,3.0,ACACIAS (DES),"49,50810000","0,13840000",,76.076351,76351,Seine-Maritime,28.0,Normandie,50.0,4.0,2.0,2,1.0,28,Normandie,76,2,96,LeHavre,166058,1780,167838.0,1.0,1,,0.0,2.0,8.0,1.0
202300005589,2.0,2,3,1,5.0,3.0,-1.0, -1,-1.0,2021.0,B01,22,10,2023,18:20,1,76.0,76351,2,3,1.0,3.0,ACACIAS (DES),"49,50810000","0,13840000",,76.076351,76351,Seine-Maritime,28.0,Normandie,50.0,4.0,2.0,2,1.0,28,Normandie,76,2,96,LeHavre,166058,1780,167838.0,1.0,1,,0.0,2.0,8.0,1.0
202300005589,1.0,1,1,2,5.0,1.0,-1.0, -1,-1.0,1969.0,A01,22,10,2023,18:20,1,76.0,76351,2,3,1.0,3.0,ACACIAS (DES),"49,50810000","0,13840000",,76.076351,76351,Seine-Maritime,28.0,Normandie,50.0,4.0,2.0,2,1.0,28,Normandie,76,2,96,LeHavre,166058,1780,167838.0,2.0,7,,0.0,2.0,1.0,15.0
202300005592,1.0,1,1,1,0.0,1.0,0.0,0,-1.0,1979.0,A01,15,10,2023,12:00,1,76.0,76217,2,2,1.0,6.0,BLD DU MARECHAL JOFFRE,"49,92201000","1,07685000",,76.076217,76217,Seine-Maritime,28.0,Normandie,-1.0,4.0,-1.0, -1,1.0,28,Normandie,76,1,95,Dieppe,28358,455,28813.0,3.0,7,,0.0,1.0,0.0,0.0
202300005592,10.0,3,3,2,0.0,8.0,3.0,3,1.0,1955.0,A01,15,10,2023,12:00,1,76.0,76217,2,2,1.0,6.0,BLD DU MARECHAL JOFFRE,"49,92201000","1,07685000",,76.076217,76217,Seine-Maritime,28.0,Normandie,-1.0,4.0,-1.0, -1,1.0,28,Normandie,76,1,95,Dieppe,28358,455,28813.0,3.0,7,,0.0,1.0,0.0,0.0
202300005628,1.0,1,4,2,0.0,1.0,-1.0, -1,-1.0,1966.0,B01,16,6,2023,07:10,2,76.0,76540,2,3,1.0,3.0,Quai de Boisguilbert,"49,44410107","1,07201242",,76.076540,76540,Seine-Maritime,28.0,Normandie,50.0,7.0,2.0,2,1.0,28,Normandie,76,3,97,Rouen,114083,1556,115639.0,0.0,7,,0.0,2.0,1.0,1.0
202300005628,1.0,1,4,1,0.0,1.0,-1.0, -1,-1.0,1999.0,A01,16,6,2023,07:10,2,76.0,76540,2,3,1.0,3.0,Quai de Boisguilbert,"49,44410107","1,07201242",,76.076540,76540,Seine-Maritime,28.0,Normandie,50.0,7.0,2.0,2,1.0,28,Normandie,76,3,97,Rouen,114083,1556,115639.0,0.0,7,,0.0,2.0,3.0,1.0
202300005696,1.0,1,4,1,2.0,2.0,0.0,0,-1.0,2009.0,A01,24,10,2023,15:45,1,76.0,76168,1,1,1.0,2.0,D100 - route de la voie romaine,"49,77066700","1,14759400",,76.076168,76168,Seine-Maritime,28.0,Normandie,80.0,3.0,2.0,2,1.0,28,Normandie,76,1,20,Les Cent-Acres,66,1,67.0,1.0,2,,0.0,2.0,1.0,2.0
202300005696,1.0,1,1,1,2.0,2.0,0.0,0,-1.0,2008.0,B01,24,10,2023,15:45,1,76.0,76168,1,1,1.0,2.0,D100 - route de la voie romaine,"49,77066700","1,14759400",,76.076168,76168,Seine-Maritime,28.0,Normandie,80.0,3.0,2.0,2,1.0,28,Normandie,76,1,20,Les Cent-Acres,66,1,67.0,1.0,2,,0.0,0.0,4.0,2.0
202300005716,1.0,1,3,1,1.0,2.0,0.0,0,-1.0,1964.0,A01,24,10,2023,05:40,5,76.0,76489,1,1,1.0,2.0,"RN 1029, PK 004.800, Viaduc du grand canal","49,45551600","0,27195500",,76.076489,76489,Seine-Maritime,28.0,Normandie,90.0,2.0,3.0,2,1.0,28,Normandie,76,2,32,OudalLe479,12,491,,1.0,43,,3.0,2.0,1.0,1.0
202300005716,1.0,1,1,1,4.0,1.0,0.0,0,-1.0,1990.0,B01,24,10,2023,05:40,5,76.0,76489,1,1,1.0,2.0,"RN 1029, PK 004.800, Viaduc du grand canal","49,45551600","0,27195500",,76.076489,76489,Seine-Maritime,28.0,Normandie,90.0,2.0,3.0,2,1.0,28,Normandie,76,2,32,OudalLe479,12,491,,1.0,15,,0.0,2.0,6.0,1.0
202300005768,1.0,1,1,2,0.0,1.0,-1.0, -1,-1.0,1965.0,A01,22,10,2023,19:20,4,76.0,76599,2,6,1.0,1.0,Route de Lyons,"49,43524000","1,14633000",,76.076599,76599,Seine-Maritime,28.0,Normandie,50.0,7.0,2.0,2,1.0,28,Normandie,76,3,6,Saint-Léger-du-Bourg-Denis,3641,42,3683.0,0.0,7,,0.0,2.0,1.0,1.0
202300005768,1.0,1,4,2,0.0,1.0,-1.0, -1,-1.0,1956.0,B01,22,10,2023,19:20,4,76.0,76599,2,6,1.0,1.0,Route de Lyons,"49,43524000","1,14633000",,76.076599,76599,Seine-Maritime,28.0,Normandie,50.0,7.0,2.0,2,1.0,28,Normandie,76,3,6,Saint-Léger-du-Bourg-Denis,3641,42,3683.0,1.0,7,,0.0,2.0,1.0,1.0
202300005815,1.0,1,1,1,1.0,1.0,-1.0, -1,-1.0,1969.0,A01,9,2,2023,19:40,5,76.0,76498,2,1,1.0,6.0,Avenue Jean Jaurès,"49,42716000","1,06461000",,76.076498,76498,Seine-Maritime,28.0,Normandie,50.0,7.0,2.0,2,1.0,28,Normandie,76,3,27,LePetit-Quevilly,21782,274,22056.0,1.0,7,,1.0,0.0,2.0,1.0