Num_Acc,place,catu,grav,sexe,trajet,secu,locp,actp,etatp,an_nais,num_veh,jour,mois,an,hrmn,lum,dep,com,agg,int,atm,col,adr,lat,long,gps,com_insee_temp,com_insee,departmentName,regionCode,regionName,vma,catr,circ,nbv,surf,Code,Region,Departement,Arrondissement,Code_Canton,Nom_Commune,Population_municipaLe,Population_comptee_a_part,Population_Totale,senc,catv,occutc,obs,obsm,choc,manv
202300007775,10.0,3,4,2,2.0,0.0,3.0,3,2.0,2014.0,A01,8,2,2023,09:30,1,76.0,76108,2,6,7.0,6.0,Chemin de la Breteque,"49,47877000","1,11294000",,76.076108,76108,Seine-Maritime,28.0,Normandie,30.0,4.0,2.0,2,1.0,28,Normandie,76,3,2,Bois-Guillaume,14262,361,14623.0,3.0,7,,0.0,1.0,2.0,16.0
202300007776,10.0,3,3,1,0.0,0.0,2.0,3,1.0,2013.0,A01,7,2,2023,13:25,1,76.0,76351,2,1,1.0,6.0,VERDUN (RUE DE),"49,50254000","0,17239000",,76.076351,76351,Seine-Maritime,28.0,Normandie,50.0,4.0,2.0,2,1.0,28,Normandie,76,2,96,LeHavre,166058,1780,167838.0,0.0,7,,0.0,1.0,0.0,1.0
202300007776,1.0,1,1,1,5.0,1.0,-1.0, -1,-1.0,1947.0,A01,7,2,2023,13:25,1,76.0,76351,2,1,1.0,6.0,VERDUN (RUE DE),"49,50254000","0,17239000",,76.076351,76351,Seine-Maritime,28.0,Normandie,50.0,4.0,2.0,2,1.0,28,Normandie,76,2,96,LeHavre,166058,1780,167838.0,0.0,7,,0.0,1.0,0.0,1.0
202300007777,1.0,1,4,1,5.0,1.0,-1.0, -1,-1.0,1970.0,A01,8,2,2023,09:50,1,76.0,76026,2,7,1.0,6.0,LEON BAUDELOT (PLACE),"49,88000000","1,12000000",,76.076026,76026,Seine-Maritime,28.0,Normandie,30.0,4.0,1.0,1,1.0,28,Normandie,76,1,8,Arques-la-BatailLe2480,44,2524,,3.0,7,,9.0,0.0,3.0,5.0
202300007854,1.0,1,3,1,5.0,1.0,0.0,0,-1.0,1962.0,A01,9,2,2023,17:54,2,76.0,76136,2,1,1.0,6.0,route de la mer,"49,81467800","0,95076400",,76.076136,76136,Seine-Maritime,28.0,Normandie,50.0,3.0,2.0,2,1.0,28,Normandie,76,1,20,Brachy,687,12,699.0,0.0,10,,15.0,0.0,1.0,0.0
202300008011,1.0,1,1,1,5.0,1.0,0.0,0,-1.0,1948.0,A01,30,4,2023,17:10,1,76.0,76001,2,1,1.0,6.0,9 Rue du Docteur Patenotre,"49,59630600","0,67633500",,76.076001,76001,Seine-Maritime,28.0,Normandie,50.0,3.0,2.0,2,1.0,28,Normandie,76,3,35,Allouville-Bellefosse,1150,19,1169.0,1.0,7,,1.0,1.0,2.0,1.0
202300008011,10.0,3,4,1,5.0,0.0,6.0,A,2.0,1996.0,A01,30,4,2023,17:10,1,76.0,76001,2,1,1.0,6.0,9 Rue du Docteur Patenotre,"49,59630600","0,67633500",,76.076001,76001,Seine-Maritime,28.0,Normandie,50.0,3.0,2.0,2,1.0,28,Normandie,76,3,35,Allouville-Bellefosse,1150,19,1169.0,1.0,7,,1.0,1.0,2.0,1.0
202300008149,7.0,2,4,2,5.0,1.0,0.0,0,-1.0,2005.0,A01,4,6,2023,19:00,1,76.0,76610,1,6,1.0,4.0,D131e,"49,62521438","0,78907907",,76.076610,76610,Seine-Maritime,28.0,Normandie,80.0,3.0,2.0,3,1.0,28,Normandie,76,3,35,Sainte-Marie-des-Champs,1579,13,1592.0,2.0,7,,0.0,0.0,4.0,23.0
202300008149,2.0,2,4,2,5.0,1.0,0.0,0,-1.0,1979.0,A01,4,6,2023,19:00,1,76.0,76610,1,6,1.0,4.0,D131e,"49,62521438","0,78907907",,76.076610,76610,Seine-Maritime,28.0,Normandie,80.0,3.0,2.0,3,1.0,28,Normandie,76,3,35,Sainte-Marie-des-Champs,1579,13,1592.0,2.0,7,,0.0,0.0,4.0,23.0
202300008149,1.0,1,1,1,5.0,1.0,0.0,0,-1.0,1966.0,A01,4,6,2023,19:00,1,76.0,76610,1,6,1.0,4.0,D131e,"49,62521438","0,78907907",,76.076610,76610,Seine-Maritime,28.0,Normandie,80.0,3.0,2.0,3,1.0,28,Normandie,76,3,35,Sainte-Marie-des-Champs,1579,13,1592.0,2.0,7,,0.0,0.0,4.0,23.0
202300008149,1.0,1,3,2,5.0,1.0,0.0,0,-1.0,1976.0,C01,4,6,2023,19:00,1,76.0,76610,1,6,1.0,4.0,D131e,"49,62521438","0,78907907",,76.076610,76610,Seine-Maritime,28.0,Normandie,80.0,3.0,2.0,3,1.0,28,Normandie,76,3,35,Sainte-Marie-des-Champs,1579,13,1592.0,2.0,7,,0.0,2.0,1.0,2.0
202300008149,1.0,1,1,1,5.0,1.0,0.0,0,-1.0,1972.0,B01,4,6,2023,19:00,1,76.0,76610,1,6,1.0,4.0,D131e,"49,62521438","0,78907907",,76.076610,76610,Seine-Maritime,28.0,Normandie,80.0,3.0,2.0,3,1.0,28,Normandie,76,3,35,Sainte-Marie-des-Champs,1579,13,1592.0,2.0,7,,0.0,2.0,4.0,23.0
202300008357,1.0,1,4,1,5.0,2.0,0.0,0,-1.0,1958.0,A01,25,11,2023,15:30,1,76.0,76304,2,1,1.0,7.0,Route de Goderville,"49,65206600","0,43263200",,76.076304,76304,Seine-Maritime,28.0,Normandie,30.0,3.0,2.0,2,1.0,28,Normandie,76,2,32,Gonfreville-Caillot,390,6,396.0,1.0,2,,0.0,0.0,8.0,1.0
202300008620,1.0,1,4,2,5.0,8.0,-1.0, -1,-1.0,1987.0,A01,30,12,2023,17:30,5,76.0,76351,2,6,3.0,7.0,MICHEL FERE (QUAI),"49,48928000","0,11114000",,76.076351,76351,Seine-Maritime,28.0,Normandie,50.0,4.0,2.0,1,2.0,28,Normandie,76,2,96,LeHavre,166058,1780,167838.0,2.0,50,,0.0,0.0,0.0,1.0
202300008626,1.0,1,4,1,0.0,2.0,-1.0, -1,-1.0,1954.0,A01,31,12,2023,06:43,5,76.0,76341,2,6,3.0,7.0,BELLEVUE,"49,51192000","0,19938000",,76.076341,76341,Seine-Maritime,28.0,Normandie,50.0,3.0,2.0,2,2.0,28,Normandie,76,2,15,Harfleur,8315,53,8368.0,3.0,1,,0.0,0.0,7.0,1.0
202300008634,1.0,1,1,1,0.0,1.0,-1.0, -1,-1.0,1938.0,A01,30,12,2023,08:00,2,76.0,76447,2,6,1.0,3.0,RD 31,"49,54715000","0,18896000",,76.076447,76447,Seine-Maritime,28.0,Normandie,50.0,3.0,-1.0,2,1.0,28,Normandie,76,2,15,Montivilliers,15457,203,15660.0,0.0,7,,0.0,2.0,1.0,16.0
202300008634,1.0,1,4,1,0.0,2.0,-1.0, -1,-1.0,1965.0,B01,30,12,2023,08:00,2,76.0,76447,2,6,1.0,3.0,RD 31,"49,54715000","0,18896000",,76.076447,76447,Seine-Maritime,28.0,Normandie,50.0,3.0,-1.0,2,1.0,28,Normandie,76,2,15,Montivilliers,15457,203,15660.0,0.0,1,,0.0,2.0,7.0,2.0
202300008641,1.0,1,1,1,0.0,1.0,-1.0, -1,-1.0,1974.0,A01,30,12,2023,17:30,5,76.0,76351,2,3,1.0,6.0,VOLTAIRE,"49,48999000","0,10355000",,76.076351,76351,Seine-Maritime,28.0,Normandie,50.0,4.0,2.0,1,1.0,28,Normandie,76,2,96,LeHavre,166058,1780,167838.0,2.0,7,,0.0,1.0,3.0,1.0
202300008641,10.0,3,4,1,5.0,0.0,3.0,3,1.0,2009.0,A01,30,12,2023,17:30,5,76.0,76351,2,3,1.0,6.0,VOLTAIRE,"49,48999000","0,10355000",,76.076351,76351,Seine-Maritime,28.0,Normandie,50.0,4.0,2.0,1,1.0,28,Normandie,76,2,96,LeHavre,166058,1780,167838.0,2.0,7,,0.0,1.0,3.0,1.0
202300008653,2.0,2,4,1,5.0,1.0,0.0,0,-1.0,2003.0,A01,11,7,2023,02:45,3,76.0,76360,1,1,1.0,6.0,Rue du Pont Rouge,"49,75136000","1,09905000",,76.076360,76360,Seine-Maritime,28.0,Normandie,80.0,3.0,2.0,2,1.0,28,Normandie,76,1,20,Heugleville-sur-Scie,648,9,657.0,2.0,7,,0.0,0.0,2.0,1.0
202300008653,7.0,2,4,2,5.0,1.0,0.0,0,-1.0,2005.0,A01,11,7,2023,02:45,3,76.0,76360,1,1,1.0,6.0,Rue du Pont Rouge,"49,75136000","1,09905000",,76.076360,76360,Seine-Maritime,28.0,Normandie,80.0,3.0,2.0,2,1.0,28,Normandie,76,1,20,Heugleville-sur-Scie,648,9,657.0,2.0,7,,0.0,0.0,2.0,1.0
202300008653,9.0,2,4,2,9.0,1.0,0.0,0,-1.0,2003.0,A01,11,7,2023,02:45,3,76.0,76360,1,1,1.0,6.0,Rue du Pont Rouge,"49,75136000","1,09905000",,76.076360,76360,Seine-Maritime,28.0,Normandie,80.0,3.0,2.0,2,1.0,28,Normandie,76,1,20,Heugleville-sur-Scie,648,9,657.0,2.0,7,,0.0,0.0,2.0,1.0
202300008653,1.0,1,3,1,5.0,1.0,0.0,0,-1.0,2002.0,A01,11,7,2023,02:45,3,76.0,76360,1,1,1.0,6.0,Rue du Pont Rouge,"49,75136000","1,09905000",,76.076360,76360,Seine-Maritime,28.0,Normandie,80.0,3.0,2.0,2,1.0,28,Normandie,76,1,20,Heugleville-sur-Scie,648,9,657.0,2.0,7,,0.0,0.0,2.0,1.0
202300008735,2.0,2,4,1,0.0,1.0,-1.0, -1,-1.0,1940.0,B01,21,11,2023,11:30,1,76.0,76447,2,2,2.0,3.0,FAUBOURG ASSIQUET,"49,54702900","0,19570500",,76.076447,76447,Seine-Maritime,28.0,Normandie,-1.0,3.0,1.0, -1,2.0,28,Normandie,76,2,15,Montivilliers,15457,203,15660.0,1.0,7,,0.0,2.0,1.0,1.0
202300008735,1.0,1,4,2,0.0,1.0,-1.0, -1,-1.0,1948.0,B01,21,11,2023,11:30,1,76.0,76447,2,2,2.0,3.0,FAUBOURG ASSIQUET,"49,54702900","0,19570500",,76.076447,76447,Seine-Maritime,28.0,Normandie,-1.0,3.0,1.0, -1,2.0,28,Normandie,76,2,15,Montivilliers,15457,203,15660.0,1.0,7,,0.0,2.0,1.0,1.0
202300008735,1.0,1,1,1,4.0,1.0,-1.0, -1,-1.0,2000.0,A01,21,11,2023,11:30,1,76.0,76447,2,2,2.0,3.0,FAUBOURG ASSIQUET,"49,54702900","0,19570500",,76.076447,76447,Seine-Maritime,28.0,Normandie,-1.0,3.0,1.0, -1,2.0,28,Normandie,76,2,15,Montivilliers,15457,203,15660.0,1.0,10,,0.0,2.0,7.0,1.0
202300009032,1.0,1,1,2,5.0,1.0,-1.0, -1,-1.0,1947.0,A01,30,12,2023,20:15,5,76.0,76259,2,3,1.0,1.0,LEBORGNE ( RUE CHARLES),"49,75600000","0,37600000",,76.076259,76259,Seine-Maritime,28.0,Normandie,30.0,4.0,2.0,2,1.0,28,Normandie,76,2,11,Fécamp,18016,269,18285.0,2.0,7,,0.0,2.0,1.0,15.0
202300009032,1.0,1,3,1,5.0,2.0,-1.0, -1,-1.0,2004.0,B01,30,12,2023,20:15,5,76.0,76259,2,3,1.0,1.0,LEBORGNE ( RUE CHARLES),"49,75600000","0,37600000",,76.076259,76259,Seine-Maritime,28.0,Normandie,30.0,4.0,2.0,2,1.0,28,Normandie,76,2,11,Fécamp,18016,269,18285.0,1.0,30,,0.0,2.0,1.0,1.0
202300009051,1.0,1,3,1,5.0,2.0,0.0,0,-1.0,2002.0,A01,22,3,2023,13:00,1,76.0,76315,1,2,2.0,3.0,Départementale 71,"49,73882259","0,68840504",,76.076315,76315,Seine-Maritime,28.0,Normandie,80.0,3.0,2.0,2,2.0,28,Normandie,76,1,33,Grainville-la-Teinturière,1072,18,1090.0,1.0,2,,0.0,2.0,2.0,2.0
202300009051,1.0,1,1,2,5.0,1.0,0.0,0,-1.0,1998.0,B01,22,3,2023,13:00,1,76.0,76315,1,2,2.0,3.0,Départementale 71,"49,73882259","0,68840504",,76.076315,76315,Seine-Maritime,28.0,Normandie,80.0,3.0,2.0,2,2.0,28,Normandie,76,1,33,Grainville-la-Teinturière,1072,18,1090.0,1.0,7,,0.0,2.0,3.0,1.0
202300009232,1.0,1,1,2,0.0,1.0,-1.0, -1,-1.0,1981.0,A01,18,3,2023,07:40,2,76.0,76351,2,1,2.0,6.0,HUIT MAI 1945 (AVENUE DU),"49,51576000","0,17093000",,76.076351,76351,Seine-Maritime,28.0,Normandie,50.0,4.0,1.0,1,2.0,28,Normandie,76,2,96,LeHavre,166058,1780,167838.0,1.0,7,,0.0,1.0,2.0,1.0
202300009232,10.0,3,4,1,5.0,0.0,3.0,3,1.0,1970.0,A01,18,3,2023,07:40,2,76.0,76351,2,1,2.0,6.0,HUIT MAI 1945 (AVENUE DU),"49,51576000","0,17093000",,76.076351,76351,Seine-Maritime,28.0,Normandie,50.0,4.0,1.0,1,2.0,28,Normandie,76,2,96,LeHavre,166058,1780,167838.0,1.0,7,,0.0,1.0,2.0,1.0
202300009337,1.0,1,1,1,5.0,1.0,0.0,0,-1.0,1981.0,A01,14,9,2023,17:05,1,76.0,76034,1,3,1.0,1.0,Rue de Chamacourt,"49,72307500","1,15038900",,76.076034,76034,Seine-Maritime,28.0,Normandie,-1.0,3.0,2.0, -1,1.0,28,Normandie,76,1,20,Val-de-Scie,2526,25,2551.0,0.0,7,,0.0,2.0,1.0,5.0
202300009337,2.0,2,3,2,3.0,1.0,0.0,0,-1.0,1933.0,B01,14,9,2023,17:05,1,76.0,76034,1,3,1.0,1.0,Rue de Chamacourt,"49,72307500","1,15038900",,76.076034,76034,Seine-Maritime,28.0,Normandie,-1.0,3.0,2.0, -1,1.0,28,Normandie,76,1,20,Val-de-Scie,2526,25,2551.0,0.0,7,,0.0,0.0,2.0,1.0
202300009337,1.0,1,1,1,3.0,1.0,0.0,0,-1.0,1931.0,B01,14,9,2023,17:05,1,76.0,76034,1,3,1.0,1.0,Rue de Chamacourt,"49,72307500","1,15038900",,76.076034,76034,Seine-Maritime,28.0,Normandie,-1.0,3.0,2.0, -1,1.0,28,Normandie,76,1,20,Val-de-Scie,2526,25,2551.0,0.0,7,,0.0,0.0,2.0,1.0
202300009404,1.0,1,3,1,4.0,1.0,-1.0, -1,-1.0,2003.0,A01,18,9,2023,14:00,1,76.0,76329,1,1,2.0,1.0,RD 487,"49,54495000","0,49486000",,76.076329,76329,Seine-Maritime,28.0,Normandie,80.0,3.0,2.0,2,2.0,28,Normandie,76,2,3,Gruchet-le-Valasse,3074,39,3113.0,0.0,10,,0.0,2.0,3.0,13.0
202300009404,2.0,2,1,1,4.0,1.0,-1.0, -1,-1.0,2002.0,A01,18,9,2023,14:00,1,76.0,76329,1,1,2.0,1.0,RD 487,"49,54495000","0,49486000",,76.076329,76329,Seine-Maritime,28.0,Normandie,80.0,3.0,2.0,2,2.0,28,Normandie,76,2,3,Gruchet-le-Valasse,3074,39,3113.0,0.0,10,,0.0,2.0,3.0,13.0
202300009404,1.0,1,1,1,0.0,1.0,-1.0, -1,-1.0,2004.0,B01,18,9,2023,14:00,1,76.0,76329,1,1,2.0,1.0,RD 487,"49,54495000","0,49486000",,76.076329,76329,Seine-Maritime,28.0,Normandie,80.0,3.0,2.0,2,2.0,28,Normandie,76,2,3,Gruchet-le-Valasse,3074,39,3113.0,0.0,15,,0.0,2.0,8.0,1.0
202300009511,1.0,1,1,1,4.0,1.0,-1.0, -1,-1.0,1966.0,A01,19,10,2023,14:00,1,76.0,76351,2,2,1.0,6.0,INGOUVILLE (RUE),"49,49742000","0,10949000",,76.076351,76351,Seine-Maritime,28.0,Normandie,50.0,4.0,2.0,4,1.0,28,Normandie,76,2,96,LeHavre,166058,1780,167838.0,2.0,7,,0.0,1.0,1.0,15.0
202300009511,10.0,3,4,2,0.0,0.0,4.0,3,2.0,1964.0,A01,19,10,2023,14:00,1,76.0,76351,2,2,1.0,6.0,INGOUVILLE (RUE),"49,49742000","0,10949000",,76.076351,76351,Seine-Maritime,28.0,Normandie,50.0,4.0,2.0,4,1.0,28,Normandie,76,2,96,LeHavre,166058,1780,167838.0,2.0,7,,0.0,1.0,1.0,15.0
202300009511,10.0,3,4,2,0.0,0.0,4.0,3,2.0,1978.0,A01,19,10,2023,14:00,1,76.0,76351,2,2,1.0,6.0,INGOUVILLE (RUE),"49,49742000","0,10949000",,76.076351,76351,Seine-Maritime,28.0,Normandie,50.0,4.0,2.0,4,1.0,28,Normandie,76,2,96,LeHavre,166058,1780,167838.0,2.0,7,,0.0,1.0,1.0,15.0
202300009589,1.0,1,3,1,1.0,2.0,-1.0, -1,-1.0,2000.0,B01,7,2,2023,05:50,5,76.0,76540,2,2,1.0,3.0,Route de Neufchâtel,"49,45110300","1,09845800",,76.076540,76540,Seine-Maritime,28.0,Normandie,30.0,7.0,2.0,2,1.0,28,Normandie,76,3,97,Rouen,114083,1556,115639.0,2.0,50,,0.0,2.0,1.0,1.0
202300009589,1.0,1,1,1,1.0,1.0,-1.0, -1,-1.0,1968.0,A01,7,2,2023,05:50,5,76.0,76540,2,2,1.0,3.0,Route de Neufchâtel,"49,45110300","1,09845800",,76.076540,76540,Seine-Maritime,28.0,Normandie,30.0,7.0,2.0,2,1.0,28,Normandie,76,3,97,Rouen,114083,1556,115639.0,1.0,7,,0.0,2.0,2.0,15.0
202300009742,1.0,1,1,1,0.0,1.0,-1.0, -1,-1.0,1995.0,B01,3,2,2023,14:00,1,76.0,76351,2,2,1.0,3.0,MONT GAILLARD (AVENUE DU),"49,52558000","0,11537000",,76.076351,76351,Seine-Maritime,28.0,Normandie,30.0,4.0,2.0,2,1.0,28,Normandie,76,2,96,LeHavre,166058,1780,167838.0,1.0,7,,0.0,2.0,3.0,1.0
202300009742,1.0,1,3,1,5.0,2.0,-1.0, -1,-1.0,2007.0,A01,3,2,2023,14:00,1,76.0,76351,2,2,1.0,3.0,MONT GAILLARD (AVENUE DU),"49,52558000","0,11537000",,76.076351,76351,Seine-Maritime,28.0,Normandie,30.0,4.0,2.0,2,1.0,28,Normandie,76,2,96,LeHavre,166058,1780,167838.0,1.0,2,,0.0,2.0,1.0,1.0
202300009744,1.0,1,1,1,4.0,1.0,-1.0, -1,-1.0,1973.0,A01,6,2,2023,11:50,1,76.0,76114,2,1,1.0,2.0,GAMBETTA LEON (RUE),"49,57081000","0,47046000",,76.076114,76114,Seine-Maritime,28.0,Normandie,50.0,3.0,1.0,1,1.0,28,Normandie,76,2,3,Bolbec,11635,147,11782.0,1.0,10,,0.0,2.0,4.0,23.0
202300009744,1.0,1,4,1,3.0,8.0,-1.0, -1,-1.0,1959.0,B01,6,2,2023,11:50,1,76.0,76114,2,1,1.0,2.0,GAMBETTA LEON (RUE),"49,57081000","0,47046000",,76.076114,76114,Seine-Maritime,28.0,Normandie,50.0,3.0,1.0,1,1.0,28,Normandie,76,2,3,Bolbec,11635,147,11782.0,1.0,1,,0.0,2.0,0.0,0.0
202300009851,1.0,1,4,1,0.0,1.0,-1.0, -1,-1.0,2003.0,A01,29,4,2023,23:45,4,76.0,76108,2,3,1.0,1.0,Route de Neufchâtel,"49,46410000","1,11404000",,76.076108,76108,Seine-Maritime,28.0,Normandie,50.0,7.0,1.0,1,1.0,28,Normandie,76,3,2,Bois-Guillaume,14262,361,14623.0,1.0,7,,0.0,2.0,3.0,15.0
202300009851,1.0,1,4,1,0.0,2.0,-1.0, -1,-1.0,1992.0,B01,29,4,2023,23:45,4,76.0,76108,2,3,1.0,1.0,Route de Neufchâtel,"49,46410000","1,11404000",,76.076108,76108,Seine-Maritime,28.0,Normandie,50.0,7.0,1.0,1,1.0,28,Normandie,76,3,2,Bois-Guillaume,14262,361,14623.0,0.0,33,,0.0,2.0,3.0,1.0
202300009852,2.0,2,1,2,0.0,1.0,-1.0, -1,-1.0,1957.0,D01,29,4,2023,19:00,1,76.0,76540,2,1,1.0,4.0,Quai du Havre,"49,44030000","1,08408000",,76.076540,76540,Seine-Maritime,28.0,Normandie,50.0,7.0,2.0,4,1.0,28,Normandie,76,3,97,Rouen,114083,1556,115639.0,3.0,7,,0.0,2.0,1.0,26.0
202300009852,1.0,1,4,1,0.0,1.0,-1.0, -1,-1.0,1957.0,D01,29,4,2023,19:00,1,76.0,76540,2,1,1.0,4.0,Quai du Havre,"49,44030000","1,08408000",,76.076540,76540,Seine-Maritime,28.0,Normandie,50.0,7.0,2.0,4,1.0,28,Normandie,76,3,97,Rouen,114083,1556,115639.0,3.0,7,,0.0,2.0,1.0,26.0
202300009852,1.0,1,1,2,1.0,1.0,-1.0, -1,-1.0,1999.0,A01,29,4,2023,19:00,1,76.0,76540,2,1,1.0,4.0,Quai du Havre,"49,44030000","1,08408000",,76.076540,76540,Seine-Maritime,28.0,Normandie,50.0,7.0,2.0,4,1.0,28,Normandie,76,3,97,Rouen,114083,1556,115639.0,3.0,7,,0.0,2.0,4.0,23.0
202300009852,1.0,1,1,2,0.0,1.0,-1.0, -1,-1.0,1997.0,B01,29,4,2023,19:00,1,76.0,76540,2,1,1.0,4.0,Quai du Havre,"49,44030000","1,08408000",,76.076540,76540,Seine-Maritime,28.0,Normandie,50.0,7.0,2.0,4,1.0,28,Normandie,76,3,97,Rouen,114083,1556,115639.0,3.0,7,,0.0,2.0,4.0,26.0
202300009852,1.0,1,1,1,0.0,1.0,-1.0, -1,-1.0,1994.0,C01,29,4,2023,19:00,1,76.0,76540,2,1,1.0,4.0,Quai du Havre,"49,44030000","1,08408000",,76.076540,76540,Seine-Maritime,28.0,Normandie,50.0,7.0,2.0,4,1.0,28,Normandie,76,3,97,Rouen,114083,1556,115639.0,3.0,7,,0.0,2.0,4.0,26.0
202300009852,1.0,1,1,2,0.0,1.0,-1.0, -1,-1.0,1993.0,E01,29,4,2023,19:00,1,76.0,76540,2,1,1.0,4.0,Quai du Havre,"49,44030000","1,08408000",,76.076540,76540,Seine-Maritime,28.0,Normandie,50.0,7.0,2.0,4,1.0,28,Normandie,76,3,97,Rouen,114083,1556,115639.0,3.0,7,,0.0,2.0,0.0,10.0
202300009853,1.0,1,4,2,0.0,2.0,-1.0, -1,-1.0,2000.0,B01,29,4,2023,18:15,1,76.0,76540,2,1,1.0,3.0,Rue des Faulx,"49,44173000","1,10095000",,76.076540,76540,Seine-Maritime,28.0,Normandie,50.0,4.0,2.0,2,1.0,28,Normandie,76,3,97,Rouen,114083,1556,115639.0,1.0,1,,0.0,2.0,2.0,1.0
202300009853,4.0,2,1,1,5.0,1.0,-1.0, -1,-1.0,1976.0,A01,29,4,2023,18:15,1,76.0,76540,2,1,1.0,3.0,Rue des Faulx,"49,44173000","1,10095000",,76.076540,76540,Seine-Maritime,28.0,Normandie,50.0,4.0,2.0,2,1.0,28,Normandie,76,3,97,Rouen,114083,1556,115639.0,1.0,7,,0.0,2.0,6.0,24.0
202300009854,1.0,1,3,1,5.0,2.0,-1.0, -1,-1.0,1976.0,B01,29,4,2023,10:40,1,76.0,76540,2,1,1.0,3.0,Quai de Boisguilbert,"49,44315400","1,07487800",,76.076540,76540,Seine-Maritime,28.0,Normandie,50.0,7.0,2.0,5,1.0,28,Normandie,76,3,97,Rouen,114083,1556,115639.0,0.0,2,,0.0,2.0,1.0,2.0
202300009854,1.0,1,4,1,0.0,1.0,-1.0, -1,-1.0,1976.0,A01,29,4,2023,10:40,1,76.0,76540,2,1,1.0,3.0,Quai de Boisguilbert,"49,44315400","1,07487800",,76.076540,76540,Seine-Maritime,28.0,Normandie,50.0,7.0,2.0,5,1.0,28,Normandie,76,3,97,Rouen,114083,1556,115639.0,3.0,7,,0.0,2.0,8.0,10.0
202300009908,2.0,2,3,1,5.0,1.0,0.0,0,-1.0,1961.0,A01,29,4,2023,11:30,1,76.0,76208,1,1,1.0,3.0,Route du Mont Louvet,"49,50661000","1,66868800",,76.076208,76208,Seine-Maritime,28.0,Normandie,80.0,3.0,2.0,2,1.0,28,Normandie,76,1,12,Cuy-Saint-Fiacre,642,9,651.0,1.0,7,,0.0,2.0,3.0,1.0
202300009908,1.0,1,4,2,5.0,1.0,0.0,0,-1.0,1963.0,A01,29,4,2023,11:30,1,76.0,76208,1,1,1.0,3.0,Route du Mont Louvet,"49,50661000","1,66868800",,76.076208,76208,Seine-Maritime,28.0,Normandie,80.0,3.0,2.0,2,1.0,28,Normandie,76,1,12,Cuy-Saint-Fiacre,642,9,651.0,1.0,7,,0.0,2.0,3.0,1.0
202300009908,1.0,1,4,2,5.0,1.0,0.0,0,-1.0,1966.0,B01,29,4,2023,11:30,1,76.0,76208,1,1,1.0,3.0,Route du Mont Louvet,"49,50661000","1,66868800",,76.076208,76208,Seine-Maritime,28.0,Normandie,80.0,3.0,2.0,2,1.0,28,Normandie,76,1,12,Cuy-Saint-Fiacre,642,9,651.0,2.0,7,,0.0,2.0,3.0,1.0
202300009908,2.0,2,4,2,5.0,1.0,0.0,0,-1.0,1946.0,B01,29,4,2023,11:30,1,76.0,76208,1,1,1.0,3.0,Route du Mont Louvet,"49,50661000","1,66868800",,76.076208,76208,Seine-Maritime,28.0,Normandie,80.0,3.0,2.0,2,1.0,28,Normandie,76,1,12,Cuy-Saint-Fiacre,642,9,651.0,2.0,7,,0.0,2.0,3.0,1.0
202300009908,7.0,2,1,1,5.0,1.0,0.0,0,-1.0,1944.0,B01,29,4,2023,11:30,1,76.0,76208,1,1,1.0,3.0,Route du Mont Louvet,"49,50661000","1,66868800",,76.076208,76208,Seine-Maritime,28.0,Normandie,80.0,3.0,2.0,2,1.0,28,Normandie,76,1,12,Cuy-Saint-Fiacre,642,9,651.0,2.0,7,,0.0,2.0,3.0,1.0
202300009909,9.0,2,3,2,5.0,1.0,0.0,0,-1.0,2005.0,A01,30,4,2023,05:30,3,76.0,76067,2,1,1.0,7.0,Route du Camp Caillot,"49,48484100","1,61715700",,76.076067,76067,Seine-Maritime,28.0,Normandie,80.0,3.0,2.0,2,1.0,28,Normandie,76,1,12,Beauvoir-en-Lyons,598,15,613.0,2.0,7,,0.0,0.0,1.0,1.0
202300009909,1.0,1,1,1,5.0,1.0,0.0,0,-1.0,2002.0,A01,30,4,2023,05:30,3,76.0,76067,2,1,1.0,7.0,Route du Camp Caillot,"49,48484100","1,61715700",,76.076067,76067,Seine-Maritime,28.0,Normandie,80.0,3.0,2.0,2,1.0,28,Normandie,76,1,12,Beauvoir-en-Lyons,598,15,613.0,2.0,7,,0.0,0.0,1.0,1.0
202300009909,2.0,2,1,1,5.0,1.0,0.0,0,-1.0,2003.0,A01,30,4,2023,05:30,3,76.0,76067,2,1,1.0,7.0,Route du Camp Caillot,"49,48484100","1,61715700",,76.076067,76067,Seine-Maritime,28.0,Normandie,80.0,3.0,2.0,2,1.0,28,Normandie,76,1,12,Beauvoir-en-Lyons,598,15,613.0,2.0,7,,0.0,0.0,1.0,1.0
202300009909,7.0,2,1,2,5.0,1.0,0.0,0,-1.0,2005.0,A01,30,4,2023,05:30,3,76.0,76067,2,1,1.0,7.0,Route du Camp Caillot,"49,48484100","1,61715700",,76.076067,76067,Seine-Maritime,28.0,Normandie,80.0,3.0,2.0,2,1.0,28,Normandie,76,1,12,Beauvoir-en-Lyons,598,15,613.0,2.0,7,,0.0,0.0,1.0,1.0