Num_Acc,place,catu,grav,sexe,trajet,secu,locp,actp,etatp,an_nais,num_veh,jour,mois,an,hrmn,lum,dep,com,agg,int,atm,col,adr,lat,long,gps,com_insee_temp,com_insee,departmentName,regionCode,regionName,vma,catr,circ,nbv,surf,Code,Region,Departement,Arrondissement,Code_Canton,Nom_Commune,Population_municipaLe,Population_comptee_a_part,Population_Totale,senc,catv,occutc,obs,obsm,choc,manv
202300018590,1.0,1,3,1,0.0,2.0,-1.0, -1,-1.0,1979.0,A01,22,12,2023,08:45,2,76.0,76322,2,1,2.0,6.0,Avenue des Canadiens,"49,40262977","1,06549283",,76.076322,76322,Seine-Maritime,28.0,Normandie,50.0,7.0,2.0,2,2.0,28,Normandie,76,3,13,LeGrand-Quevilly,25975,225,26200.0,0.0,1,,9.0,0.0,1.0,1.0
202300018595,1.0,1,4,1,0.0,1.0,-1.0, -1,-1.0,1970.0,A01,21,12,2023,12:35,1,76.0,76270,2,1,1.0,6.0,JEAN JAURES,"49,53325000","0,14602000",,76.076270,76270,Seine-Maritime,28.0,Normandie,50.0,3.0,2.0,2,2.0,28,Normandie,76,2,26,Fontaine-la-Mallet,2635,54,2689.0,1.0,7,,1.0,0.0,1.0,1.0
202300018600,1.0,1,4,1,0.0,8.0,-1.0, -1,-1.0,1999.0,B01,21,12,2023,01:05,5,76.0,76351,2,1,2.0,1.0,JULES LECESNE (RUE),"49,49380000","0,11321000",,76.076351,76351,Seine-Maritime,28.0,Normandie,50.0,4.0,2.0,2,2.0,28,Normandie,76,2,96,LeHavre,166058,1780,167838.0,3.0,1,,0.0,2.0,0.0,1.0
202300018600,1.0,1,1,-1,-1.0,-1.0,-1.0, -1,-1.0,,Z01,21,12,2023,01:05,5,76.0,76351,2,1,2.0,1.0,JULES LECESNE (RUE),"49,49380000","0,11321000",,76.076351,76351,Seine-Maritime,28.0,Normandie,50.0,4.0,2.0,2,2.0,28,Normandie,76,2,96,LeHavre,166058,1780,167838.0,3.0,7,,0.0,2.0,1.0,1.0
202300018605,1.0,1,1,2,4.0,1.0,-1.0, -1,-1.0,1996.0,A01,20,12,2023,13:55,1,76.0,76351,2,2,1.0,3.0,GRAVILLE (BD DE),"49,49231000","0,14839000",,76.076351,76351,Seine-Maritime,28.0,Normandie,50.0,4.0,2.0,5,1.0,28,Normandie,76,2,96,LeHavre,166058,1780,167838.0,0.0,37,1.0,0.0,2.0,2.0,16.0
202300018605,1.0,1,3,1,5.0,2.0,-1.0, -1,-1.0,2004.0,B01,20,12,2023,13:55,1,76.0,76351,2,2,1.0,3.0,GRAVILLE (BD DE),"49,49231000","0,14839000",,76.076351,76351,Seine-Maritime,28.0,Normandie,50.0,4.0,2.0,5,1.0,28,Normandie,76,2,96,LeHavre,166058,1780,167838.0,1.0,50,,0.0,2.0,1.0,1.0
202300018686,1.0,1,1,2,0.0,1.0,-1.0, -1,-1.0,1964.0,A01,13,9,2023,15:25,1,76.0,76212,2,2,1.0,6.0,Rue Sadi Carnot,"49,44110000","1,14906000",,76.076212,76212,Seine-Maritime,28.0,Normandie,50.0,7.0,2.0,2,1.0,28,Normandie,76,3,6,Darnétal,9738,74,9812.0,0.0,7,,0.0,1.0,1.0,1.0
202300018686,10.0,3,3,1,0.0,0.0,3.0,3,2.0,2008.0,A01,13,9,2023,15:25,1,76.0,76212,2,2,1.0,6.0,Rue Sadi Carnot,"49,44110000","1,14906000",,76.076212,76212,Seine-Maritime,28.0,Normandie,50.0,7.0,2.0,2,1.0,28,Normandie,76,3,6,Darnétal,9738,74,9812.0,0.0,7,,0.0,1.0,1.0,1.0
202300018757,1.0,1,4,1,5.0,8.0,-1.0, -1,-1.0,1991.0,A01,5,3,2023,01:45,5,76.0,76351,2,1,1.0,7.0,PARIS (DE),"49,49203000","0,10777000",,76.076351,76351,Seine-Maritime,28.0,Normandie,50.0,4.0,2.0,4,1.0,28,Normandie,76,2,96,LeHavre,166058,1780,167838.0,1.0,50,,0.0,0.0,1.0,1.0
202300018913,9.0,2,4,1,5.0,1.0,0.0,0,-1.0,2009.0,A01,23,12,2023,17:45,3,76.0,76235,1,1,2.0,1.0,Rue Turold,"49,90450300","1,26136800",,76.076235,76235,Seine-Maritime,28.0,Normandie,80.0,3.0,2.0,2,2.0,28,Normandie,76,1,8,Envermeu,1978,132,2110.0,2.0,7,,0.0,2.0,1.0,13.0
202300018913,2.0,2,4,1,5.0,1.0,0.0,0,-1.0,2008.0,A01,23,12,2023,17:45,3,76.0,76235,1,1,2.0,1.0,Rue Turold,"49,90450300","1,26136800",,76.076235,76235,Seine-Maritime,28.0,Normandie,80.0,3.0,2.0,2,2.0,28,Normandie,76,1,8,Envermeu,1978,132,2110.0,2.0,7,,0.0,2.0,1.0,13.0
202300018913,1.0,1,1,1,5.0,1.0,0.0,0,-1.0,2005.0,A01,23,12,2023,17:45,3,76.0,76235,1,1,2.0,1.0,Rue Turold,"49,90450300","1,26136800",,76.076235,76235,Seine-Maritime,28.0,Normandie,80.0,3.0,2.0,2,2.0,28,Normandie,76,1,8,Envermeu,1978,132,2110.0,2.0,7,,0.0,2.0,1.0,13.0
202300018913,9.0,2,4,2,5.0,1.0,0.0,0,-1.0,2015.0,B01,23,12,2023,17:45,3,76.0,76235,1,1,2.0,1.0,Rue Turold,"49,90450300","1,26136800",,76.076235,76235,Seine-Maritime,28.0,Normandie,80.0,3.0,2.0,2,2.0,28,Normandie,76,1,8,Envermeu,1978,132,2110.0,1.0,7,,0.0,2.0,3.0,1.0
202300018913,1.0,1,1,1,5.0,1.0,0.0,0,-1.0,1982.0,B01,23,12,2023,17:45,3,76.0,76235,1,1,2.0,1.0,Rue Turold,"49,90450300","1,26136800",,76.076235,76235,Seine-Maritime,28.0,Normandie,80.0,3.0,2.0,2,2.0,28,Normandie,76,1,8,Envermeu,1978,132,2110.0,1.0,7,,0.0,2.0,3.0,1.0
202300018913,7.0,2,4,1,5.0,1.0,0.0,0,-1.0,2018.0,B01,23,12,2023,17:45,3,76.0,76235,1,1,2.0,1.0,Rue Turold,"49,90450300","1,26136800",,76.076235,76235,Seine-Maritime,28.0,Normandie,80.0,3.0,2.0,2,2.0,28,Normandie,76,1,8,Envermeu,1978,132,2110.0,1.0,7,,0.0,2.0,3.0,1.0
202300019008,1.0,1,3,1,3.0,1.0,0.0,0,-1.0,1977.0,A01,15,9,2023,18:30,1,76.0,76391,1,1,1.0,6.0,A13,"49,33910500","0,96170100",,76.076391,76391,Seine-Maritime,28.0,Normandie,130.0,1.0,3.0,6,1.0,28,Normandie,76,3,9,La Londe,2362,71,2433.0,2.0,7,,0.0,0.0,9.0,1.0
202300019078,10.0,3,3,1,5.0,0.0,2.0,3,1.0,1980.0,A01,30,1,2023,19:30,5,76.0,76351,2,3,1.0,6.0,IRENE JOLIOT CURIE (RUE),"49,51350000","0,10452000",,76.076351,76351,Seine-Maritime,28.0,Normandie,-1.0,4.0,2.0, -1,1.0,28,Normandie,76,2,96,LeHavre,166058,1780,167838.0,0.0,7,,0.0,1.0,3.0,1.0
202300019078,1.0,1,1,1,0.0,1.0,-1.0, -1,-1.0,1997.0,A01,30,1,2023,19:30,5,76.0,76351,2,3,1.0,6.0,IRENE JOLIOT CURIE (RUE),"49,51350000","0,10452000",,76.076351,76351,Seine-Maritime,28.0,Normandie,-1.0,4.0,2.0, -1,1.0,28,Normandie,76,2,96,LeHavre,166058,1780,167838.0,0.0,7,,0.0,1.0,3.0,1.0
202300019209,1.0,1,1,1,0.0,1.0,0.0,0,-1.0,1977.0,B01,31,1,2023,17:45,1,76.0,76717,2,3,1.0,3.0,1 Quai Napoléon,"49,37744300","1,00224300",,76.076717,76717,Seine-Maritime,28.0,Normandie,50.0,7.0,2.0,2,1.0,28,Normandie,76,3,4,Val-de-la-Haye,708,6,714.0,0.0,10,,0.0,2.0,6.0,19.0
202300019209,1.0,1,4,1,3.0,2.0,0.0,0,-1.0,2004.0,A01,31,1,2023,17:45,1,76.0,76717,2,3,1.0,3.0,1 Quai Napoléon,"49,37744300","1,00224300",,76.076717,76717,Seine-Maritime,28.0,Normandie,50.0,7.0,2.0,2,1.0,28,Normandie,76,3,4,Val-de-la-Haye,708,6,714.0,0.0,33,,0.0,2.0,1.0,0.0
202300019257,10.0,3,4,1,5.0,0.0,3.0,3,1.0,1984.0,A01,30,1,2023,16:40,1,76.0,76103,2,3,1.0,6.0,Route de Paris,"49,42411000","1,12303000",,76.076103,76103,Seine-Maritime,28.0,Normandie,50.0,7.0,2.0,2,1.0,28,Normandie,76,3,6,Bonsecours,6455,95,6550.0,3.0,7,,0.0,1.0,2.0,1.0
202300019257,1.0,1,1,2,0.0,8.0,-1.0, -1,-1.0,1937.0,A01,30,1,2023,16:40,1,76.0,76103,2,3,1.0,6.0,Route de Paris,"49,42411000","1,12303000",,76.076103,76103,Seine-Maritime,28.0,Normandie,50.0,7.0,2.0,2,1.0,28,Normandie,76,3,6,Bonsecours,6455,95,6550.0,3.0,7,,0.0,1.0,2.0,1.0
202300019599,1.0,1,1,2,1.0,1.0,-1.0, -1,-1.0,2003.0,B01,3,4,2023,16:15,1,76.0,76540,2,1,1.0,3.0,Quai de Paris,"49,43637328","1,09939992",,76.076540,76540,Seine-Maritime,28.0,Normandie,50.0,7.0,1.0,1,1.0,28,Normandie,76,3,97,Rouen,114083,1556,115639.0,1.0,7,,0.0,2.0,3.0,9.0
202300019599,1.0,1,4,1,0.0,2.0,-1.0, -1,-1.0,1964.0,A01,3,4,2023,16:15,1,76.0,76540,2,1,1.0,3.0,Quai de Paris,"49,43637328","1,09939992",,76.076540,76540,Seine-Maritime,28.0,Normandie,50.0,7.0,1.0,1,1.0,28,Normandie,76,3,97,Rouen,114083,1556,115639.0,1.0,33,,0.0,2.0,7.0,1.0
202300019601,1.0,1,4,1,4.0,2.0,-1.0, -1,-1.0,1996.0,B01,21,4,2023,07:55,1,76.0,76681,2,2,1.0,3.0,Rue Victor Hugo,"49,41201000","1,09638000",,76.076681,76681,Seine-Maritime,28.0,Normandie,50.0,4.0,2.0,2,1.0,28,Normandie,76,3,99,Sotteville-lès-Rouen,28965,475,29440.0,1.0,33,,0.0,2.0,1.0,1.0
202300019601,1.0,1,1,1,9.0,1.0,-1.0, -1,-1.0,1965.0,A01,21,4,2023,07:55,1,76.0,76681,2,2,1.0,3.0,Rue Victor Hugo,"49,41201000","1,09638000",,76.076681,76681,Seine-Maritime,28.0,Normandie,50.0,4.0,2.0,2,1.0,28,Normandie,76,3,99,Sotteville-lès-Rouen,28965,475,29440.0,1.0,7,,0.0,2.0,8.0,26.0
202300019603,1.0,1,4,1,0.0,1.0,-1.0, -1,-1.0,2001.0,A01,21,4,2023,08:55,1,76.0,76341,1,4,1.0,6.0,RD 6015,"49,50320000","0,19422000",,76.076341,76341,Seine-Maritime,28.0,Normandie,70.0,3.0,1.0,2,1.0,28,Normandie,76,2,15,Harfleur,8315,53,8368.0,1.0,7,,10.0,0.0,2.0,14.0
202300019605,1.0,1,4,2,5.0,2.0,-1.0, -1,-1.0,2003.0,A01,20,4,2023,02:10,5,76.0,76351,2,6,1.0,3.0,MARCEAU (RUE),"49,49181000","0,13285000",,76.076351,76351,Seine-Maritime,28.0,Normandie,50.0,4.0,2.0,2,1.0,28,Normandie,76,2,96,LeHavre,166058,1780,167838.0,0.0,50,,0.0,2.0,8.0,19.0
202300019605,1.0,1,1,-1,-1.0,-1.0,-1.0, -1,-1.0,,Z01,20,4,2023,02:10,5,76.0,76351,2,6,1.0,3.0,MARCEAU (RUE),"49,49181000","0,13285000",,76.076351,76351,Seine-Maritime,28.0,Normandie,50.0,4.0,2.0,2,1.0,28,Normandie,76,2,96,LeHavre,166058,1780,167838.0,0.0,7,,0.0,2.0,1.0,15.0
202300019804,1.0,1,4,1,1.0,1.0,-1.0, -1,-1.0,1999.0,A01,3,7,2023,20:40,2,76.0,76575,2,2,1.0,3.0,RONDEAUX. RUE JEAN,"49,38575000","1,09950000",,76.076575,76575,Seine-Maritime,28.0,Normandie,50.0,7.0,2.0,2,1.0,28,Normandie,76,3,98,Saint-Étienne-du-Rouvray,28508,225,28733.0,3.0,7,,0.0,2.0,1.0,19.0
202300019804,2.0,2,1,1,0.0,8.0,-1.0, -1,-1.0,1997.0,B01,3,7,2023,20:40,2,76.0,76575,2,2,1.0,3.0,RONDEAUX. RUE JEAN,"49,38575000","1,09950000",,76.076575,76575,Seine-Maritime,28.0,Normandie,50.0,7.0,2.0,2,1.0,28,Normandie,76,3,98,Saint-Étienne-du-Rouvray,28508,225,28733.0,3.0,7,,0.0,2.0,3.0,19.0
202300019804,1.0,1,4,2,0.0,1.0,-1.0, -1,-1.0,2004.0,B01,3,7,2023,20:40,2,76.0,76575,2,2,1.0,3.0,RONDEAUX. RUE JEAN,"49,38575000","1,09950000",,76.076575,76575,Seine-Maritime,28.0,Normandie,50.0,7.0,2.0,2,1.0,28,Normandie,76,3,98,Saint-Étienne-du-Rouvray,28508,225,28733.0,3.0,7,,0.0,2.0,3.0,19.0
202300019806,10.0,3,4,1,4.0,0.0,2.0,3,1.0,2003.0,A01,3,7,2023,19:25,1,76.0,76157,2,3,1.0,6.0,Rue Camille Pissarro,"49,45209955","1,03418416",,76.076157,76157,Seine-Maritime,28.0,Normandie,30.0,7.0,2.0,2,1.0,28,Normandie,76,3,4,Canteleu,13966,360,14326.0,3.0,0,,0.0,1.0,0.0,26.0
202300019806,1.0,1,1,-1,-1.0,-1.0,-1.0, -1,-1.0,,A01,3,7,2023,19:25,1,76.0,76157,2,3,1.0,6.0,Rue Camille Pissarro,"49,45209955","1,03418416",,76.076157,76157,Seine-Maritime,28.0,Normandie,30.0,7.0,2.0,2,1.0,28,Normandie,76,3,4,Canteleu,13966,360,14326.0,3.0,0,,0.0,1.0,0.0,26.0
202300019807,1.0,1,3,1,5.0,2.0,-1.0, -1,-1.0,1998.0,A01,2,7,2023,19:17,1,76.0,76305,1,1,1.0,7.0,D 6382,"49,49886688","0,20249605",,76.076305,76305,Seine-Maritime,28.0,Normandie,50.0,3.0,1.0,0,9.0,28,Normandie,76,2,16,Gonfreville-l'Orcher,8961,44,9005.0,2.0,33,,4.0,0.0,8.0,1.0
202300019809,1.0,1,4,2,3.0,1.0,-1.0, -1,-1.0,1974.0,A01,1,7,2023,12:50,1,76.0,76259,2,1,7.0,1.0,MANDELA ( BOULEVARD NELSON),"49,74609000","0,39132520",,76.076259,76259,Seine-Maritime,28.0,Normandie,50.0,3.0,2.0,2,1.0,28,Normandie,76,2,11,Fécamp,18016,269,18285.0,1.0,7,,0.0,2.0,3.0,13.0
202300019809,2.0,2,4,2,0.0,1.0,-1.0, -1,-1.0,2011.0,A01,1,7,2023,12:50,1,76.0,76259,2,1,7.0,1.0,MANDELA ( BOULEVARD NELSON),"49,74609000","0,39132520",,76.076259,76259,Seine-Maritime,28.0,Normandie,50.0,3.0,2.0,2,1.0,28,Normandie,76,2,11,Fécamp,18016,269,18285.0,1.0,7,,0.0,2.0,3.0,13.0
202300019809,3.0,2,4,2,5.0,1.0,-1.0, -1,-1.0,2018.0,A01,1,7,2023,12:50,1,76.0,76259,2,1,7.0,1.0,MANDELA ( BOULEVARD NELSON),"49,74609000","0,39132520",,76.076259,76259,Seine-Maritime,28.0,Normandie,50.0,3.0,2.0,2,1.0,28,Normandie,76,2,11,Fécamp,18016,269,18285.0,1.0,7,,0.0,2.0,3.0,13.0
202300019809,1.0,1,4,1,4.0,1.0,-1.0, -1,-1.0,1985.0,B01,1,7,2023,12:50,1,76.0,76259,2,1,7.0,1.0,MANDELA ( BOULEVARD NELSON),"49,74609000","0,39132520",,76.076259,76259,Seine-Maritime,28.0,Normandie,50.0,3.0,2.0,2,1.0,28,Normandie,76,2,11,Fécamp,18016,269,18285.0,2.0,10,,0.0,2.0,3.0,1.0
202300019940,1.0,1,1,1,0.0,1.0,0.0,0,-1.0,1961.0,A01,9,8,2023,11:08,1,76.0,76014,2,3,1.0,3.0,D125,"49,59051700","0,27354200",,76.076014,76014,Seine-Maritime,28.0,Normandie,80.0,3.0,2.0,2,1.0,28,Normandie,76,2,26,Angerville-l'Orcher,1394,14,1408.0,3.0,7,,0.0,2.0,3.0,16.0
202300019940,1.0,1,3,1,0.0,2.0,0.0,0,-1.0,1996.0,B01,9,8,2023,11:08,1,76.0,76014,2,3,1.0,3.0,D125,"49,59051700","0,27354200",,76.076014,76014,Seine-Maritime,28.0,Normandie,80.0,3.0,2.0,2,1.0,28,Normandie,76,2,26,Angerville-l'Orcher,1394,14,1408.0,1.0,33,,0.0,2.0,1.0,1.0
202300019941,1.0,1,1,1,5.0,2.0,0.0,0,-1.0,1998.0,A01,8,8,2023,16:15,1,76.0,76508,2,7,1.0,2.0,Rue du Major Frost,"49,67197915","0,18880069",,76.076508,76508,Seine-Maritime,28.0,Normandie,50.0,4.0,2.0,2,1.0,28,Normandie,76,2,26,La Poterie-Cap-d'Antifer,453,15,468.0,1.0,33,,0.0,2.0,1.0,23.0
202300019941,1.0,1,4,1,5.0,2.0,0.0,0,-1.0,2003.0,B01,8,8,2023,16:15,1,76.0,76508,2,7,1.0,2.0,Rue du Major Frost,"49,67197915","0,18880069",,76.076508,76508,Seine-Maritime,28.0,Normandie,50.0,4.0,2.0,2,1.0,28,Normandie,76,2,26,La Poterie-Cap-d'Antifer,453,15,468.0,3.0,33,,0.0,0.0,4.0,23.0
202300019962,10.0,3,3,1,5.0,0.0,3.0,3,1.0,1983.0,A01,8,8,2023,09:55,1,76.0,76255,2,1,8.0,6.0,Rue Jean Duhornay,"50,04846600","1,41344400",,76.076255,76255,Seine-Maritime,28.0,Normandie,50.0,3.0,2.0,2,1.0,28,Normandie,76,1,10,Eu,6591,197,6788.0,1.0,7,,0.0,1.0,2.0,1.0
202300019962,1.0,1,1,1,3.0,1.0,0.0,0,-1.0,1979.0,A01,8,8,2023,09:55,1,76.0,76255,2,1,8.0,6.0,Rue Jean Duhornay,"50,04846600","1,41344400",,76.076255,76255,Seine-Maritime,28.0,Normandie,50.0,3.0,2.0,2,1.0,28,Normandie,76,1,10,Eu,6591,197,6788.0,1.0,7,,0.0,1.0,2.0,1.0
202300020048,1.0,1,1,1,4.0,1.0,0.0,0,-1.0,1990.0,B01,31,5,2023,07:45,1,76.0,76100,1,2,1.0,1.0,Route de la Vieux-rue,"49,50082400","1,26283200",,76.076100,76100,Seine-Maritime,28.0,Normandie,-1.0,3.0,2.0, -1,1.0,28,Normandie,76,3,21,Blainville-Crevon,1227,19,1246.0,1.0,10,,0.0,2.0,2.0,1.0
202300020048,1.0,1,4,2,0.0,1.0,0.0,0,-1.0,1950.0,A01,31,5,2023,07:45,1,76.0,76100,1,2,1.0,1.0,Route de la Vieux-rue,"49,50082400","1,26283200",,76.076100,76100,Seine-Maritime,28.0,Normandie,-1.0,3.0,2.0, -1,1.0,28,Normandie,76,3,21,Blainville-Crevon,1227,19,1246.0,2.0,7,,0.0,2.0,3.0,15.0
202300020137,1.0,1,4,1,0.0,2.0,-1.0, -1,-1.0,1976.0,B01,4,8,2023,14:45,1,76.0,76351,2,1,1.0,3.0,VERDUN (RUE DE),"49,50234000","0,18826000",,76.076351,76351,Seine-Maritime,28.0,Normandie,50.0,3.0,2.0,2,1.0,28,Normandie,76,2,96,LeHavre,166058,1780,167838.0,2.0,34,,0.0,2.0,2.0,1.0
202300020137,1.0,1,4,1,0.0,1.0,-1.0, -1,-1.0,2001.0,A01,4,8,2023,14:45,1,76.0,76351,2,1,1.0,3.0,VERDUN (RUE DE),"49,50234000","0,18826000",,76.076351,76351,Seine-Maritime,28.0,Normandie,50.0,3.0,2.0,2,1.0,28,Normandie,76,2,96,LeHavre,166058,1780,167838.0,2.0,7,,0.0,2.0,3.0,10.0
202300020137,2.0,2,1,1,0.0,1.0,-1.0, -1,-1.0,1954.0,A01,4,8,2023,14:45,1,76.0,76351,2,1,1.0,3.0,VERDUN (RUE DE),"49,50234000","0,18826000",,76.076351,76351,Seine-Maritime,28.0,Normandie,50.0,3.0,2.0,2,1.0,28,Normandie,76,2,96,LeHavre,166058,1780,167838.0,2.0,7,,0.0,2.0,3.0,10.0
202300020155,1.0,1,1,1,4.0,1.0,0.0,0,-1.0,1976.0,B01,31,5,2023,07:45,1,76.0,76684,1,6,1.0,3.0,D910,"49,47777300","0,45869000",,76.076684,76684,Seine-Maritime,28.0,Normandie,50.0,3.0,2.0,2,1.0,28,Normandie,76,2,3,TancarvilLe1218,24,1242,,0.0,13,,0.0,2.0,8.0,1.0
202300020155,1.0,1,3,2,1.0,1.0,0.0,0,-1.0,1998.0,A01,31,5,2023,07:45,1,76.0,76684,1,6,1.0,3.0,D910,"49,47777300","0,45869000",,76.076684,76684,Seine-Maritime,28.0,Normandie,50.0,3.0,2.0,2,1.0,28,Normandie,76,2,3,TancarvilLe1218,24,1242,,0.0,7,,0.0,2.0,3.0,13.0
202300020324,1.0,1,4,2,5.0,1.0,0.0,0,-1.0,1988.0,A01,13,3,2023,19:45,3,76.0,76093,1,1,3.0,1.0,D916,"49,42150800","1,64095000",,76.076093,76093,Seine-Maritime,28.0,Normandie,80.0,3.0,-1.0,2,2.0,28,Normandie,76,1,12,Bézancourt,360,13,373.0,1.0,7,,0.0,2.0,3.0,1.0
202300020324,1.0,1,1,1,5.0,1.0,0.0,0,-1.0,1998.0,B01,13,3,2023,19:45,3,76.0,76093,1,1,3.0,1.0,D916,"49,42150800","1,64095000",,76.076093,76093,Seine-Maritime,28.0,Normandie,80.0,3.0,-1.0,2,2.0,28,Normandie,76,1,12,Bézancourt,360,13,373.0,2.0,7,,0.0,2.0,3.0,13.0
202300020390,1.0,1,1,2,1.0,1.0,0.0,0,-1.0,1989.0,A01,30,5,2023,08:15,1,76.0,76342,1,1,1.0,3.0,365 Chemin de la Cayenne,"49,65686700","0,54519900",,76.076342,76342,Seine-Maritime,28.0,Normandie,80.0,4.0,2.0,2,1.0,28,Normandie,76,2,33,HattenvilLe709,7,716,,2.0,7,,0.0,2.0,2.0,2.0
202300020390,1.0,1,3,1,2.0,2.0,0.0,0,-1.0,2013.0,B01,30,5,2023,08:15,1,76.0,76342,1,1,1.0,3.0,365 Chemin de la Cayenne,"49,65686700","0,54519900",,76.076342,76342,Seine-Maritime,28.0,Normandie,80.0,4.0,2.0,2,1.0,28,Normandie,76,2,33,HattenvilLe709,7,716,,0.0,1,,0.0,2.0,8.0,26.0
202300020392,10.0,3,4,2,5.0,0.0,3.0,3,1.0,2004.0,A01,16,11,2023,23:20,5,76.0,76540,2,1,2.0,6.0,Rue de Lillebonne,"49,44704000","1,06493000",,76.076540,76540,Seine-Maritime,28.0,Normandie,30.0,4.0,1.0,2,2.0,28,Normandie,76,3,97,Rouen,114083,1556,115639.0,0.0,7,,0.0,1.0,0.0,2.0
202300020392,1.0,1,1,-1,-1.0,-1.0,-1.0, -1,-1.0,,A01,16,11,2023,23:20,5,76.0,76540,2,1,2.0,6.0,Rue de Lillebonne,"49,44704000","1,06493000",,76.076540,76540,Seine-Maritime,28.0,Normandie,30.0,4.0,1.0,2,2.0,28,Normandie,76,3,97,Rouen,114083,1556,115639.0,0.0,7,,0.0,1.0,0.0,2.0
202300020395,1.0,1,1,1,0.0,1.0,-1.0, -1,-1.0,1992.0,B01,16,11,2023,19:15,5,76.0,76681,2,2,8.0,3.0,Rue Pierre Corneille,"49,42123000","1,09268000",,76.076681,76681,Seine-Maritime,28.0,Normandie,50.0,7.0,2.0,2,2.0,28,Normandie,76,3,99,Sotteville-lès-Rouen,28965,475,29440.0,0.0,7,,0.0,2.0,3.0,1.0
202300020395,1.0,1,4,1,0.0,8.0,-1.0, -1,-1.0,1985.0,A01,16,11,2023,19:15,5,76.0,76681,2,2,8.0,3.0,Rue Pierre Corneille,"49,42123000","1,09268000",,76.076681,76681,Seine-Maritime,28.0,Normandie,50.0,7.0,2.0,2,2.0,28,Normandie,76,3,99,Sotteville-lès-Rouen,28965,475,29440.0,0.0,50,,0.0,2.0,1.0,19.0
202300020432,1.0,1,4,1,5.0,2.0,0.0,0,-1.0,1979.0,A01,29,5,2023,17:45,1,76.0,76719,1,1,1.0,7.0,D10,"49,74316400","0,52562700",,76.076719,76719,Seine-Maritime,28.0,Normandie,80.0,3.0,2.0,2,9.0,28,Normandie,76,2,11,Valmont,867,15,882.0,2.0,33,,0.0,0.0,7.0,16.0
202300020707,1.0,1,1,1,9.0,1.0,0.0,0,-1.0,1988.0,B01,13,9,2023,11:25,1,76.0,76281,1,2,1.0,3.0,D484,"49,52495400","0,58190000",,76.076281,76281,Seine-Maritime,28.0,Normandie,80.0,3.0,2.0,0,1.0,28,Normandie,76,2,25,La Frénaye,2081,44,2125.0,2.0,7,,13.0,0.0,8.0,1.0
202300020707,2.0,2,3,2,0.0,1.0,0.0,0,-1.0,1971.0,B01,13,9,2023,11:25,1,76.0,76281,1,2,1.0,3.0,D484,"49,52495400","0,58190000",,76.076281,76281,Seine-Maritime,28.0,Normandie,80.0,3.0,2.0,0,1.0,28,Normandie,76,2,25,La Frénaye,2081,44,2125.0,2.0,7,,13.0,0.0,8.0,1.0
202300020707,1.0,1,1,1,3.0,1.0,0.0,0,-1.0,1963.0,A01,13,9,2023,11:25,1,76.0,76281,1,2,1.0,3.0,D484,"49,52495400","0,58190000",,76.076281,76281,Seine-Maritime,28.0,Normandie,80.0,3.0,2.0,0,1.0,28,Normandie,76,2,25,La Frénaye,2081,44,2125.0,2.0,7,,0.0,2.0,1.0,19.0
202300020832,1.0,1,1,-1,-1.0,-1.0,-1.0, -1,-1.0,,A01,21,12,2023,20:30,5,76.0,76540,2,3,1.0,3.0,Rue Abbe Lemire,"49,43226373","1,08436346",,76.076540,76540,Seine-Maritime,28.0,Normandie,30.0,7.0,2.0,2,1.0,28,Normandie,76,3,97,Rouen,114083,1556,115639.0,3.0,7,,0.0,2.0,2.0,15.0
202300020832,1.0,1,4,1,0.0,8.0,-1.0, -1,-1.0,1961.0,B01,21,12,2023,20:30,5,76.0,76540,2,3,1.0,3.0,Rue Abbe Lemire,"49,43226373","1,08436346",,76.076540,76540,Seine-Maritime,28.0,Normandie,30.0,7.0,2.0,2,1.0,28,Normandie,76,3,97,Rouen,114083,1556,115639.0,0.0,50,,0.0,0.0,0.0,0.0
202300020836,1.0,1,1,1,9.0,1.0,-1.0, -1,-1.0,1967.0,A01,21,12,2023,07:50,5,76.0,76351,2,1,2.0,3.0,GRAVILLE (BD DE),"49,48754000","0,15064000",,76.076351,76351,Seine-Maritime,28.0,Normandie,50.0,4.0,2.0,4,2.0,28,Normandie,76,2,96,LeHavre,166058,1780,167838.0,0.0,7,,0.0,2.0,3.0,15.0
202300020836,1.0,1,3,1,0.0,2.0,-1.0, -1,-1.0,2004.0,B01,21,12,2023,07:50,5,76.0,76351,2,1,2.0,3.0,GRAVILLE (BD DE),"49,48754000","0,15064000",,76.076351,76351,Seine-Maritime,28.0,Normandie,50.0,4.0,2.0,4,2.0,28,Normandie,76,2,96,LeHavre,166058,1780,167838.0,0.0,31,,0.0,2.0,1.0,1.0
202300020842,1.0,1,1,1,1.0,1.0,-1.0, -1,-1.0,1989.0,A01,20,12,2023,14:40,1,76.0,76351,2,6,1.0,3.0,MARCEAU (RUE),"49,48537000","0,13673000",,76.076351,76351,Seine-Maritime,28.0,Normandie,50.0,4.0,2.0,2,2.0,28,Normandie,76,2,96,LeHavre,166058,1780,167838.0,3.0,7,,0.0,2.0,1.0,1.0