Num_Acc,place,catu,grav,sexe,trajet,secu,locp,actp,etatp,an_nais,num_veh,jour,mois,an,hrmn,lum,dep,com,agg,int,atm,col,adr,lat,long,gps,com_insee_temp,com_insee,departmentName,regionCode,regionName,vma,catr,circ,nbv,surf,Code,Region,Departement,Arrondissement,Code_Canton,Nom_Commune,Population_municipaLe,Population_comptee_a_part,Population_Totale,senc,catv,occutc,obs,obsm,choc,manv
202300025419,1.0,1,4,2,5.0,1.0,-1.0, -1,-1.0,1998.0,A01,8,10,2023,04:30,5,76.0,76351,2,1,1.0,7.0,JENNER (PLACE),"49,50825000","0,13626000",,76.076351,76351,Seine-Maritime,28.0,Normandie,50.0,4.0,1.0,3,1.0,28,Normandie,76,2,96,LeHavre,166058,1780,167838.0,1.0,7,,16.0,0.0,1.0,16.0
202300025464,1.0,1,1,1,0.0,1.0,-1.0, -1,-1.0,1992.0,A01,12,4,2023,17:50,1,76.0,76540,2,2,1.0,3.0,Route du Havre,"49,45276620","1,05666697",,76.076540,76540,Seine-Maritime,28.0,Normandie,50.0,7.0,2.0,3,1.0,28,Normandie,76,3,97,Rouen,114083,1556,115639.0,3.0,7,,0.0,2.0,2.0,26.0
202300025464,1.0,1,3,1,1.0,2.0,-1.0, -1,-1.0,1994.0,B01,12,4,2023,17:50,1,76.0,76540,2,2,1.0,3.0,Route du Havre,"49,45276620","1,05666697",,76.076540,76540,Seine-Maritime,28.0,Normandie,50.0,7.0,2.0,3,1.0,28,Normandie,76,3,97,Rouen,114083,1556,115639.0,1.0,33,,0.0,2.0,1.0,26.0
202300025466,1.0,1,1,2,4.0,1.0,-1.0, -1,-1.0,1964.0,A01,11,4,2023,10:29,1,76.0,76351,2,3,1.0,6.0,RENE COTY,"49,49520000","0,10983000",,76.076351,76351,Seine-Maritime,28.0,Normandie,50.0,4.0,2.0,4,1.0,28,Normandie,76,2,96,LeHavre,166058,1780,167838.0,1.0,7,,0.0,1.0,1.0,1.0
202300025466,10.0,3,4,1,9.0,0.0,3.0,3,1.0,1997.0,A01,11,4,2023,10:29,1,76.0,76351,2,3,1.0,6.0,RENE COTY,"49,49520000","0,10983000",,76.076351,76351,Seine-Maritime,28.0,Normandie,50.0,4.0,2.0,4,1.0,28,Normandie,76,2,96,LeHavre,166058,1780,167838.0,1.0,7,,0.0,1.0,1.0,1.0
202300025484,1.0,1,1,2,9.0,1.0,-1.0, -1,-1.0,1989.0,A01,16,4,2023,15:10,1,76.0,76351,2,3,1.0,3.0,LOUIS BLANC,"49,50725311","0,12630093",,76.076351,76351,Seine-Maritime,28.0,Normandie,50.0,4.0,2.0,2,1.0,28,Normandie,76,2,96,LeHavre,166058,1780,167838.0,1.0,7,,0.0,2.0,8.0,15.0
202300025484,1.0,1,4,1,5.0,2.0,-1.0, -1,-1.0,1958.0,B01,16,4,2023,15:10,1,76.0,76351,2,3,1.0,3.0,LOUIS BLANC,"49,50725311","0,12630093",,76.076351,76351,Seine-Maritime,28.0,Normandie,50.0,4.0,2.0,2,1.0,28,Normandie,76,2,96,LeHavre,166058,1780,167838.0,1.0,2,,0.0,2.0,1.0,1.0
202300025668,1.0,1,4,2,0.0,1.0,-1.0, -1,-1.0,2002.0,A01,25,1,2023,09:00,2,76.0,76231,1,1,8.0,7.0,Rue du Thuit Anger,"49,28238100","0,99142400",,76.076231,76231,Seine-Maritime,28.0,Normandie,30.0,7.0,2.0,2,2.0,28,Normandie,76,3,9,Elbeuf,15951,138,16089.0,3.0,7,,2.0,0.0,1.0,17.0
202300025671,1.0,1,1,1,1.0,1.0,-1.0, -1,-1.0,1992.0,A01,24,1,2023,07:25,2,76.0,76540,2,2,1.0,3.0,Rue d'Ornay,"49,44323000","1,12272000",,76.076540,76540,Seine-Maritime,28.0,Normandie,30.0,4.0,2.0,2,1.0,28,Normandie,76,3,97,Rouen,114083,1556,115639.0,2.0,7,,0.0,2.0,1.0,1.0
202300025671,1.0,1,4,1,1.0,1.0,-1.0, -1,-1.0,1972.0,B01,24,1,2023,07:25,2,76.0,76540,2,2,1.0,3.0,Rue d'Ornay,"49,44323000","1,12272000",,76.076540,76540,Seine-Maritime,28.0,Normandie,30.0,4.0,2.0,2,1.0,28,Normandie,76,3,97,Rouen,114083,1556,115639.0,3.0,7,,0.0,2.0,3.0,16.0
202300025673,1.0,1,1,2,5.0,1.0,-1.0, -1,-1.0,1999.0,B01,24,1,2023,15:45,1,76.0,76351,2,3,1.0,1.0,BELLOT,"49,48534000","0,12710000",,76.076351,76351,Seine-Maritime,28.0,Normandie,50.0,4.0,2.0,2,1.0,28,Normandie,76,2,96,LeHavre,166058,1780,167838.0,0.0,7,,0.0,9.0,1.0,1.0
202300025673,1.0,1,3,1,5.0,2.0,-1.0, -1,-1.0,2000.0,A01,24,1,2023,15:45,1,76.0,76351,2,3,1.0,1.0,BELLOT,"49,48534000","0,12710000",,76.076351,76351,Seine-Maritime,28.0,Normandie,50.0,4.0,2.0,2,1.0,28,Normandie,76,2,96,LeHavre,166058,1780,167838.0,0.0,50,,0.0,2.0,1.0,16.0
202300025857,1.0,1,1,1,4.0,8.0,-1.0, -1,-1.0,1971.0,B01,24,1,2023,06:30,5,76.0,76540,2,3,1.0,3.0,Boulevard du Midi,"49,43378800","1,04392600",,76.076540,76540,Seine-Maritime,28.0,Normandie,50.0,4.0,2.0,2,1.0,28,Normandie,76,3,97,Rouen,114083,1556,115639.0,0.0,17,,0.0,2.0,8.0,15.0
202300025857,1.0,1,1,-1,-1.0,-1.0,-1.0, -1,-1.0,,A01,24,1,2023,06:30,5,76.0,76540,2,3,1.0,3.0,Boulevard du Midi,"49,43378800","1,04392600",,76.076540,76540,Seine-Maritime,28.0,Normandie,50.0,4.0,2.0,2,1.0,28,Normandie,76,3,97,Rouen,114083,1556,115639.0,3.0,7,,0.0,2.0,1.0,1.0
202300025857,2.0,2,4,2,0.0,8.0,-1.0, -1,-1.0,1998.0,A01,24,1,2023,06:30,5,76.0,76540,2,3,1.0,3.0,Boulevard du Midi,"49,43378800","1,04392600",,76.076540,76540,Seine-Maritime,28.0,Normandie,50.0,4.0,2.0,2,1.0,28,Normandie,76,3,97,Rouen,114083,1556,115639.0,3.0,7,,0.0,2.0,1.0,1.0
202300025859,1.0,1,4,1,5.0,1.0,-1.0, -1,-1.0,1997.0,A01,22,1,2023,22:00,5,76.0,76351,2,1,1.0,6.0,JULES DURAND (BD),"49,49264000","0,16913000",,76.076351,76351,Seine-Maritime,28.0,Normandie,50.0,3.0,2.0,2,2.0,28,Normandie,76,2,96,LeHavre,166058,1780,167838.0,2.0,7,,9.0,0.0,2.0,14.0
202300025863,1.0,1,3,1,5.0,1.0,-1.0, -1,-1.0,1983.0,A01,22,1,2023,02:30,5,76.0,76552,2,6,1.0,6.0,EDITH CAVELL,"49,50903004","0,08466393",,76.076552,76552,Seine-Maritime,28.0,Normandie,50.0,3.0,2.0,2,1.0,28,Normandie,76,2,19,Sainte-Adresse,7116,188,7304.0,2.0,7,,14.0,0.0,2.0,14.0
202300025941,1.0,1,4,1,5.0,2.0,0.0,0,-1.0,1956.0,A01,4,8,2023,10:30,1,76.0,76658,2,1,1.0,6.0,Route du Chêne,"49,50485800","0,36460900",,76.076658,76658,Seine-Maritime,28.0,Normandie,50.0,4.0,2.0,2,1.0,28,Normandie,76,2,32,Saint-Vincent-Cramesnil,701,21,722.0,3.0,31,,0.0,5.0,1.0,1.0
202300025944,2.0,2,3,2,5.0,2.0,0.0,0,-1.0,1985.0,A01,3,8,2023,20:20,1,76.0,76647,1,1,1.0,7.0,21 Avenue Maréchal de Lattre de Tassigny,"49,53677900","0,36747500",,76.076647,76647,Seine-Maritime,28.0,Normandie,80.0,3.0,2.0,2,1.0,28,Normandie,76,2,32,Saint-Romain-de-Colbosc,4436,43,4479.0,1.0,33,,0.0,0.0,0.0,1.0
202300025944,1.0,1,1,1,5.0,2.0,0.0,0,-1.0,1986.0,A01,3,8,2023,20:20,1,76.0,76647,1,1,1.0,7.0,21 Avenue Maréchal de Lattre de Tassigny,"49,53677900","0,36747500",,76.076647,76647,Seine-Maritime,28.0,Normandie,80.0,3.0,2.0,2,1.0,28,Normandie,76,2,32,Saint-Romain-de-Colbosc,4436,43,4479.0,1.0,33,,0.0,0.0,0.0,1.0
202300026198,1.0,1,2,1,0.0,1.0,0.0,0,-1.0,1995.0,A01,20,1,2023,16:30,1,76.0,76638,1,1,1.0,1.0,RD 1314,"49,99615400","1,43560400",,76.076638,76638,Seine-Maritime,28.0,Normandie,-1.0,3.0,2.0,2,1.0,28,Normandie,76,1,10,Saint-Pierre-en-Val,1090,16,1106.0,2.0,7,,0.0,2.0,3.0,13.0
202300026198,1.0,1,3,2,1.0,1.0,0.0,0,-1.0,1989.0,B01,20,1,2023,16:30,1,76.0,76638,1,1,1.0,1.0,RD 1314,"49,99615400","1,43560400",,76.076638,76638,Seine-Maritime,28.0,Normandie,-1.0,3.0,2.0,2,1.0,28,Normandie,76,1,10,Saint-Pierre-en-Val,1090,16,1106.0,1.0,7,,0.0,2.0,1.0,1.0
202300026376,1.0,1,1,1,0.0,1.0,-1.0, -1,-1.0,1991.0,C01,7,3,2023,19:50,5,76.0,76497,2,2,2.0,2.0,Rue Aristide Briand,"49,38823900","1,02284200",,76.076497,76497,Seine-Maritime,28.0,Normandie,50.0,7.0,2.0,2,2.0,28,Normandie,76,3,13,Petit-Couronne,8688,175,8863.0,0.0,10,,0.0,2.0,1.0,0.0
202300026376,1.0,1,4,1,0.0,1.0,-1.0, -1,-1.0,1990.0,B01,7,3,2023,19:50,5,76.0,76497,2,2,2.0,2.0,Rue Aristide Briand,"49,38823900","1,02284200",,76.076497,76497,Seine-Maritime,28.0,Normandie,50.0,7.0,2.0,2,2.0,28,Normandie,76,3,13,Petit-Couronne,8688,175,8863.0,3.0,7,,0.0,2.0,4.0,15.0
202300026380,1.0,1,1,1,5.0,1.0,-1.0, -1,-1.0,1959.0,A01,6,3,2023,16:00,1,76.0,76165,2,3,1.0,3.0,Rue de la République,"49,28375600","1,01677500",,76.076165,76165,Seine-Maritime,28.0,Normandie,30.0,7.0,1.0,1,1.0,28,Normandie,76,3,5,Caudebec-lès-Elbeuf,10135,69,10204.0,0.0,3,,0.0,2.0,5.0,1.0
202300026380,1.0,1,3,1,0.0,8.0,-1.0, -1,-1.0,1968.0,B01,6,3,2023,16:00,1,76.0,76165,2,3,1.0,3.0,Rue de la République,"49,28375600","1,01677500",,76.076165,76165,Seine-Maritime,28.0,Normandie,30.0,7.0,1.0,1,1.0,28,Normandie,76,3,5,Caudebec-lès-Elbeuf,10135,69,10204.0,2.0,80,,0.0,2.0,1.0,9.0
202300026382,1.0,1,1,1,0.0,1.0,-1.0, -1,-1.0,1955.0,A01,7,3,2023,09:35,1,76.0,76351,2,1,1.0,3.0,MAC ORLAN,"49,50170000","0,12663000",,76.076351,76351,Seine-Maritime,28.0,Normandie,50.0,4.0,2.0,2,2.0,28,Normandie,76,2,96,LeHavre,166058,1780,167838.0,2.0,7,,0.0,2.0,6.0,19.0
202300026382,1.0,1,3,1,0.0,2.0,-1.0, -1,-1.0,1959.0,B01,7,3,2023,09:35,1,76.0,76351,2,1,1.0,3.0,MAC ORLAN,"49,50170000","0,12663000",,76.076351,76351,Seine-Maritime,28.0,Normandie,50.0,4.0,2.0,2,2.0,28,Normandie,76,2,96,LeHavre,166058,1780,167838.0,2.0,34,,0.0,2.0,1.0,1.0
202300026507,1.0,1,3,1,1.0,2.0,-1.0, -1,-1.0,2005.0,A01,25,5,2023,07:55,1,76.0,76707,1,1,1.0,1.0,Rue de Miromesnil,"49,86317000","1,08651000",,76.076707,76707,Seine-Maritime,28.0,Normandie,80.0,3.0,2.0,2,1.0,28,Normandie,76,1,7,Tourville-sur-Arques,1193,35,1228.0,0.0,2,,0.0,2.0,1.0,13.0
202300026507,1.0,1,1,2,1.0,1.0,-1.0, -1,-1.0,1984.0,B01,25,5,2023,07:55,1,76.0,76707,1,1,1.0,1.0,Rue de Miromesnil,"49,86317000","1,08651000",,76.076707,76707,Seine-Maritime,28.0,Normandie,80.0,3.0,2.0,2,1.0,28,Normandie,76,1,7,Tourville-sur-Arques,1193,35,1228.0,3.0,7,,0.0,2.0,2.0,16.0
202300026510,1.0,1,1,2,0.0,1.0,-1.0, -1,-1.0,1995.0,A01,25,5,2023,08:00,2,76.0,76114,2,2,1.0,3.0,MARTYRS DE LA RESISTANCE (RUE DES),"49,57357000","0,47711000",,76.076114,76114,Seine-Maritime,28.0,Normandie,50.0,3.0,2.0,2,1.0,28,Normandie,76,2,3,Bolbec,11635,147,11782.0,1.0,7,,0.0,2.0,1.0,15.0
202300026510,1.0,1,4,1,2.0,8.0,-1.0, -1,-1.0,2006.0,B01,25,5,2023,08:00,2,76.0,76114,2,2,1.0,3.0,MARTYRS DE LA RESISTANCE (RUE DES),"49,57357000","0,47711000",,76.076114,76114,Seine-Maritime,28.0,Normandie,50.0,3.0,2.0,2,1.0,28,Normandie,76,2,3,Bolbec,11635,147,11782.0,2.0,50,,0.0,2.0,1.0,1.0
202300026532,1.0,1,1,1,3.0,1.0,-1.0, -1,-1.0,1990.0,A01,13,11,2023,11:30,1,76.0,76681,2,7,1.0,6.0,Place Voltaire,"49,42334000","1,08948000",,76.076681,76681,Seine-Maritime,28.0,Normandie,-1.0,4.0,-1.0, -1,2.0,28,Normandie,76,3,99,Sotteville-lès-Rouen,28965,475,29440.0,3.0,7,,0.0,1.0,4.0,20.0
202300026532,10.0,3,4,1,0.0,0.0,9.0,9,2.0,1933.0,A01,13,11,2023,11:30,1,76.0,76681,2,7,1.0,6.0,Place Voltaire,"49,42334000","1,08948000",,76.076681,76681,Seine-Maritime,28.0,Normandie,-1.0,4.0,-1.0, -1,2.0,28,Normandie,76,3,99,Sotteville-lès-Rouen,28965,475,29440.0,3.0,7,,0.0,1.0,4.0,20.0
202300026537,1.0,1,4,2,0.0,1.0,-1.0, -1,-1.0,1982.0,B01,11,11,2023,18:45,5,76.0,76351,2,1,1.0,2.0,JULES DURAND (BD),"49,49282000","0,16954000",,76.076351,76351,Seine-Maritime,28.0,Normandie,50.0,3.0,2.0,2,2.0,28,Normandie,76,2,96,LeHavre,166058,1780,167838.0,3.0,7,,0.0,2.0,6.0,2.0
202300026537,1.0,1,1,1,0.0,1.0,-1.0, -1,-1.0,1997.0,A01,11,11,2023,18:45,5,76.0,76351,2,1,1.0,2.0,JULES DURAND (BD),"49,49282000","0,16954000",,76.076351,76351,Seine-Maritime,28.0,Normandie,50.0,3.0,2.0,2,2.0,28,Normandie,76,2,96,LeHavre,166058,1780,167838.0,3.0,7,,0.0,2.0,2.0,2.0
202300026542,1.0,1,1,-1,-1.0,-1.0,-1.0, -1,-1.0,,A01,11,11,2023,05:20,5,76.0,76351,2,1,3.0,6.0,AUGUSTE BLANQUI,"49,50208000","0,16174000",,76.076351,76351,Seine-Maritime,28.0,Normandie,50.0,3.0,2.0,2,2.0,28,Normandie,76,2,96,LeHavre,166058,1780,167838.0,2.0,7,,14.0,0.0,7.0,1.0
202300026542,2.0,2,4,2,5.0,1.0,-1.0, -1,-1.0,2003.0,A01,11,11,2023,05:20,5,76.0,76351,2,1,3.0,6.0,AUGUSTE BLANQUI,"49,50208000","0,16174000",,76.076351,76351,Seine-Maritime,28.0,Normandie,50.0,3.0,2.0,2,2.0,28,Normandie,76,2,96,LeHavre,166058,1780,167838.0,2.0,7,,14.0,0.0,7.0,1.0
202300026542,4.0,2,1,2,5.0,1.0,-1.0, -1,-1.0,2002.0,A01,11,11,2023,05:20,5,76.0,76351,2,1,3.0,6.0,AUGUSTE BLANQUI,"49,50208000","0,16174000",,76.076351,76351,Seine-Maritime,28.0,Normandie,50.0,3.0,2.0,2,2.0,28,Normandie,76,2,96,LeHavre,166058,1780,167838.0,2.0,7,,14.0,0.0,7.0,1.0
202300026608,1.0,1,1,1,1.0,1.0,0.0,0,-1.0,2002.0,A01,11,9,2023,14:20,1,76.0,76636,1,1,2.0,3.0,Route de Duclair,"49,49278600","0,89785300",,76.076636,76636,Seine-Maritime,28.0,Normandie,80.0,7.0,2.0,2,2.0,28,Normandie,76,3,1,Saint-Pierre-de-VarengevilLe2299,33,2332,,2.0,7,,0.0,2.0,1.0,1.0
202300026608,1.0,1,3,2,9.0,1.0,0.0,0,-1.0,1957.0,B01,11,9,2023,14:20,1,76.0,76636,1,1,2.0,3.0,Route de Duclair,"49,49278600","0,89785300",,76.076636,76636,Seine-Maritime,28.0,Normandie,80.0,7.0,2.0,2,2.0,28,Normandie,76,3,1,Saint-Pierre-de-VarengevilLe2299,33,2332,,1.0,7,,0.0,2.0,3.0,1.0
202300026792,2.0,2,2,1,0.0,2.0,0.0,0,-1.0,1984.0,A01,11,9,2023,03:45,5,76.0,76533,2,1,1.0,6.0,Rue René Coty,"49,50452400","0,26827500",,76.076533,76533,Seine-Maritime,28.0,Normandie,30.0,4.0,2.0,2,1.0,28,Normandie,76,2,16,RogervilLe1706,19,1725,,3.0,34,,11.0,0.0,2.0,1.0
202300026792,1.0,1,3,1,5.0,2.0,0.0,0,-1.0,1983.0,A01,11,9,2023,03:45,5,76.0,76533,2,1,1.0,6.0,Rue René Coty,"49,50452400","0,26827500",,76.076533,76533,Seine-Maritime,28.0,Normandie,30.0,4.0,2.0,2,1.0,28,Normandie,76,2,16,RogervilLe1706,19,1725,,3.0,34,,11.0,0.0,2.0,1.0
202300026798,1.0,1,2,1,5.0,0.0,0.0,0,-1.0,1952.0,A01,18,12,2023,18:29,3,76.0,76759,2,1,1.0,6.0,Route des Marais,"49,41218300","0,87392600",,76.076759,76759,Seine-Maritime,28.0,Normandie,50.0,7.0,2.0,2,1.0,28,Normandie,76,3,1,Yville-sur-Seine,431,8,439.0,1.0,7,,8.0,0.0,1.0,0.0
202300027313,1.0,1,4,1,5.0,0.0,-1.0, -1,-1.0,2012.0,B01,9,10,2023,18:00,1,76.0,76447,2,6,1.0,6.0,avenue nordhon,"49,54729000","0,18880000",,76.076447,76447,Seine-Maritime,28.0,Normandie,50.0,4.0,-1.0,1,1.0,28,Normandie,76,2,15,Montivilliers,15457,203,15660.0,3.0,60,,0.0,0.0,7.0,1.0
202300027313,1.0,1,1,2,5.0,1.0,-1.0, -1,-1.0,1951.0,A01,9,10,2023,18:00,1,76.0,76447,2,6,1.0,6.0,avenue nordhon,"49,54729000","0,18880000",,76.076447,76447,Seine-Maritime,28.0,Normandie,50.0,4.0,-1.0,1,1.0,28,Normandie,76,2,15,Montivilliers,15457,203,15660.0,3.0,7,,0.0,2.0,1.0,1.0
202300027314,1.0,1,4,2,0.0,8.0,-1.0, -1,-1.0,1977.0,B01,9,10,2023,08:00,1,76.0,76351,2,3,1.0,3.0,HOTEL DE VILLE (PLACE DE),"49,49425100","0,10643200",,76.076351,76351,Seine-Maritime,28.0,Normandie,50.0,4.0,2.0,2,1.0,28,Normandie,76,2,96,LeHavre,166058,1780,167838.0,3.0,1,,0.0,2.0,1.0,1.0
202300027314,1.0,1,1,2,0.0,1.0,-1.0, -1,-1.0,1976.0,A01,9,10,2023,08:00,1,76.0,76351,2,3,1.0,3.0,HOTEL DE VILLE (PLACE DE),"49,49425100","0,10643200",,76.076351,76351,Seine-Maritime,28.0,Normandie,50.0,4.0,2.0,2,1.0,28,Normandie,76,2,96,LeHavre,166058,1780,167838.0,1.0,7,,0.0,2.0,3.0,16.0
202300027315,1.0,1,1,2,5.0,1.0,-1.0, -1,-1.0,1995.0,A01,8,10,2023,03:20,3,76.0,76341,1,1,1.0,1.0,RD 6382,"49,51120000","0,19913000",,76.076341,76341,Seine-Maritime,28.0,Normandie,70.0,3.0,1.0,2,1.0,28,Normandie,76,2,15,Harfleur,8315,53,8368.0,2.0,7,,0.0,2.0,1.0,5.0
202300027315,1.0,1,4,1,5.0,1.0,-1.0, -1,-1.0,1998.0,B01,8,10,2023,03:20,3,76.0,76341,1,1,1.0,1.0,RD 6382,"49,51120000","0,19913000",,76.076341,76341,Seine-Maritime,28.0,Normandie,70.0,3.0,1.0,2,1.0,28,Normandie,76,2,15,Harfleur,8315,53,8368.0,1.0,7,,0.0,2.0,1.0,1.0
202300027374,2.0,2,1,1,0.0,1.0,-1.0, -1,-1.0,1992.0,B01,2,8,2023,18:45,1,76.0,76540,2,1,3.0,3.0,Avenue Olivier de Serres,"49,44891000","1,12014000",,76.076540,76540,Seine-Maritime,28.0,Normandie,50.0,4.0,2.0,2,2.0,28,Normandie,76,3,97,Rouen,114083,1556,115639.0,1.0,7,,0.0,0.0,1.0,1.0
202300027374,1.0,1,1,2,0.0,1.0,-1.0, -1,-1.0,1996.0,B01,2,8,2023,18:45,1,76.0,76540,2,1,3.0,3.0,Avenue Olivier de Serres,"49,44891000","1,12014000",,76.076540,76540,Seine-Maritime,28.0,Normandie,50.0,4.0,2.0,2,2.0,28,Normandie,76,3,97,Rouen,114083,1556,115639.0,1.0,7,,0.0,0.0,1.0,1.0
202300027374,1.0,1,4,1,0.0,1.0,-1.0, -1,-1.0,2002.0,A01,2,8,2023,18:45,1,76.0,76540,2,1,3.0,3.0,Avenue Olivier de Serres,"49,44891000","1,12014000",,76.076540,76540,Seine-Maritime,28.0,Normandie,50.0,4.0,2.0,2,2.0,28,Normandie,76,3,97,Rouen,114083,1556,115639.0,3.0,7,,0.0,2.0,5.0,5.0
202300027375,3.0,2,4,1,0.0,1.0,-1.0, -1,-1.0,2001.0,A01,1,8,2023,23:45,4,76.0,76341,1,1,3.0,7.0,RD 6382,"49,51346000","0,19447000",,76.076341,76341,Seine-Maritime,28.0,Normandie,70.0,3.0,3.0,0,3.0,28,Normandie,76,2,15,Harfleur,8315,53,8368.0,1.0,7,,4.0,0.0,1.0,1.0
202300027375,4.0,2,4,1,0.0,1.0,-1.0, -1,-1.0,2002.0,A01,1,8,2023,23:45,4,76.0,76341,1,1,3.0,7.0,RD 6382,"49,51346000","0,19447000",,76.076341,76341,Seine-Maritime,28.0,Normandie,70.0,3.0,3.0,0,3.0,28,Normandie,76,2,15,Harfleur,8315,53,8368.0,1.0,7,,4.0,0.0,1.0,1.0
202300027375,1.0,1,4,1,0.0,1.0,-1.0, -1,-1.0,2002.0,A01,1,8,2023,23:45,4,76.0,76341,1,1,3.0,7.0,RD 6382,"49,51346000","0,19447000",,76.076341,76341,Seine-Maritime,28.0,Normandie,70.0,3.0,3.0,0,3.0,28,Normandie,76,2,15,Harfleur,8315,53,8368.0,1.0,7,,4.0,0.0,1.0,1.0
202300027375,2.0,2,4,1,0.0,1.0,-1.0, -1,-1.0,1999.0,A01,1,8,2023,23:45,4,76.0,76341,1,1,3.0,7.0,RD 6382,"49,51346000","0,19447000",,76.076341,76341,Seine-Maritime,28.0,Normandie,70.0,3.0,3.0,0,3.0,28,Normandie,76,2,15,Harfleur,8315,53,8368.0,1.0,7,,4.0,0.0,1.0,1.0
202300027376,1.0,1,4,1,5.0,2.0,-1.0, -1,-1.0,2002.0,A01,1,8,2023,21:00,2,76.0,76351,2,1,2.0,6.0,HENRY GENESTAL,"49,49581000","0,10578000",,76.076351,76351,Seine-Maritime,28.0,Normandie,30.0,4.0,2.0,2,2.0,28,Normandie,76,2,96,LeHavre,166058,1780,167838.0,0.0,50,,1.0,0.0,1.0,14.0
202300027409,1.0,1,3,1,0.0,8.0,-1.0, -1,-1.0,1997.0,B01,17,4,2023,16:45,1,76.0,76540,2,1,1.0,3.0,Rue d'Elbeuf,"49,42643000","1,08308000",,76.076540,76540,Seine-Maritime,28.0,Normandie,50.0,4.0,2.0,2,1.0,28,Normandie,76,3,97,Rouen,114083,1556,115639.0,0.0,50,,0.0,2.0,0.0,26.0
202300027409,1.0,1,1,2,0.0,1.0,-1.0, -1,-1.0,1965.0,A01,17,4,2023,16:45,1,76.0,76540,2,1,1.0,3.0,Rue d'Elbeuf,"49,42643000","1,08308000",,76.076540,76540,Seine-Maritime,28.0,Normandie,50.0,4.0,2.0,2,1.0,28,Normandie,76,3,97,Rouen,114083,1556,115639.0,0.0,7,,0.0,2.0,1.0,1.0
202300027410,1.0,1,4,1,0.0,1.0,-1.0, -1,-1.0,1969.0,A01,15,4,2023,15:00,1,76.0,76351,2,1,1.0,6.0,GEORGE V (QUAI),"49,49113000","0,11490000",,76.076351,76351,Seine-Maritime,28.0,Normandie,50.0,4.0,1.0,2,1.0,28,Normandie,76,2,96,LeHavre,166058,1780,167838.0,0.0,7,,9.0,0.0,1.0,26.0
202300027544,1.0,1,1,1,5.0,1.0,0.0,0,-1.0,1963.0,A01,20,1,2023,16:24,1,76.0,76302,2,1,1.0,6.0,Rue Jean Prévost,"49,64903100","0,36461900",,76.076302,76302,Seine-Maritime,28.0,Normandie,50.0,4.0,2.0,2,1.0,28,Normandie,76,2,32,GodervilLe2839,39,2878,,0.0,7,,0.0,1.0,2.0,1.0
202300027544,10.0,3,4,2,2.0,0.0,3.0,5,2.0,2018.0,A01,20,1,2023,16:24,1,76.0,76302,2,1,1.0,6.0,Rue Jean Prévost,"49,64903100","0,36461900",,76.076302,76302,Seine-Maritime,28.0,Normandie,50.0,4.0,2.0,2,1.0,28,Normandie,76,2,32,GodervilLe2839,39,2878,,0.0,7,,0.0,1.0,2.0,1.0
202300027594,1.0,1,4,1,0.0,1.0,0.0,0,-1.0,1945.0,B01,17,4,2023,20:30,2,76.0,76235,1,1,1.0,1.0,D920,"49,90020500","1,24658300",,76.076235,76235,Seine-Maritime,28.0,Normandie,80.0,3.0,2.0,2,1.0,28,Normandie,76,1,8,Envermeu,1978,132,2110.0,1.0,7,,0.0,2.0,2.0,2.0
202300027594,1.0,1,1,1,1.0,1.0,0.0,0,-1.0,1999.0,A01,17,4,2023,20:30,2,76.0,76235,1,1,1.0,1.0,D920,"49,90020500","1,24658300",,76.076235,76235,Seine-Maritime,28.0,Normandie,80.0,3.0,2.0,2,1.0,28,Normandie,76,1,8,Envermeu,1978,132,2110.0,2.0,7,,0.0,2.0,1.0,5.0
202300027609,1.0,1,4,1,1.0,2.0,0.0,0,-1.0,1967.0,B01,17,4,2023,18:30,1,76.0,76662,2,1,1.0,3.0,La Grande Rue,"49,77104100","0,89187700",,76.076662,76662,Seine-Maritime,28.0,Normandie,-1.0,4.0,2.0,2,1.0,28,Normandie,76,1,20,Sassetot-le-Malgardé,106,1,107.0,3.0,33,,0.0,2.0,1.0,1.0
202300027609,1.0,1,1,1,1.0,1.0,0.0,0,-1.0,1985.0,A01,17,4,2023,18:30,1,76.0,76662,2,1,1.0,3.0,La Grande Rue,"49,77104100","0,89187700",,76.076662,76662,Seine-Maritime,28.0,Normandie,-1.0,4.0,2.0,2,1.0,28,Normandie,76,1,20,Sassetot-le-Malgardé,106,1,107.0,3.0,7,,0.0,2.0,8.0,26.0
202300027640,1.0,1,3,1,1.0,1.0,0.0,0,-1.0,1980.0,B01,23,1,2023,18:10,3,76.0,76657,1,1,1.0,3.0,RD982,"49,48456600","0,35722700",,76.076657,76657,Seine-Maritime,28.0,Normandie,-1.0,3.0,4.0,2,1.0,28,Normandie,76,2,32,Saint-Vigor-d'YmonvilLe1167,24,1191,,2.0,7,,0.0,2.0,1.0,1.0
202300027640,1.0,1,1,1,5.0,1.0,0.0,0,-1.0,2002.0,A01,23,1,2023,18:10,3,76.0,76657,1,1,1.0,3.0,RD982,"49,48456600","0,35722700",,76.076657,76657,Seine-Maritime,28.0,Normandie,-1.0,3.0,4.0,2,1.0,28,Normandie,76,2,32,Saint-Vigor-d'YmonvilLe1167,24,1191,,1.0,7,,0.0,0.0,8.0,19.0