Num_Acc,place,catu,grav,sexe,trajet,secu,locp,actp,etatp,an_nais,num_veh,jour,mois,an,hrmn,lum,dep,com,agg,int,atm,col,adr,lat,long,gps,com_insee_temp,com_insee,departmentName,regionCode,regionName,vma,catr,circ,nbv,surf,Code,Region,Departement,Arrondissement,Code_Canton,Nom_Commune,Population_municipaLe,Population_comptee_a_part,Population_Totale,senc,catv,occutc,obs,obsm,choc,manv
202300027659,1.0,1,4,1,0.0,2.0,-1.0, -1,-1.0,1998.0,A01,31,7,2023,18:30,1,76.0,76351,2,1,3.0,7.0,JULES DURAND (BD),"49,48987242","0,15668526",,76.076351,76351,Seine-Maritime,28.0,Normandie,50.0,4.0,2.0,2,2.0,28,Normandie,76,2,96,LeHavre,166058,1780,167838.0,0.0,31,,0.0,0.0,0.0,1.0
202300027700,10.0,3,3,2,5.0,0.0,3.0,3,1.0,1956.0,A01,21,1,2023,15:55,1,76.0,76351,2,3,1.0,6.0,PHILIPPE LEBON,"49,49600300","0,12673000",,76.076351,76351,Seine-Maritime,28.0,Normandie,50.0,4.0,2.0,2,1.0,28,Normandie,76,2,96,LeHavre,166058,1780,167838.0,0.0,7,,0.0,1.0,1.0,16.0
202300027700,1.0,1,1,2,5.0,1.0,-1.0, -1,-1.0,1959.0,A01,21,1,2023,15:55,1,76.0,76351,2,3,1.0,6.0,PHILIPPE LEBON,"49,49600300","0,12673000",,76.076351,76351,Seine-Maritime,28.0,Normandie,50.0,4.0,2.0,2,1.0,28,Normandie,76,2,96,LeHavre,166058,1780,167838.0,0.0,7,,0.0,1.0,1.0,16.0
202300027902,1.0,1,4,1,9.0,2.0,0.0,0,-1.0,2007.0,A01,2,8,2023,14:00,1,76.0,76075,2,4,6.0,1.0,Route de la Mer,"49,76839100","1,04875700",,76.076075,76075,Seine-Maritime,28.0,Normandie,-1.0,3.0,2.0, -1,1.0,28,Normandie,76,1,20,Belmesnil,451,3,454.0,1.0,2,,0.0,2.0,1.0,1.0
202300027902,1.0,1,1,1,9.0,1.0,0.0,0,-1.0,1966.0,B01,2,8,2023,14:00,1,76.0,76075,2,4,6.0,1.0,Route de la Mer,"49,76839100","1,04875700",,76.076075,76075,Seine-Maritime,28.0,Normandie,-1.0,3.0,2.0, -1,1.0,28,Normandie,76,1,20,Belmesnil,451,3,454.0,2.0,7,,0.0,2.0,2.0,15.0
202300028401,1.0,1,3,1,1.0,1.0,-1.0, -1,-1.0,2003.0,A01,24,5,2023,09:50,1,76.0,76103,1,1,1.0,6.0,Route Neuve,"49,42215000","1,11930000",,76.076103,76103,Seine-Maritime,28.0,Normandie,80.0,7.0,2.0,2,1.0,28,Normandie,76,3,6,Bonsecours,6455,95,6550.0,3.0,7,,3.0,0.0,1.0,1.0
202300028446,1.0,1,1,2,0.0,1.0,-1.0, -1,-1.0,1998.0,B01,12,11,2023,19:15,5,76.0,76429,2,2,2.0,3.0,Rue d'Alsace,"49,41121344","1,15246904",,76.076429,76429,Seine-Maritime,28.0,Normandie,30.0,4.0,2.0,2,2.0,28,Normandie,76,3,21,LeMesnil-Esnard,7980,353,8333.0,0.0,7,,0.0,2.0,1.0,1.0
202300028446,1.0,1,3,1,0.0,8.0,-1.0, -1,-1.0,1997.0,A01,12,11,2023,19:15,5,76.0,76429,2,2,2.0,3.0,Rue d'Alsace,"49,41121344","1,15246904",,76.076429,76429,Seine-Maritime,28.0,Normandie,30.0,4.0,2.0,2,2.0,28,Normandie,76,3,21,LeMesnil-Esnard,7980,353,8333.0,0.0,1,,0.0,2.0,1.0,1.0
202300028450,1.0,1,1,1,5.0,8.0,0.0,0,-1.0,2004.0,A01,10,9,2023,04:45,3,76.0,76709,1,1,1.0,6.0,D20,"49,47504000","0,83509000",,76.076709,76709,Seine-Maritime,28.0,Normandie,80.0,7.0,2.0,2,1.0,28,Normandie,76,3,1,LeTrait,4780,38,4818.0,0.0,7,,2.0,0.0,7.0,0.0
202300028450,2.0,2,3,1,5.0,1.0,0.0,0,-1.0,2002.0,A01,10,9,2023,04:45,3,76.0,76709,1,1,1.0,6.0,D20,"49,47504000","0,83509000",,76.076709,76709,Seine-Maritime,28.0,Normandie,80.0,7.0,2.0,2,1.0,28,Normandie,76,3,1,LeTrait,4780,38,4818.0,0.0,7,,2.0,0.0,7.0,0.0
202300028650,1.0,1,3,1,5.0,1.0,0.0,0,-1.0,1992.0,A01,12,11,2023,01:40,3,76.0,76412,2,6,2.0,7.0,N31,"49,45996600","1,29919800",,76.076412,76412,Seine-Maritime,28.0,Normandie,50.0,2.0,3.0,2,2.0,28,Normandie,76,3,21,Martainville-ÉprevilLe715,11,726,,2.0,7,,8.0,0.0,0.0,5.0
202300028728,1.0,1,3,1,0.0,8.0,-1.0, -1,-1.0,1987.0,B01,8,9,2023,11:10,1,76.0,76498,2,1,1.0,3.0,Boulevard Charles de Gaulle,"49,42195400","1,06529504",,76.076498,76498,Seine-Maritime,28.0,Normandie,50.0,4.0,2.0,2,1.0,28,Normandie,76,3,27,LePetit-Quevilly,21782,274,22056.0,3.0,1,,0.0,9.0,1.0,26.0
202300028728,1.0,1,1,1,0.0,8.0,-1.0, -1,-1.0,2001.0,A01,8,9,2023,11:10,1,76.0,76498,2,1,1.0,3.0,Boulevard Charles de Gaulle,"49,42195400","1,06529504",,76.076498,76498,Seine-Maritime,28.0,Normandie,50.0,4.0,2.0,2,1.0,28,Normandie,76,3,27,LePetit-Quevilly,21782,274,22056.0,3.0,7,,0.0,9.0,3.0,22.0
202300028730,1.0,1,3,2,5.0,1.0,-1.0, -1,-1.0,1934.0,A01,7,9,2023,20:35,1,76.0,76351,2,2,1.0,3.0,BOIS AU COQ (AVENUE),"49,51855000","0,11681000",,76.076351,76351,Seine-Maritime,28.0,Normandie,50.0,4.0,2.0,2,1.0,28,Normandie,76,2,96,LeHavre,166058,1780,167838.0,0.0,7,,0.0,2.0,7.0,15.0
202300028730,1.0,1,4,1,0.0,1.0,-1.0, -1,-1.0,1987.0,B01,7,9,2023,20:35,1,76.0,76351,2,2,1.0,3.0,BOIS AU COQ (AVENUE),"49,51855000","0,11681000",,76.076351,76351,Seine-Maritime,28.0,Normandie,50.0,4.0,2.0,2,1.0,28,Normandie,76,2,96,LeHavre,166058,1780,167838.0,0.0,7,,9.0,2.0,1.0,1.0
202300028732,1.0,1,4,2,1.0,2.0,-1.0, -1,-1.0,1981.0,B01,7,9,2023,07:50,1,76.0,76351,2,1,1.0,2.0,VERDUN (RUE DE),"49,50122000","0,14799000",,76.076351,76351,Seine-Maritime,28.0,Normandie,50.0,4.0,-1.0,2,1.0,28,Normandie,76,2,96,LeHavre,166058,1780,167838.0,0.0,1,,0.0,2.0,4.0,2.0
202300028732,1.0,1,1,1,1.0,1.0,-1.0, -1,-1.0,1984.0,A01,7,9,2023,07:50,1,76.0,76351,2,1,1.0,2.0,VERDUN (RUE DE),"49,50122000","0,14799000",,76.076351,76351,Seine-Maritime,28.0,Normandie,50.0,4.0,-1.0,2,1.0,28,Normandie,76,2,96,LeHavre,166058,1780,167838.0,3.0,7,,0.0,9.0,1.0,1.0
202300028735,1.0,1,4,1,5.0,1.0,-1.0, -1,-1.0,1948.0,A01,6,9,2023,16:36,1,76.0,76351,2,2,1.0,3.0,LONDES (DES),"49,51046500","0,16952000",,76.076351,76351,Seine-Maritime,28.0,Normandie,50.0,4.0,2.0,2,1.0,28,Normandie,76,2,96,LeHavre,166058,1780,167838.0,0.0,7,,0.0,2.0,7.0,15.0
202300028735,2.0,2,4,2,0.0,1.0,-1.0, -1,-1.0,2003.0,B01,6,9,2023,16:36,1,76.0,76351,2,2,1.0,3.0,LONDES (DES),"49,51046500","0,16952000",,76.076351,76351,Seine-Maritime,28.0,Normandie,50.0,4.0,2.0,2,1.0,28,Normandie,76,2,96,LeHavre,166058,1780,167838.0,0.0,7,,0.0,2.0,1.0,1.0
202300028735,1.0,1,1,1,0.0,1.0,-1.0, -1,-1.0,2004.0,B01,6,9,2023,16:36,1,76.0,76351,2,2,1.0,3.0,LONDES (DES),"49,51046500","0,16952000",,76.076351,76351,Seine-Maritime,28.0,Normandie,50.0,4.0,2.0,2,1.0,28,Normandie,76,2,96,LeHavre,166058,1780,167838.0,0.0,7,,0.0,2.0,1.0,1.0
202300028864,1.0,1,1,1,0.0,8.0,-1.0, -1,-1.0,2001.0,A01,19,8,2023,15:15,1,76.0,76540,2,2,1.0,1.0,Rue Nansen,"49,44507000","1,06379000",,76.076540,76540,Seine-Maritime,28.0,Normandie,50.0,7.0,1.0,3,1.0,28,Normandie,76,3,97,Rouen,114083,1556,115639.0,0.0,7,,0.0,2.0,0.0,2.0
202300028864,1.0,1,1,2,0.0,1.0,-1.0, -1,-1.0,1975.0,B01,19,8,2023,15:15,1,76.0,76540,2,2,1.0,1.0,Rue Nansen,"49,44507000","1,06379000",,76.076540,76540,Seine-Maritime,28.0,Normandie,50.0,7.0,1.0,3,1.0,28,Normandie,76,3,97,Rouen,114083,1556,115639.0,0.0,7,,0.0,2.0,4.0,2.0
202300028864,4.0,2,4,2,0.0,1.0,-1.0, -1,-1.0,2009.0,B01,19,8,2023,15:15,1,76.0,76540,2,2,1.0,1.0,Rue Nansen,"49,44507000","1,06379000",,76.076540,76540,Seine-Maritime,28.0,Normandie,50.0,7.0,1.0,3,1.0,28,Normandie,76,3,97,Rouen,114083,1556,115639.0,0.0,7,,0.0,2.0,4.0,2.0
202300028864,4.0,2,1,2,0.0,1.0,-1.0, -1,-1.0,1943.0,B01,19,8,2023,15:15,1,76.0,76540,2,2,1.0,1.0,Rue Nansen,"49,44507000","1,06379000",,76.076540,76540,Seine-Maritime,28.0,Normandie,50.0,7.0,1.0,3,1.0,28,Normandie,76,3,97,Rouen,114083,1556,115639.0,0.0,7,,0.0,2.0,4.0,2.0
202300028864,3.0,2,1,2,0.0,1.0,-1.0, -1,-1.0,2011.0,B01,19,8,2023,15:15,1,76.0,76540,2,2,1.0,1.0,Rue Nansen,"49,44507000","1,06379000",,76.076540,76540,Seine-Maritime,28.0,Normandie,50.0,7.0,1.0,3,1.0,28,Normandie,76,3,97,Rouen,114083,1556,115639.0,0.0,7,,0.0,2.0,4.0,2.0
202300028890,10.0,3,4,1,5.0,0.0,3.0,3,1.0,1958.0,A01,27,6,2023,19:05,1,76.0,76114,2,6,1.0,6.0,Boulevard Jules Passas,"49,56987000","0,47858000",,76.076114,76114,Seine-Maritime,28.0,Normandie,50.0,3.0,2.0,2,1.0,28,Normandie,76,2,3,Bolbec,11635,147,11782.0,2.0,7,,15.0,1.0,2.0,16.0
202300028890,1.0,1,1,1,5.0,8.0,-1.0, -1,-1.0,1982.0,A01,27,6,2023,19:05,1,76.0,76114,2,6,1.0,6.0,Boulevard Jules Passas,"49,56987000","0,47858000",,76.076114,76114,Seine-Maritime,28.0,Normandie,50.0,3.0,2.0,2,1.0,28,Normandie,76,2,3,Bolbec,11635,147,11782.0,2.0,7,,15.0,1.0,2.0,16.0
202300028903,1.0,1,1,1,5.0,1.0,-1.0, -1,-1.0,1974.0,A01,15,12,2023,18:30,5,76.0,76429,2,1,8.0,3.0,Route de Paris,"49,40990000","1,14278000",,76.076429,76429,Seine-Maritime,28.0,Normandie,50.0,7.0,2.0,2,1.0,28,Normandie,76,3,21,LeMesnil-Esnard,7980,353,8333.0,1.0,7,,0.0,2.0,1.0,10.0
202300028903,1.0,1,4,1,0.0,2.0,-1.0, -1,-1.0,2005.0,B01,15,12,2023,18:30,5,76.0,76429,2,1,8.0,3.0,Route de Paris,"49,40990000","1,14278000",,76.076429,76429,Seine-Maritime,28.0,Normandie,50.0,7.0,2.0,2,1.0,28,Normandie,76,3,21,LeMesnil-Esnard,7980,353,8333.0,1.0,2,,0.0,2.0,1.0,1.0
202300028911,1.0,1,1,1,5.0,1.0,-1.0, -1,-1.0,1980.0,A01,27,6,2023,20:50,2,76.0,76575,2,3,1.0,6.0,Rue Moliere,"49,40367100","1,07542300",,76.076575,76575,Seine-Maritime,28.0,Normandie,50.0,4.0,2.0,2,1.0,28,Normandie,76,3,98,Saint-Étienne-du-Rouvray,28508,225,28733.0,3.0,7,,1.0,1.0,2.0,1.0
202300028911,10.0,3,4,1,5.0,0.0,3.0,3,1.0,1993.0,A01,27,6,2023,20:50,2,76.0,76575,2,3,1.0,6.0,Rue Moliere,"49,40367100","1,07542300",,76.076575,76575,Seine-Maritime,28.0,Normandie,50.0,4.0,2.0,2,1.0,28,Normandie,76,3,98,Saint-Étienne-du-Rouvray,28508,225,28733.0,3.0,7,,1.0,1.0,2.0,1.0
202300028912,1.0,1,3,2,1.0,8.0,-1.0, -1,-1.0,2006.0,A01,24,6,2023,21:36,1,76.0,76351,2,3,1.0,3.0,FRANCOIS 1ER (BD),"49,49027000","0,10076000",,76.076351,76351,Seine-Maritime,28.0,Normandie,50.0,4.0,3.0,5,1.0,28,Normandie,76,2,96,LeHavre,166058,1780,167838.0,1.0,50,,0.0,2.0,1.0,19.0
202300028912,1.0,1,1,1,5.0,1.0,-1.0, -1,-1.0,1982.0,B01,24,6,2023,21:36,1,76.0,76351,2,3,1.0,3.0,FRANCOIS 1ER (BD),"49,49027000","0,10076000",,76.076351,76351,Seine-Maritime,28.0,Normandie,50.0,4.0,3.0,5,1.0,28,Normandie,76,2,96,LeHavre,166058,1780,167838.0,2.0,7,,0.0,2.0,3.0,1.0
202300029003,1.0,1,3,1,1.0,1.0,0.0,0,-1.0,1999.0,A01,28,6,2023,14:55,1,76.0,76421,1,1,1.0,5.0,D6015,"49,55493700","0,42679300",,76.076421,76421,Seine-Maritime,28.0,Normandie,80.0,3.0,2.0,3,1.0,28,Normandie,76,2,3,Mélamare,928,14,942.0,2.0,7,,0.0,2.0,1.0,5.0
202300029003,1.0,1,4,2,3.0,1.0,0.0,0,-1.0,1991.0,B01,28,6,2023,14:55,1,76.0,76421,1,1,1.0,5.0,D6015,"49,55493700","0,42679300",,76.076421,76421,Seine-Maritime,28.0,Normandie,80.0,3.0,2.0,3,1.0,28,Normandie,76,2,3,Mélamare,928,14,942.0,1.0,7,,0.0,2.0,1.0,1.0
202300029003,2.0,2,4,2,3.0,1.0,0.0,0,-1.0,2012.0,B01,28,6,2023,14:55,1,76.0,76421,1,1,1.0,5.0,D6015,"49,55493700","0,42679300",,76.076421,76421,Seine-Maritime,28.0,Normandie,80.0,3.0,2.0,3,1.0,28,Normandie,76,2,3,Mélamare,928,14,942.0,1.0,7,,0.0,2.0,1.0,1.0
202300029003,7.0,2,4,1,3.0,1.0,0.0,0,-1.0,2015.0,B01,28,6,2023,14:55,1,76.0,76421,1,1,1.0,5.0,D6015,"49,55493700","0,42679300",,76.076421,76421,Seine-Maritime,28.0,Normandie,80.0,3.0,2.0,3,1.0,28,Normandie,76,2,3,Mélamare,928,14,942.0,1.0,7,,0.0,2.0,1.0,1.0
202300029003,1.0,1,1,1,1.0,1.0,0.0,0,-1.0,1976.0,C01,28,6,2023,14:55,1,76.0,76421,1,1,1.0,5.0,D6015,"49,55493700","0,42679300",,76.076421,76421,Seine-Maritime,28.0,Normandie,80.0,3.0,2.0,3,1.0,28,Normandie,76,2,3,Mélamare,928,14,942.0,2.0,7,,0.0,2.0,1.0,1.0
202300029155,10.0,3,3,2,5.0,0.0,3.0,3,1.0,1944.0,A01,10,10,2023,13:30,1,76.0,76392,2,2,7.0,6.0,Rue du Maréchal Leclerc,"49,83379900","1,40133600",,76.076392,76392,Seine-Maritime,28.0,Normandie,-1.0,3.0,2.0, -1,1.0,28,Normandie,76,1,23,Londinières,1243,20,1263.0,2.0,7,,14.0,1.0,3.0,21.0
202300029155,1.0,1,1,2,1.0,1.0,0.0,0,-1.0,1983.0,A01,10,10,2023,13:30,1,76.0,76392,2,2,7.0,6.0,Rue du Maréchal Leclerc,"49,83379900","1,40133600",,76.076392,76392,Seine-Maritime,28.0,Normandie,-1.0,3.0,2.0, -1,1.0,28,Normandie,76,1,23,Londinières,1243,20,1263.0,2.0,7,,14.0,1.0,3.0,21.0
202300029319,1.0,1,4,1,1.0,8.0,-1.0, -1,-1.0,2006.0,B01,21,1,2023,20:00,5,76.0,76319,2,9,1.0,3.0,Avenue de Caen,"49,34777600","0,99179000",,76.076319,76319,Seine-Maritime,28.0,Normandie,50.0,7.0,2.0,2,1.0,28,Normandie,76,3,9,Grand-Couronne,9726,177,9903.0,3.0,80,,0.0,2.0,0.0,0.0
202300029319,1.0,1,1,1,1.0,1.0,-1.0, -1,-1.0,1974.0,A01,21,1,2023,20:00,5,76.0,76319,2,9,1.0,3.0,Avenue de Caen,"49,34777600","0,99179000",,76.076319,76319,Seine-Maritime,28.0,Normandie,50.0,7.0,2.0,2,1.0,28,Normandie,76,3,9,Grand-Couronne,9726,177,9903.0,3.0,7,,0.0,2.0,3.0,9.0
202300029322,2.0,2,4,2,5.0,2.0,-1.0, -1,-1.0,2010.0,D01,21,1,2023,17:09,2,76.0,76231,1,1,1.0,4.0,Rue du Neubourg,"49,27225000","0,99095000",,76.076231,76231,Seine-Maritime,28.0,Normandie,80.0,7.0,2.0,2,2.0,28,Normandie,76,3,9,Elbeuf,15951,138,16089.0,2.0,33,,0.0,2.0,9.0,1.0
202300029322,1.0,1,3,1,5.0,2.0,-1.0, -1,-1.0,1961.0,D01,21,1,2023,17:09,2,76.0,76231,1,1,1.0,4.0,Rue du Neubourg,"49,27225000","0,99095000",,76.076231,76231,Seine-Maritime,28.0,Normandie,80.0,7.0,2.0,2,2.0,28,Normandie,76,3,9,Elbeuf,15951,138,16089.0,2.0,33,,0.0,2.0,9.0,1.0
202300029322,1.0,1,1,2,0.0,1.0,-1.0, -1,-1.0,1999.0,C01,21,1,2023,17:09,2,76.0,76231,1,1,1.0,4.0,Rue du Neubourg,"49,27225000","0,99095000",,76.076231,76231,Seine-Maritime,28.0,Normandie,80.0,7.0,2.0,2,2.0,28,Normandie,76,3,9,Elbeuf,15951,138,16089.0,2.0,7,,0.0,2.0,1.0,1.0
202300029322,1.0,1,4,2,0.0,1.0,-1.0, -1,-1.0,1992.0,B01,21,1,2023,17:09,2,76.0,76231,1,1,1.0,4.0,Rue du Neubourg,"49,27225000","0,99095000",,76.076231,76231,Seine-Maritime,28.0,Normandie,80.0,7.0,2.0,2,2.0,28,Normandie,76,3,9,Elbeuf,15951,138,16089.0,2.0,7,,0.0,2.0,1.0,1.0
202300029322,1.0,1,4,2,0.0,1.0,-1.0, -1,-1.0,1943.0,A01,21,1,2023,17:09,2,76.0,76231,1,1,1.0,4.0,Rue du Neubourg,"49,27225000","0,99095000",,76.076231,76231,Seine-Maritime,28.0,Normandie,80.0,7.0,2.0,2,2.0,28,Normandie,76,3,9,Elbeuf,15951,138,16089.0,2.0,7,,0.0,2.0,4.0,1.0
202300029433,1.0,1,3,2,5.0,1.0,-1.0, -1,-1.0,1987.0,A01,28,7,2023,20:30,1,76.0,76351,2,3,1.0,6.0,IRENE JOLIOT CURIE (RUE),"49,50650000","0,09996000",,76.076351,76351,Seine-Maritime,28.0,Normandie,50.0,4.0,2.0,2,1.0,28,Normandie,76,2,96,LeHavre,166058,1780,167838.0,1.0,7,,8.0,0.0,1.0,15.0
202300029433,2.0,2,1,1,0.0,1.0,-1.0, -1,-1.0,1972.0,A01,28,7,2023,20:30,1,76.0,76351,2,3,1.0,6.0,IRENE JOLIOT CURIE (RUE),"49,50650000","0,09996000",,76.076351,76351,Seine-Maritime,28.0,Normandie,50.0,4.0,2.0,2,1.0,28,Normandie,76,2,96,LeHavre,166058,1780,167838.0,1.0,7,,8.0,0.0,1.0,15.0
202300029525,1.0,1,4,1,5.0,1.0,0.0,0,-1.0,2003.0,A01,17,4,2023,17:41,1,76.0,76443,2,3,1.0,3.0,Route de Cléres,"49,56315600","1,12580900",,76.076443,76443,Seine-Maritime,28.0,Normandie,-1.0,3.0,2.0, -1,1.0,28,Normandie,76,3,2,Mont-Cauvaire,862,16,878.0,2.0,7,,0.0,2.0,3.0,15.0
202300029525,1.0,1,4,2,0.0,1.0,0.0,0,-1.0,1967.0,B01,17,4,2023,17:41,1,76.0,76443,2,3,1.0,3.0,Route de Cléres,"49,56315600","1,12580900",,76.076443,76443,Seine-Maritime,28.0,Normandie,-1.0,3.0,2.0, -1,1.0,28,Normandie,76,3,2,Mont-Cauvaire,862,16,878.0,1.0,7,,0.0,2.0,1.0,1.0
202300029905,1.0,1,3,1,5.0,2.0,0.0,0,-1.0,2006.0,B01,25,5,2023,15:15,1,76.0,76281,1,1,1.0,3.0,D110,"49,50980800","0,57562400",,76.076281,76281,Seine-Maritime,28.0,Normandie,70.0,3.0,2.0,2,1.0,28,Normandie,76,2,25,La Frénaye,2081,44,2125.0,1.0,1,,0.0,2.0,8.0,16.0
202300029905,1.0,1,1,1,4.0,1.0,0.0,0,-1.0,1973.0,A01,25,5,2023,15:15,1,76.0,76281,1,1,1.0,3.0,D110,"49,50980800","0,57562400",,76.076281,76281,Seine-Maritime,28.0,Normandie,70.0,3.0,2.0,2,1.0,28,Normandie,76,2,25,La Frénaye,2081,44,2125.0,1.0,10,,0.0,2.0,7.0,1.0
202300029985,1.0,1,3,1,1.0,8.0,-1.0, -1,-1.0,1992.0,B01,3,3,2023,07:50,1,76.0,76351,2,6,1.0,6.0,FRISSARD (QUAI),"49,49145000","0,13253000",,76.076351,76351,Seine-Maritime,28.0,Normandie,30.0,4.0,-1.0,2,1.0,28,Normandie,76,2,96,LeHavre,166058,1780,167838.0,1.0,50,,0.0,2.0,8.0,19.0
202300029985,1.0,1,1,1,5.0,1.0,-1.0, -1,-1.0,1970.0,A01,3,3,2023,07:50,1,76.0,76351,2,6,1.0,6.0,FRISSARD (QUAI),"49,49145000","0,13253000",,76.076351,76351,Seine-Maritime,28.0,Normandie,30.0,4.0,-1.0,2,1.0,28,Normandie,76,2,96,LeHavre,166058,1780,167838.0,1.0,7,,0.0,2.0,1.0,1.0
202300029989,1.0,1,1,1,4.0,1.0,-1.0, -1,-1.0,1973.0,B01,2,3,2023,15:25,1,76.0,76351,2,1,1.0,1.0,ALBERT 1ER,"49,50186000","0,08724000",,76.076351,76351,Seine-Maritime,28.0,Normandie,50.0,4.0,2.0,2,1.0,28,Normandie,76,2,96,LeHavre,166058,1780,167838.0,0.0,37,1.0,0.0,0.0,1.0,1.0
202300029989,1.0,1,3,2,0.0,1.0,-1.0, -1,-1.0,1968.0,A01,2,3,2023,15:25,1,76.0,76351,2,1,1.0,1.0,ALBERT 1ER,"49,50186000","0,08724000",,76.076351,76351,Seine-Maritime,28.0,Normandie,50.0,4.0,2.0,2,1.0,28,Normandie,76,2,96,LeHavre,166058,1780,167838.0,0.0,7,,0.0,2.0,1.0,13.0
202300029992,1.0,1,1,1,5.0,1.0,0.0,0,-1.0,1942.0,A01,25,5,2023,18:40,1,76.0,76638,1,2,1.0,3.0,D1314,"50,00941500","1,42990100",,76.076638,76638,Seine-Maritime,28.0,Normandie,80.0,3.0,-1.0,2,1.0,28,Normandie,76,1,10,Saint-Pierre-en-Val,1090,16,1106.0,1.0,7,,0.0,2.0,3.0,19.0
202300029992,2.0,2,3,1,5.0,2.0,0.0,0,-1.0,2005.0,B01,25,5,2023,18:40,1,76.0,76638,1,2,1.0,3.0,D1314,"50,00941500","1,42990100",,76.076638,76638,Seine-Maritime,28.0,Normandie,80.0,3.0,-1.0,2,1.0,28,Normandie,76,1,10,Saint-Pierre-en-Val,1090,16,1106.0,1.0,33,,0.0,2.0,1.0,1.0
202300029992,1.0,1,3,1,5.0,2.0,0.0,0,-1.0,1996.0,B01,25,5,2023,18:40,1,76.0,76638,1,2,1.0,3.0,D1314,"50,00941500","1,42990100",,76.076638,76638,Seine-Maritime,28.0,Normandie,80.0,3.0,-1.0,2,1.0,28,Normandie,76,1,10,Saint-Pierre-en-Val,1090,16,1106.0,1.0,33,,0.0,2.0,1.0,1.0
202300030088,2.0,2,3,1,5.0,1.0,0.0,0,-1.0,1996.0,A01,16,4,2023,04:30,5,76.0,76557,2,1,5.0,6.0,Route du Havre,"49,52827300","0,66070900",,76.076557,76557,Seine-Maritime,28.0,Normandie,50.0,3.0,2.0,2,1.0,28,Normandie,76,3,25,Saint-Arnoult,1453,23,1476.0,1.0,7,,2.0,0.0,7.0,17.0
202300030088,9.0,2,2,1,5.0,1.0,0.0,0,-1.0,1991.0,A01,16,4,2023,04:30,5,76.0,76557,2,1,5.0,6.0,Route du Havre,"49,52827300","0,66070900",,76.076557,76557,Seine-Maritime,28.0,Normandie,50.0,3.0,2.0,2,1.0,28,Normandie,76,3,25,Saint-Arnoult,1453,23,1476.0,1.0,7,,2.0,0.0,7.0,17.0
202300030088,1.0,1,3,1,5.0,1.0,0.0,0,-1.0,1992.0,A01,16,4,2023,04:30,5,76.0,76557,2,1,5.0,6.0,Route du Havre,"49,52827300","0,66070900",,76.076557,76557,Seine-Maritime,28.0,Normandie,50.0,3.0,2.0,2,1.0,28,Normandie,76,3,25,Saint-Arnoult,1453,23,1476.0,1.0,7,,2.0,0.0,7.0,17.0
202300030187,10.0,3,4,1,0.0,0.0,3.0,3,1.0,1948.0,A01,10,11,2023,22:00,5,76.0,76540,2,2,2.0,6.0,Rue Jeanne d'Arc,"49,44006000","1,08932000",,76.076540,76540,Seine-Maritime,28.0,Normandie,50.0,4.0,1.0,1,2.0,28,Normandie,76,3,97,Rouen,114083,1556,115639.0,0.0,7,,0.0,1.0,1.0,1.0
202300030187,1.0,1,1,1,0.0,1.0,-1.0, -1,-1.0,1965.0,A01,10,11,2023,22:00,5,76.0,76540,2,2,2.0,6.0,Rue Jeanne d'Arc,"49,44006000","1,08932000",,76.076540,76540,Seine-Maritime,28.0,Normandie,50.0,4.0,1.0,1,2.0,28,Normandie,76,3,97,Rouen,114083,1556,115639.0,0.0,7,,0.0,1.0,1.0,1.0
202300030204,1.0,1,1,1,0.0,1.0,-1.0, -1,-1.0,1991.0,B01,22,5,2023,13:30,1,76.0,76351,2,3,1.0,3.0,BOIS AU COQ (RUE),"49,50920000","0,13485000",,76.076351,76351,Seine-Maritime,28.0,Normandie,30.0,4.0,1.0,1,1.0,28,Normandie,76,2,96,LeHavre,166058,1780,167838.0,1.0,7,,0.0,0.0,2.0,16.0
202300030204,1.0,1,4,1,0.0,8.0,-1.0, -1,-1.0,1982.0,A01,22,5,2023,13:30,1,76.0,76351,2,3,1.0,3.0,BOIS AU COQ (RUE),"49,50920000","0,13485000",,76.076351,76351,Seine-Maritime,28.0,Normandie,30.0,4.0,1.0,1,1.0,28,Normandie,76,2,96,LeHavre,166058,1780,167838.0,2.0,50,,0.0,2.0,1.0,1.0
202300030353,4.0,2,4,2,0.0,1.0,-1.0, -1,-1.0,2009.0,B01,14,12,2023,19:40,5,76.0,76481,1,6,1.0,2.0,RD 940,"49,55498000","0,11149000",,76.076481,76481,Seine-Maritime,28.0,Normandie,50.0,3.0,2.0,2,2.0,28,Normandie,76,2,26,Octeville-sur-Mer,6122,119,6241.0,1.0,7,,0.0,2.0,4.0,23.0
202300030353,1.0,1,1,2,0.0,1.0,-1.0, -1,-1.0,1974.0,B01,14,12,2023,19:40,5,76.0,76481,1,6,1.0,2.0,RD 940,"49,55498000","0,11149000",,76.076481,76481,Seine-Maritime,28.0,Normandie,50.0,3.0,2.0,2,2.0,28,Normandie,76,2,26,Octeville-sur-Mer,6122,119,6241.0,1.0,7,,0.0,2.0,4.0,23.0
202300030353,1.0,1,1,1,0.0,1.0,-1.0, -1,-1.0,2004.0,A01,14,12,2023,19:40,5,76.0,76481,1,6,1.0,2.0,RD 940,"49,55498000","0,11149000",,76.076481,76481,Seine-Maritime,28.0,Normandie,50.0,3.0,2.0,2,2.0,28,Normandie,76,2,26,Octeville-sur-Mer,6122,119,6241.0,1.0,7,,0.0,2.0,1.0,2.0