Num_Acc,place,catu,grav,sexe,trajet,secu,locp,actp,etatp,an_nais,num_veh,jour,mois,an,hrmn,lum,dep,com,agg,int,atm,col,adr,lat,long,gps,com_insee_temp,com_insee,departmentName,regionCode,regionName,vma,catr,circ,nbv,surf,Code,Region,Departement,Arrondissement,Code_Canton,Nom_Commune,Population_municipaLe,Population_comptee_a_part,Population_Totale,senc,catv,occutc,obs,obsm,choc,manv
202300032070,1.0,1,1,1,4.0,1.0,-1.0, -1,-1.0,1999.0,B01,22,5,2023,10:50,1,76.0,76217,2,1,1.0,1.0,ROCADE DE JANVAL,"49,91037000","1,07445000",,76.076217,76217,Seine-Maritime,28.0,Normandie,50.0,3.0,2.0,2,1.0,28,Normandie,76,1,95,Dieppe,28358,455,28813.0,0.0,17,,0.0,2.0,1.0,5.0
202300032091,1.0,1,3,2,1.0,1.0,0.0,0,-1.0,2003.0,A01,3,3,2023,17:15,1,76.0,76452,1,1,1.0,7.0,Rue de Fontaine,"49,55451200","1,09126200",,76.076452,76452,Seine-Maritime,28.0,Normandie,80.0,3.0,2.0,2,1.0,28,Normandie,76,3,2,MontvilLe4595,51,4646,,1.0,7,,0.0,0.0,9.0,16.0
202300032095,1.0,1,3,2,5.0,1.0,0.0,0,-1.0,2001.0,A01,4,3,2023,00:30,3,76.0,76367,1,1,1.0,6.0,D3,"49,50498000","1,10553100",,76.076367,76367,Seine-Maritime,28.0,Normandie,50.0,7.0,2.0,2,1.0,28,Normandie,76,3,24,HouppevilLe2884,51,2935,,2.0,7,,2.0,0.0,1.0,13.0
202300032095,2.0,2,3,2,5.0,1.0,0.0,0,-1.0,2002.0,A01,4,3,2023,00:30,3,76.0,76367,1,1,1.0,6.0,D3,"49,50498000","1,10553100",,76.076367,76367,Seine-Maritime,28.0,Normandie,50.0,7.0,2.0,2,1.0,28,Normandie,76,3,24,HouppevilLe2884,51,2935,,2.0,7,,2.0,0.0,1.0,13.0
202300032104,1.0,1,4,1,1.0,1.0,-1.0, -1,-1.0,1982.0,B01,8,11,2023,12:45,1,76.0,76447,2,1,2.0,1.0,Avenue Georges Clémenceau,"49,55468000","0,20650000",,76.076447,76447,Seine-Maritime,28.0,Normandie,50.0,3.0,2.0,2,2.0,28,Normandie,76,2,15,Montivilliers,15457,203,15660.0,1.0,7,,0.0,2.0,1.0,1.0
202300032104,1.0,1,3,1,5.0,1.0,-1.0, -1,-1.0,1952.0,A01,8,11,2023,12:45,1,76.0,76447,2,1,2.0,1.0,Avenue Georges Clémenceau,"49,55468000","0,20650000",,76.076447,76447,Seine-Maritime,28.0,Normandie,50.0,3.0,2.0,2,2.0,28,Normandie,76,2,15,Montivilliers,15457,203,15660.0,2.0,7,,0.0,2.0,1.0,13.0
202300032104,2.0,2,4,1,5.0,1.0,-1.0, -1,-1.0,2004.0,A01,8,11,2023,12:45,1,76.0,76447,2,1,2.0,1.0,Avenue Georges Clémenceau,"49,55468000","0,20650000",,76.076447,76447,Seine-Maritime,28.0,Normandie,50.0,3.0,2.0,2,2.0,28,Normandie,76,2,15,Montivilliers,15457,203,15660.0,2.0,7,,0.0,2.0,1.0,13.0
202300032408,1.0,1,1,1,1.0,1.0,-1.0, -1,-1.0,1987.0,A01,1,3,2023,07:20,2,76.0,76540,2,6,1.0,6.0,Boulevard Gambetta,"49,43695800","1,10236800",,76.076540,76540,Seine-Maritime,28.0,Normandie,50.0,4.0,3.0,2,1.0,28,Normandie,76,3,97,Rouen,114083,1556,115639.0,3.0,7,,0.0,1.0,1.0,16.0
202300032408,10.0,3,3,2,9.0,0.0,3.0,3,1.0,1962.0,A01,1,3,2023,07:20,2,76.0,76540,2,6,1.0,6.0,Boulevard Gambetta,"49,43695800","1,10236800",,76.076540,76540,Seine-Maritime,28.0,Normandie,50.0,4.0,3.0,2,1.0,28,Normandie,76,3,97,Rouen,114083,1556,115639.0,3.0,7,,0.0,1.0,1.0,16.0
202300032611,1.0,1,4,1,5.0,2.0,0.0,0,-1.0,2007.0,A01,7,9,2023,21:10,5,76.0,76159,2,1,1.0,1.0,Route de Bosville,"49,77830200","0,64960400",,76.076159,76159,Seine-Maritime,28.0,Normandie,50.0,3.0,2.0,2,1.0,28,Normandie,76,1,33,Cany-BarvilLe2947,46,2993,,1.0,2,,0.0,2.0,1.0,1.0
202300032611,1.0,1,1,1,9.0,1.0,0.0,0,-1.0,1978.0,B01,7,9,2023,21:10,5,76.0,76159,2,1,1.0,1.0,Route de Bosville,"49,77830200","0,64960400",,76.076159,76159,Seine-Maritime,28.0,Normandie,50.0,3.0,2.0,2,1.0,28,Normandie,76,1,33,Cany-BarvilLe2947,46,2993,,2.0,7,,0.0,2.0,1.0,15.0
202300032655,2.0,2,3,2,5.0,2.0,0.0,0,-1.0,1956.0,A01,25,6,2023,18:35,1,76.0,76147,1,1,1.0,2.0,D915,"49,72385500","1,34458100",,76.076147,76147,Seine-Maritime,28.0,Normandie,80.0,3.0,2.0,2,1.0,28,Normandie,76,1,23,Bully,883,22,905.0,2.0,33,,1.0,0.0,1.0,2.0
202300032655,1.0,1,3,1,5.0,2.0,0.0,0,-1.0,1956.0,A01,25,6,2023,18:35,1,76.0,76147,1,1,1.0,2.0,D915,"49,72385500","1,34458100",,76.076147,76147,Seine-Maritime,28.0,Normandie,80.0,3.0,2.0,2,1.0,28,Normandie,76,1,23,Bully,883,22,905.0,2.0,33,,1.0,0.0,1.0,2.0
202300032655,1.0,1,1,1,9.0,1.0,0.0,0,-1.0,2004.0,B01,25,6,2023,18:35,1,76.0,76147,1,1,1.0,2.0,D915,"49,72385500","1,34458100",,76.076147,76147,Seine-Maritime,28.0,Normandie,80.0,3.0,2.0,2,1.0,28,Normandie,76,1,23,Bully,883,22,905.0,2.0,7,,0.0,0.0,6.0,2.0
202300032656,1.0,1,1,1,4.0,1.0,0.0,0,-1.0,1990.0,A01,23,6,2023,16:50,1,76.0,76684,1,1,1.0,2.0,D910,"49,48085000","0,45366300",,76.076684,76684,Seine-Maritime,28.0,Normandie,80.0,3.0,2.0,3,1.0,28,Normandie,76,2,3,TancarvilLe1218,24,1242,,2.0,7,,0.0,2.0,3.0,2.0
202300032656,1.0,1,3,1,1.0,2.0,0.0,0,-1.0,1996.0,B01,23,6,2023,16:50,1,76.0,76684,1,1,1.0,2.0,D910,"49,48085000","0,45366300",,76.076684,76684,Seine-Maritime,28.0,Normandie,80.0,3.0,2.0,3,1.0,28,Normandie,76,2,3,TancarvilLe1218,24,1242,,2.0,33,,0.0,0.0,4.0,15.0
202300032694,1.0,1,1,1,5.0,8.0,-1.0, -1,-1.0,1982.0,A01,24,6,2023,18:20,1,76.0,76498,2,2,1.0,6.0,Rue Ampere,"49,42862000","1,06258000",,76.076498,76498,Seine-Maritime,28.0,Normandie,50.0,4.0,2.0,2,1.0,28,Normandie,76,3,27,LePetit-Quevilly,21782,274,22056.0,0.0,7,,0.0,1.0,1.0,26.0
202300032694,10.0,3,4,1,5.0,0.0,9.0,3,1.0,2014.0,A01,24,6,2023,18:20,1,76.0,76498,2,2,1.0,6.0,Rue Ampere,"49,42862000","1,06258000",,76.076498,76498,Seine-Maritime,28.0,Normandie,50.0,4.0,2.0,2,1.0,28,Normandie,76,3,27,LePetit-Quevilly,21782,274,22056.0,0.0,7,,0.0,1.0,1.0,26.0
202300032797,1.0,1,3,1,2.0,1.0,0.0,0,-1.0,2004.0,A01,15,12,2023,00:30,3,76.0,76454,1,1,2.0,6.0,route departementale 929,"49,75410700","1,54759200",,76.076454,76454,Seine-Maritime,28.0,Normandie,70.0,3.0,2.0,2,2.0,28,Normandie,76,1,23,Mortemer,87,0,87.0,1.0,7,,2.0,0.0,1.0,0.0
202300032860,1.0,1,4,1,5.0,8.0,-1.0, -1,-1.0,1980.0,A01,6,9,2023,19:05,1,76.0,76319,2,1,1.0,7.0,Rue de Seelze,"49,35238000","1,00340000",,76.076319,76319,Seine-Maritime,28.0,Normandie,30.0,4.0,2.0,2,1.0,28,Normandie,76,3,9,Grand-Couronne,9726,177,9903.0,3.0,50,,0.0,0.0,0.0,19.0
202300032862,1.0,1,4,1,5.0,1.0,-1.0, -1,-1.0,1977.0,B01,20,8,2023,15:50,1,76.0,76486,1,1,1.0,1.0,Route de Moulineaux,"49,32210000","0,98570000",,76.076486,76486,Seine-Maritime,28.0,Normandie,80.0,7.0,2.0,2,1.0,28,Normandie,76,3,9,Orival,860,5,865.0,3.0,7,,0.0,2.0,1.0,1.0
202300032862,2.0,2,4,2,5.0,1.0,-1.0, -1,-1.0,1976.0,B01,20,8,2023,15:50,1,76.0,76486,1,1,1.0,1.0,Route de Moulineaux,"49,32210000","0,98570000",,76.076486,76486,Seine-Maritime,28.0,Normandie,80.0,7.0,2.0,2,1.0,28,Normandie,76,3,9,Orival,860,5,865.0,3.0,7,,0.0,2.0,1.0,1.0
202300032862,1.0,1,4,1,5.0,1.0,-1.0, -1,-1.0,2004.0,A01,20,8,2023,15:50,1,76.0,76486,1,1,1.0,1.0,Route de Moulineaux,"49,32210000","0,98570000",,76.076486,76486,Seine-Maritime,28.0,Normandie,80.0,7.0,2.0,2,1.0,28,Normandie,76,3,9,Orival,860,5,865.0,3.0,7,,14.0,2.0,1.0,1.0
202300032863,1.0,1,1,1,1.0,1.0,-1.0, -1,-1.0,1998.0,A01,6,9,2023,13:55,1,76.0,76217,2,3,1.0,3.0,DUQUESNE (QUAI),"49,92415000","1,08113000",,76.076217,76217,Seine-Maritime,28.0,Normandie,50.0,3.0,1.0,1,1.0,28,Normandie,76,1,95,Dieppe,28358,455,28813.0,1.0,7,,0.0,2.0,3.0,16.0
202300032863,1.0,1,4,2,1.0,1.0,-1.0, -1,-1.0,1968.0,B01,6,9,2023,13:55,1,76.0,76217,2,3,1.0,3.0,DUQUESNE (QUAI),"49,92415000","1,08113000",,76.076217,76217,Seine-Maritime,28.0,Normandie,50.0,3.0,1.0,1,1.0,28,Normandie,76,1,95,Dieppe,28358,455,28813.0,2.0,7,,0.0,2.0,2.0,1.0
202300032903,1.0,1,1,1,0.0,1.0,-1.0, -1,-1.0,1981.0,A01,13,12,2023,20:10,5,76.0,76540,2,2,2.0,3.0,Rue Saint Filleul,"49,44700070","1,06980121",,76.076540,76540,Seine-Maritime,28.0,Normandie,50.0,7.0,2.0,2,2.0,28,Normandie,76,3,97,Rouen,114083,1556,115639.0,1.0,7,,0.0,2.0,8.0,0.0
202300032903,1.0,1,3,1,4.0,8.0,-1.0, -1,-1.0,1997.0,B01,13,12,2023,20:10,5,76.0,76540,2,2,2.0,3.0,Rue Saint Filleul,"49,44700070","1,06980121",,76.076540,76540,Seine-Maritime,28.0,Normandie,50.0,7.0,2.0,2,2.0,28,Normandie,76,3,97,Rouen,114083,1556,115639.0,0.0,80,,0.0,2.0,1.0,0.0
202300032905,10.0,3,1,2,2.0,0.0,4.0,3,2.0,2012.0,B01,13,12,2023,12:20,1,76.0,76540,2,5,2.0,6.0,Quai du havre (Haut),"49,44090000","1,08250000",,76.076540,76540,Seine-Maritime,28.0,Normandie,50.0,7.0,2.0,4,2.0,28,Normandie,76,3,97,Rouen,114083,1556,115639.0,1.0,10,,0.0,1.0,2.0,1.0
202300032905,1.0,1,1,1,4.0,1.0,-1.0, -1,-1.0,1989.0,B01,13,12,2023,12:20,1,76.0,76540,2,5,2.0,6.0,Quai du havre (Haut),"49,44090000","1,08250000",,76.076540,76540,Seine-Maritime,28.0,Normandie,50.0,7.0,2.0,4,2.0,28,Normandie,76,3,97,Rouen,114083,1556,115639.0,1.0,10,,0.0,1.0,2.0,1.0
202300032905,2.0,2,1,1,4.0,1.0,-1.0, -1,-1.0,1996.0,B01,13,12,2023,12:20,1,76.0,76540,2,5,2.0,6.0,Quai du havre (Haut),"49,44090000","1,08250000",,76.076540,76540,Seine-Maritime,28.0,Normandie,50.0,7.0,2.0,4,2.0,28,Normandie,76,3,97,Rouen,114083,1556,115639.0,1.0,10,,0.0,1.0,2.0,1.0
202300032905,6.0,2,1,1,0.0,1.0,-1.0, -1,-1.0,1995.0,B01,13,12,2023,12:20,1,76.0,76540,2,5,2.0,6.0,Quai du havre (Haut),"49,44090000","1,08250000",,76.076540,76540,Seine-Maritime,28.0,Normandie,50.0,7.0,2.0,4,2.0,28,Normandie,76,3,97,Rouen,114083,1556,115639.0,1.0,10,,0.0,1.0,2.0,1.0
202300032905,10.0,3,4,2,2.0,0.0,4.0,3,2.0,2010.0,B01,13,12,2023,12:20,1,76.0,76540,2,5,2.0,6.0,Quai du havre (Haut),"49,44090000","1,08250000",,76.076540,76540,Seine-Maritime,28.0,Normandie,50.0,7.0,2.0,4,2.0,28,Normandie,76,3,97,Rouen,114083,1556,115639.0,1.0,10,,0.0,1.0,2.0,1.0
202300032907,1.0,1,4,2,5.0,8.0,-1.0, -1,-1.0,2000.0,A01,13,12,2023,08:30,1,76.0,76351,2,3,1.0,3.0,JEAN BAPTISTE EYRIES,"49,49488000","0,11630000",,76.076351,76351,Seine-Maritime,28.0,Normandie,30.0,4.0,1.0, -1,1.0,28,Normandie,76,2,96,LeHavre,166058,1780,167838.0,1.0,50,,0.0,2.0,1.0,1.0
202300032907,1.0,1,1,2,5.0,1.0,-1.0, -1,-1.0,1964.0,B01,13,12,2023,08:30,1,76.0,76351,2,3,1.0,3.0,JEAN BAPTISTE EYRIES,"49,49488000","0,11630000",,76.076351,76351,Seine-Maritime,28.0,Normandie,30.0,4.0,1.0, -1,1.0,28,Normandie,76,2,96,LeHavre,166058,1780,167838.0,2.0,7,,0.0,2.0,3.0,15.0
202300032987,2.0,2,1,2,4.0,1.0,0.0,0,-1.0,1996.0,B01,8,10,2023,14:50,1,76.0,76495,2,2,1.0,3.0,Rue Bezuel,"49,56932800","0,95280600",,76.076495,76495,Seine-Maritime,28.0,Normandie,50.0,3.0,2.0,2,1.0,28,Normandie,76,3,24,Pavilly,6121,53,6174.0,0.0,10,,0.0,2.0,8.0,1.0
202300032987,1.0,1,1,2,4.0,1.0,0.0,0,-1.0,1991.0,B01,8,10,2023,14:50,1,76.0,76495,2,2,1.0,3.0,Rue Bezuel,"49,56932800","0,95280600",,76.076495,76495,Seine-Maritime,28.0,Normandie,50.0,3.0,2.0,2,1.0,28,Normandie,76,3,24,Pavilly,6121,53,6174.0,0.0,10,,0.0,2.0,8.0,1.0
202300032987,1.0,1,3,1,0.0,2.0,0.0,0,-1.0,2009.0,A01,8,10,2023,14:50,1,76.0,76495,2,2,1.0,3.0,Rue Bezuel,"49,56932800","0,95280600",,76.076495,76495,Seine-Maritime,28.0,Normandie,50.0,3.0,2.0,2,1.0,28,Normandie,76,3,24,Pavilly,6121,53,6174.0,0.0,2,,0.0,2.0,1.0,1.0
202300033169,2.0,2,1,1,5.0,1.0,0.0,0,-1.0,2003.0,A01,7,10,2023,07:05,3,76.0,76167,1,2,5.0,3.0,Route de Montivilliers,"49,57331400","0,15560600",,76.076167,76167,Seine-Maritime,28.0,Normandie,70.0,3.0,2.0,2,1.0,28,Normandie,76,2,26,Cauville-sur-Mer,1618,29,1647.0,1.0,7,,0.0,2.0,1.0,1.0
202300033169,1.0,1,1,1,5.0,1.0,0.0,0,-1.0,2005.0,A01,7,10,2023,07:05,3,76.0,76167,1,2,5.0,3.0,Route de Montivilliers,"49,57331400","0,15560600",,76.076167,76167,Seine-Maritime,28.0,Normandie,70.0,3.0,2.0,2,1.0,28,Normandie,76,2,26,Cauville-sur-Mer,1618,29,1647.0,1.0,7,,0.0,2.0,1.0,1.0
202300033169,1.0,1,4,1,1.0,1.0,0.0,0,-1.0,1991.0,B01,7,10,2023,07:05,3,76.0,76167,1,2,5.0,3.0,Route de Montivilliers,"49,57331400","0,15560600",,76.076167,76167,Seine-Maritime,28.0,Normandie,70.0,3.0,2.0,2,1.0,28,Normandie,76,2,26,Cauville-sur-Mer,1618,29,1647.0,1.0,7,,0.0,2.0,2.0,19.0
202300033192,2.0,2,4,1,5.0,1.0,-1.0, -1,-1.0,1951.0,A01,10,1,2023,17:40,5,76.0,76231,2,6,1.0,6.0,Rue de Rouen,"49,29682783","0,99510024",,76.076231,76231,Seine-Maritime,28.0,Normandie,30.0,7.0,1.0,1,1.0,28,Normandie,76,3,9,Elbeuf,15951,138,16089.0,0.0,7,,4.0,0.0,1.0,26.0
202300033192,1.0,1,1,2,5.0,1.0,-1.0, -1,-1.0,1948.0,A01,10,1,2023,17:40,5,76.0,76231,2,6,1.0,6.0,Rue de Rouen,"49,29682783","0,99510024",,76.076231,76231,Seine-Maritime,28.0,Normandie,30.0,7.0,1.0,1,1.0,28,Normandie,76,3,9,Elbeuf,15951,138,16089.0,0.0,7,,4.0,0.0,1.0,26.0
202300033193,1.0,1,4,1,5.0,1.0,-1.0, -1,-1.0,1998.0,A01,18,1,2023,23:30,5,76.0,76259,2,3,2.0,6.0,VALMONT ( ROUTE DE),"49,75210000","0,40951000",,76.076259,76259,Seine-Maritime,28.0,Normandie,50.0,3.0,2.0,2,2.0,28,Normandie,76,2,11,Fécamp,18016,269,18285.0,1.0,7,,6.0,0.0,1.0,13.0
202300033302,1.0,1,1,1,1.0,1.0,-1.0, -1,-1.0,1984.0,A01,17,1,2023,08:20,4,76.0,76165,2,2,1.0,6.0,Cours Carnot,"49,28712000","1,01990000",,76.076165,76165,Seine-Maritime,28.0,Normandie,50.0,4.0,2.0, -1,1.0,28,Normandie,76,3,5,Caudebec-lès-Elbeuf,10135,69,10204.0,3.0,7,,0.0,1.0,5.0,16.0
202300033302,10.0,3,4,1,0.0,0.0,3.0,B,1.0,1990.0,A01,17,1,2023,08:20,4,76.0,76165,2,2,1.0,6.0,Cours Carnot,"49,28712000","1,01990000",,76.076165,76165,Seine-Maritime,28.0,Normandie,50.0,4.0,2.0, -1,1.0,28,Normandie,76,3,5,Caudebec-lès-Elbeuf,10135,69,10204.0,3.0,7,,0.0,1.0,5.0,16.0
202300033357,1.0,1,4,1,3.0,1.0,-1.0, -1,-1.0,2001.0,A01,28,7,2023,10:30,1,76.0,76540,2,2,1.0,3.0,Quai Cavelier de la Salle,"49,43685000","1,08750000",,76.076540,76540,Seine-Maritime,28.0,Normandie,50.0,4.0,2.0,2,1.0,28,Normandie,76,3,97,Rouen,114083,1556,115639.0,1.0,7,,0.0,2.0,1.0,13.0
202300033357,1.0,1,1,1,5.0,1.0,-1.0, -1,-1.0,1960.0,B01,28,7,2023,10:30,1,76.0,76540,2,2,1.0,3.0,Quai Cavelier de la Salle,"49,43685000","1,08750000",,76.076540,76540,Seine-Maritime,28.0,Normandie,50.0,4.0,2.0,2,1.0,28,Normandie,76,3,97,Rouen,114083,1556,115639.0,1.0,7,,0.0,2.0,2.0,15.0
202300033357,2.0,2,4,2,5.0,1.0,-1.0, -1,-1.0,1961.0,B01,28,7,2023,10:30,1,76.0,76540,2,2,1.0,3.0,Quai Cavelier de la Salle,"49,43685000","1,08750000",,76.076540,76540,Seine-Maritime,28.0,Normandie,50.0,4.0,2.0,2,1.0,28,Normandie,76,3,97,Rouen,114083,1556,115639.0,1.0,7,,0.0,2.0,2.0,15.0
202300033357,4.0,2,1,2,5.0,1.0,-1.0, -1,-1.0,2010.0,B01,28,7,2023,10:30,1,76.0,76540,2,2,1.0,3.0,Quai Cavelier de la Salle,"49,43685000","1,08750000",,76.076540,76540,Seine-Maritime,28.0,Normandie,50.0,4.0,2.0,2,1.0,28,Normandie,76,3,97,Rouen,114083,1556,115639.0,1.0,7,,0.0,2.0,2.0,15.0
202300033357,3.0,2,1,1,5.0,1.0,-1.0, -1,-1.0,2012.0,B01,28,7,2023,10:30,1,76.0,76540,2,2,1.0,3.0,Quai Cavelier de la Salle,"49,43685000","1,08750000",,76.076540,76540,Seine-Maritime,28.0,Normandie,50.0,4.0,2.0,2,1.0,28,Normandie,76,3,97,Rouen,114083,1556,115639.0,1.0,7,,0.0,2.0,2.0,15.0
202300033358,1.0,1,1,1,5.0,1.0,-1.0, -1,-1.0,2001.0,A01,28,7,2023,05:25,5,76.0,76351,2,3,1.0,6.0,VALLEE (RUE DE LA),"49,49328000","0,15163000",,76.076351,76351,Seine-Maritime,28.0,Normandie,50.0,4.0,2.0,4,2.0,28,Normandie,76,2,96,LeHavre,166058,1780,167838.0,0.0,7,,6.0,0.0,2.0,14.0
202300033358,2.0,2,4,2,5.0,1.0,-1.0, -1,-1.0,2002.0,A01,28,7,2023,05:25,5,76.0,76351,2,3,1.0,6.0,VALLEE (RUE DE LA),"49,49328000","0,15163000",,76.076351,76351,Seine-Maritime,28.0,Normandie,50.0,4.0,2.0,4,2.0,28,Normandie,76,2,96,LeHavre,166058,1780,167838.0,0.0,7,,6.0,0.0,2.0,14.0
202300033358,3.0,2,4,2,5.0,1.0,-1.0, -1,-1.0,2002.0,A01,28,7,2023,05:25,5,76.0,76351,2,3,1.0,6.0,VALLEE (RUE DE LA),"49,49328000","0,15163000",,76.076351,76351,Seine-Maritime,28.0,Normandie,50.0,4.0,2.0,4,2.0,28,Normandie,76,2,96,LeHavre,166058,1780,167838.0,0.0,7,,6.0,0.0,2.0,14.0
202300033358,4.0,2,4,2,5.0,1.0,-1.0, -1,-1.0,2000.0,A01,28,7,2023,05:25,5,76.0,76351,2,3,1.0,6.0,VALLEE (RUE DE LA),"49,49328000","0,15163000",,76.076351,76351,Seine-Maritime,28.0,Normandie,50.0,4.0,2.0,4,2.0,28,Normandie,76,2,96,LeHavre,166058,1780,167838.0,0.0,7,,6.0,0.0,2.0,14.0
202300033358,5.0,2,4,1,5.0,1.0,-1.0, -1,-1.0,2001.0,A01,28,7,2023,05:25,5,76.0,76351,2,3,1.0,6.0,VALLEE (RUE DE LA),"49,49328000","0,15163000",,76.076351,76351,Seine-Maritime,28.0,Normandie,50.0,4.0,2.0,4,2.0,28,Normandie,76,2,96,LeHavre,166058,1780,167838.0,0.0,7,,6.0,0.0,2.0,14.0
202300033359,1.0,1,4,1,5.0,1.0,-1.0, -1,-1.0,1981.0,B01,26,7,2023,23:00,5,76.0,76447,2,1,1.0,1.0,BELLE ETOILE,"49,54054000","0,17353000",,76.076447,76447,Seine-Maritime,28.0,Normandie,50.0,3.0,2.0,2,2.0,28,Normandie,76,2,15,Montivilliers,15457,203,15660.0,2.0,7,,0.0,2.0,3.0,1.0
202300033359,2.0,2,4,2,5.0,1.0,-1.0, -1,-1.0,1982.0,B01,26,7,2023,23:00,5,76.0,76447,2,1,1.0,1.0,BELLE ETOILE,"49,54054000","0,17353000",,76.076447,76447,Seine-Maritime,28.0,Normandie,50.0,3.0,2.0,2,2.0,28,Normandie,76,2,15,Montivilliers,15457,203,15660.0,2.0,7,,0.0,2.0,3.0,1.0
202300033359,1.0,1,1,1,5.0,1.0,-1.0, -1,-1.0,1989.0,A01,26,7,2023,23:00,5,76.0,76447,2,1,1.0,1.0,BELLE ETOILE,"49,54054000","0,17353000",,76.076447,76447,Seine-Maritime,28.0,Normandie,50.0,3.0,2.0,2,2.0,28,Normandie,76,2,15,Montivilliers,15457,203,15660.0,1.0,7,,0.0,2.0,3.0,13.0
202300033360,1.0,1,1,1,5.0,2.0,-1.0, -1,-1.0,1989.0,A01,28,7,2023,20:45,2,76.0,76384,2,9,8.0,7.0,MARRECHAL LECLERC (AVENUE DU),"49,51488000","0,53310000",,76.076384,76384,Seine-Maritime,28.0,Normandie,30.0,3.0,4.0,2,1.0,28,Normandie,76,2,3,Lillebonne,8729,141,8870.0,3.0,33,,0.0,0.0,4.0,0.0
202300033360,2.0,2,4,2,5.0,2.0,-1.0, -1,-1.0,2000.0,A01,28,7,2023,20:45,2,76.0,76384,2,9,8.0,7.0,MARRECHAL LECLERC (AVENUE DU),"49,51488000","0,53310000",,76.076384,76384,Seine-Maritime,28.0,Normandie,30.0,3.0,4.0,2,1.0,28,Normandie,76,2,3,Lillebonne,8729,141,8870.0,3.0,33,,0.0,0.0,4.0,0.0
202300033361,1.0,1,4,2,5.0,1.0,-1.0, -1,-1.0,1966.0,A01,16,6,2023,13:40,1,76.0,76114,2,1,1.0,2.0,DEBRAY  LOUIS (AVENUE),"49,57763000","0,47181000",,76.076114,76114,Seine-Maritime,28.0,Normandie,50.0,4.0,2.0,2,1.0,28,Normandie,76,2,3,Bolbec,11635,147,11782.0,1.0,7,,0.0,2.0,4.0,15.0
202300033361,4.0,2,4,2,5.0,1.0,-1.0, -1,-1.0,1998.0,B01,16,6,2023,13:40,1,76.0,76114,2,1,1.0,2.0,DEBRAY  LOUIS (AVENUE),"49,57763000","0,47181000",,76.076114,76114,Seine-Maritime,28.0,Normandie,50.0,4.0,2.0,2,1.0,28,Normandie,76,2,3,Bolbec,11635,147,11782.0,1.0,7,,0.0,2.0,1.0,2.0
202300033361,1.0,1,1,1,5.0,1.0,-1.0, -1,-1.0,1997.0,B01,16,6,2023,13:40,1,76.0,76114,2,1,1.0,2.0,DEBRAY  LOUIS (AVENUE),"49,57763000","0,47181000",,76.076114,76114,Seine-Maritime,28.0,Normandie,50.0,4.0,2.0,2,1.0,28,Normandie,76,2,3,Bolbec,11635,147,11782.0,1.0,7,,0.0,2.0,1.0,2.0
202300033361,2.0,2,1,1,5.0,1.0,-1.0, -1,-1.0,1957.0,B01,16,6,2023,13:40,1,76.0,76114,2,1,1.0,2.0,DEBRAY  LOUIS (AVENUE),"49,57763000","0,47181000",,76.076114,76114,Seine-Maritime,28.0,Normandie,50.0,4.0,2.0,2,1.0,28,Normandie,76,2,3,Bolbec,11635,147,11782.0,1.0,7,,0.0,2.0,1.0,2.0
202300033469,1.0,1,3,1,5.0,2.0,0.0,0,-1.0,1983.0,A01,28,7,2023,12:05,1,76.0,76616,1,9,8.0,7.0,"Hameau d'Énitot, route d'Epouville","49,54303900","0,23907100",,76.076616,76616,Seine-Maritime,28.0,Normandie,80.0,4.0,2.0,2,6.0,28,Normandie,76,2,26,Saint-Martin-du-Manoir,1459,34,1493.0,3.0,31,,13.0,0.0,8.0,1.0
202300033598,1.0,1,4,1,0.0,2.0,-1.0, -1,-1.0,1985.0,B01,21,5,2023,21:20,2,76.0,76561,2,2,1.0,3.0,Rue de la Résistance,"49,30230000","1,03446000",,76.076561,76561,Seine-Maritime,28.0,Normandie,30.0,4.0,2.0,2,1.0,28,Normandie,76,3,5,Saint-Aubin-lès-Elbeuf,8428,75,8503.0,3.0,33,,0.0,2.0,0.0,19.0
202300033598,1.0,1,1,1,4.0,8.0,-1.0, -1,-1.0,2002.0,A01,21,5,2023,21:20,2,76.0,76561,2,2,1.0,3.0,Rue de la Résistance,"49,30230000","1,03446000",,76.076561,76561,Seine-Maritime,28.0,Normandie,30.0,4.0,2.0,2,1.0,28,Normandie,76,3,5,Saint-Aubin-lès-Elbeuf,8428,75,8503.0,3.0,7,,0.0,2.0,0.0,1.0
202300033687,1.0,1,3,1,1.0,2.0,0.0,0,-1.0,2006.0,A01,14,4,2023,14:00,1,76.0,76360,1,1,3.0,3.0,Route du Beauchamp,"49,74822200","1,08541500",,76.076360,76360,Seine-Maritime,28.0,Normandie,80.0,3.0,2.0,2,2.0,28,Normandie,76,1,20,Heugleville-sur-Scie,648,9,657.0,1.0,2,,0.0,0.0,3.0,1.0
202300033687,1.0,1,1,1,5.0,1.0,0.0,0,-1.0,1972.0,B01,14,4,2023,14:00,1,76.0,76360,1,1,3.0,3.0,Route du Beauchamp,"49,74822200","1,08541500",,76.076360,76360,Seine-Maritime,28.0,Normandie,80.0,3.0,2.0,2,2.0,28,Normandie,76,1,20,Heugleville-sur-Scie,648,9,657.0,2.0,10,,0.0,0.0,3.0,1.0