Num_Acc,place,catu,grav,sexe,trajet,secu,locp,actp,etatp,an_nais,num_veh,jour,mois,an,hrmn,lum,dep,com,agg,int,atm,col,adr,lat,long,gps,com_insee_temp,com_insee,departmentName,regionCode,regionName,vma,catr,circ,nbv,surf,Code,Region,Departement,Arrondissement,Code_Canton,Nom_Commune,Population_municipaLe,Population_comptee_a_part,Population_Totale,senc,catv,occutc,obs,obsm,choc,manv
202300044456,1.0,1,4,1,0.0,2.0,-1.0, -1,-1.0,1989.0,A01,5,12,2023,08:15,1,76.0,76351,2,3,1.0,6.0,IRENE JOLIOT CURIE (RUE),"49,51424000","0,10478000",,76.076351,76351,Seine-Maritime,28.0,Normandie,-1.0,4.0,-1.0, -1,1.0,28,Normandie,76,2,96,LeHavre,166058,1780,167838.0,1.0,33,,0.0,2.0,1.0,1.0
202300044456,1.0,1,1,1,0.0,1.0,-1.0, -1,-1.0,1958.0,B01,5,12,2023,08:15,1,76.0,76351,2,3,1.0,6.0,IRENE JOLIOT CURIE (RUE),"49,51424000","0,10478000",,76.076351,76351,Seine-Maritime,28.0,Normandie,-1.0,4.0,-1.0, -1,1.0,28,Normandie,76,2,96,LeHavre,166058,1780,167838.0,1.0,7,,0.0,2.0,6.0,1.0
202300044459,1.0,1,4,2,0.0,2.0,-1.0, -1,-1.0,1992.0,A01,6,12,2023,08:10,2,76.0,76351,2,1,1.0,7.0,COLBERT (QUAI),"49,49249000","0,13097000",,76.076351,76351,Seine-Maritime,28.0,Normandie,50.0,4.0,1.0,2,7.0,28,Normandie,76,2,96,LeHavre,166058,1780,167838.0,0.0,1,,0.0,0.0,0.0,1.0
202300044461,1.0,1,4,1,4.0,1.0,-1.0, -1,-1.0,2000.0,A01,5,12,2023,18:25,5,76.0,76351,2,3,2.0,6.0,FELIX FAURE,"49,50203000","0,11728000",,76.076351,76351,Seine-Maritime,28.0,Normandie,-1.0,4.0,2.0, -1,2.0,28,Normandie,76,2,96,LeHavre,166058,1780,167838.0,0.0,37,1.0,0.0,2.0,3.0,13.0
202300044461,1.0,1,1,1,0.0,1.0,-1.0, -1,-1.0,1968.0,B01,5,12,2023,18:25,5,76.0,76351,2,3,2.0,6.0,FELIX FAURE,"49,50203000","0,11728000",,76.076351,76351,Seine-Maritime,28.0,Normandie,-1.0,4.0,2.0, -1,2.0,28,Normandie,76,2,96,LeHavre,166058,1780,167838.0,0.0,7,,0.0,2.0,5.0,1.0
202300044465,2.0,2,4,2,0.0,1.0,-1.0, -1,-1.0,2013.0,B01,5,12,2023,16:50,4,76.0,76351,2,2,2.0,3.0,GERANIUMS (DES),"49,50528000","0,16126000",,76.076351,76351,Seine-Maritime,28.0,Normandie,50.0,4.0,2.0,1,2.0,28,Normandie,76,2,96,LeHavre,166058,1780,167838.0,1.0,7,,0.0,2.0,2.0,1.0
202300044465,1.0,1,1,2,5.0,1.0,-1.0, -1,-1.0,1965.0,B01,5,12,2023,16:50,4,76.0,76351,2,2,2.0,3.0,GERANIUMS (DES),"49,50528000","0,16126000",,76.076351,76351,Seine-Maritime,28.0,Normandie,50.0,4.0,2.0,1,2.0,28,Normandie,76,2,96,LeHavre,166058,1780,167838.0,1.0,7,,0.0,2.0,2.0,1.0
202300044465,1.0,1,4,2,0.0,1.0,-1.0, -1,-1.0,2006.0,A01,5,12,2023,16:50,4,76.0,76351,2,2,2.0,3.0,GERANIUMS (DES),"49,50528000","0,16126000",,76.076351,76351,Seine-Maritime,28.0,Normandie,50.0,4.0,2.0,1,2.0,28,Normandie,76,2,96,LeHavre,166058,1780,167838.0,1.0,3,,0.0,2.0,7.0,1.0
202300044552,1.0,1,4,1,5.0,2.0,0.0,0,-1.0,1979.0,A01,1,10,2023,16:12,1,76.0,76323,2,1,1.0,7.0,14 Route de Fayelle,"49,72867100","1,54078400",,76.076323,76323,Seine-Maritime,28.0,Normandie,50.0,3.0,2.0,2,1.0,28,Normandie,76,1,23,Graval,156,4,160.0,0.0,2,,0.0,0.0,0.0,1.0
202300044605,1.0,1,4,2,5.0,1.0,-1.0, -1,-1.0,1997.0,A01,8,1,2023,08:15,1,76.0,76481,1,6,1.0,6.0,RD 6382,"49,53125053","0,10814130",,76.076481,76481,Seine-Maritime,28.0,Normandie,90.0,3.0,3.0,4,2.0,28,Normandie,76,2,26,Octeville-sur-Mer,6122,119,6241.0,2.0,7,,9.0,0.0,1.0,1.0
202300044607,10.0,3,2,1,5.0,0.0,1.0,3,1.0,1998.0,A01,7,1,2023,06:30,3,76.0,76351,1,1,1.0,6.0,SEIZIEME PORT (AVENUE DU),"49,48260000","0,16175000",,76.076351,76351,Seine-Maritime,28.0,Normandie,70.0,4.0,3.0,4,1.0,28,Normandie,76,2,96,LeHavre,166058,1780,167838.0,0.0,7,,0.0,1.0,3.0,1.0
202300044607,1.0,1,1,1,1.0,1.0,-1.0, -1,-1.0,1975.0,A01,7,1,2023,06:30,3,76.0,76351,1,1,1.0,6.0,SEIZIEME PORT (AVENUE DU),"49,48260000","0,16175000",,76.076351,76351,Seine-Maritime,28.0,Normandie,70.0,4.0,3.0,4,1.0,28,Normandie,76,2,96,LeHavre,166058,1780,167838.0,0.0,7,,0.0,1.0,3.0,1.0
202300044610,1.0,1,1,1,5.0,1.0,-1.0, -1,-1.0,1997.0,B01,9,1,2023,20:30,5,76.0,76217,1,3,1.0,2.0,Rue Jacques Monod,"49,92228903","1,11628550",,76.076217,76217,Seine-Maritime,28.0,Normandie,50.0,3.0,2.0,2,1.0,28,Normandie,76,1,95,Dieppe,28358,455,28813.0,0.0,7,,0.0,2.0,1.0,0.0
202300044610,1.0,1,4,1,4.0,1.0,-1.0, -1,-1.0,1974.0,A01,9,1,2023,20:30,5,76.0,76217,1,3,1.0,2.0,Rue Jacques Monod,"49,92228903","1,11628550",,76.076217,76217,Seine-Maritime,28.0,Normandie,50.0,3.0,2.0,2,1.0,28,Normandie,76,1,95,Dieppe,28358,455,28813.0,0.0,10,,0.0,2.0,6.0,15.0
202300044685,2.0,2,3,1,5.0,8.0,-1.0, -1,-1.0,1995.0,A01,1,10,2023,06:35,4,76.0,76681,2,2,1.0,6.0,Rue Victor Hugo,"49,41387000","1,09515000",,76.076681,76681,Seine-Maritime,28.0,Normandie,50.0,4.0,2.0,2,1.0,28,Normandie,76,3,99,Sotteville-lès-Rouen,28965,475,29440.0,1.0,30,,6.0,0.0,3.0,16.0
202300044685,1.0,1,3,1,0.0,2.0,-1.0, -1,-1.0,1997.0,A01,1,10,2023,06:35,4,76.0,76681,2,2,1.0,6.0,Rue Victor Hugo,"49,41387000","1,09515000",,76.076681,76681,Seine-Maritime,28.0,Normandie,50.0,4.0,2.0,2,1.0,28,Normandie,76,3,99,Sotteville-lès-Rouen,28965,475,29440.0,1.0,30,,6.0,0.0,3.0,16.0
202300044690,1.0,1,1,1,5.0,8.0,-1.0, -1,-1.0,2002.0,A01,29,9,2023,17:40,1,76.0,76384,1,1,1.0,5.0,PORT JEROME,"49,49757000","0,54617000",,76.076384,76384,Seine-Maritime,28.0,Normandie,80.0,3.0,2.0,3,1.0,28,Normandie,76,2,3,Lillebonne,8729,141,8870.0,2.0,7,,0.0,2.0,9.0,13.0
202300044690,2.0,2,2,2,5.0,8.0,-1.0, -1,-1.0,2004.0,A01,29,9,2023,17:40,1,76.0,76384,1,1,1.0,5.0,PORT JEROME,"49,49757000","0,54617000",,76.076384,76384,Seine-Maritime,28.0,Normandie,80.0,3.0,2.0,3,1.0,28,Normandie,76,2,3,Lillebonne,8729,141,8870.0,2.0,7,,0.0,2.0,9.0,13.0
202300044690,1.0,1,4,2,5.0,1.0,-1.0, -1,-1.0,1964.0,B01,29,9,2023,17:40,1,76.0,76384,1,1,1.0,5.0,PORT JEROME,"49,49757000","0,54617000",,76.076384,76384,Seine-Maritime,28.0,Normandie,80.0,3.0,2.0,3,1.0,28,Normandie,76,2,3,Lillebonne,8729,141,8870.0,1.0,7,,0.0,2.0,3.0,0.0
202300044690,2.0,2,4,1,5.0,1.0,-1.0, -1,-1.0,1955.0,B01,29,9,2023,17:40,1,76.0,76384,1,1,1.0,5.0,PORT JEROME,"49,49757000","0,54617000",,76.076384,76384,Seine-Maritime,28.0,Normandie,80.0,3.0,2.0,3,1.0,28,Normandie,76,2,3,Lillebonne,8729,141,8870.0,1.0,7,,0.0,2.0,3.0,0.0
202300044690,1.0,1,4,2,5.0,1.0,-1.0, -1,-1.0,1965.0,C01,29,9,2023,17:40,1,76.0,76384,1,1,1.0,5.0,PORT JEROME,"49,49757000","0,54617000",,76.076384,76384,Seine-Maritime,28.0,Normandie,80.0,3.0,2.0,3,1.0,28,Normandie,76,2,3,Lillebonne,8729,141,8870.0,1.0,7,,0.0,2.0,1.0,1.0
202300044864,2.0,2,1,2,5.0,1.0,0.0,0,-1.0,2010.0,A01,22,7,2023,12:34,1,76.0,76319,1,1,1.0,2.0,A13,"49,33855300","0,98306200",,76.076319,76319,Seine-Maritime,28.0,Normandie,130.0,1.0,3.0,6,1.0,28,Normandie,76,3,9,Grand-Couronne,9726,177,9903.0,1.0,7,,0.0,0.0,5.0,2.0
202300044864,3.0,2,1,2,5.0,1.0,0.0,0,-1.0,2021.0,A01,22,7,2023,12:34,1,76.0,76319,1,1,1.0,2.0,A13,"49,33855300","0,98306200",,76.076319,76319,Seine-Maritime,28.0,Normandie,130.0,1.0,3.0,6,1.0,28,Normandie,76,3,9,Grand-Couronne,9726,177,9903.0,1.0,7,,0.0,0.0,5.0,2.0
202300044864,4.0,2,1,1,5.0,1.0,0.0,0,-1.0,2013.0,A01,22,7,2023,12:34,1,76.0,76319,1,1,1.0,2.0,A13,"49,33855300","0,98306200",,76.076319,76319,Seine-Maritime,28.0,Normandie,130.0,1.0,3.0,6,1.0,28,Normandie,76,3,9,Grand-Couronne,9726,177,9903.0,1.0,7,,0.0,0.0,5.0,2.0
202300044864,5.0,2,1,2,5.0,1.0,0.0,0,-1.0,2011.0,A01,22,7,2023,12:34,1,76.0,76319,1,1,1.0,2.0,A13,"49,33855300","0,98306200",,76.076319,76319,Seine-Maritime,28.0,Normandie,130.0,1.0,3.0,6,1.0,28,Normandie,76,3,9,Grand-Couronne,9726,177,9903.0,1.0,7,,0.0,0.0,5.0,2.0
202300044864,1.0,1,1,1,5.0,1.0,0.0,0,-1.0,1985.0,A01,22,7,2023,12:34,1,76.0,76319,1,1,1.0,2.0,A13,"49,33855300","0,98306200",,76.076319,76319,Seine-Maritime,28.0,Normandie,130.0,1.0,3.0,6,1.0,28,Normandie,76,3,9,Grand-Couronne,9726,177,9903.0,1.0,7,,0.0,0.0,5.0,2.0
202300044864,1.0,1,3,1,5.0,2.0,0.0,0,-1.0,2001.0,B01,22,7,2023,12:34,1,76.0,76319,1,1,1.0,2.0,A13,"49,33855300","0,98306200",,76.076319,76319,Seine-Maritime,28.0,Normandie,130.0,1.0,3.0,6,1.0,28,Normandie,76,3,9,Grand-Couronne,9726,177,9903.0,1.0,33,,0.0,2.0,1.0,2.0
202300044864,2.0,2,3,1,5.0,2.0,0.0,0,-1.0,2005.0,B01,22,7,2023,12:34,1,76.0,76319,1,1,1.0,2.0,A13,"49,33855300","0,98306200",,76.076319,76319,Seine-Maritime,28.0,Normandie,130.0,1.0,3.0,6,1.0,28,Normandie,76,3,9,Grand-Couronne,9726,177,9903.0,1.0,33,,0.0,2.0,1.0,2.0
202300044980,1.0,1,4,1,1.0,1.0,-1.0, -1,-1.0,1962.0,A01,19,7,2023,17:40,1,76.0,76351,2,2,1.0,3.0,GERANIUMS (DES),"49,50602000","0,16334000",,76.076351,76351,Seine-Maritime,28.0,Normandie,50.0,4.0,2.0,2,1.0,28,Normandie,76,2,96,LeHavre,166058,1780,167838.0,0.0,7,,0.0,2.0,1.0,1.0
202300044980,1.0,1,4,1,1.0,1.0,-1.0, -1,-1.0,1970.0,B01,19,7,2023,17:40,1,76.0,76351,2,2,1.0,3.0,GERANIUMS (DES),"49,50602000","0,16334000",,76.076351,76351,Seine-Maritime,28.0,Normandie,50.0,4.0,2.0,2,1.0,28,Normandie,76,2,96,LeHavre,166058,1780,167838.0,1.0,10,,0.0,2.0,1.0,1.0
202300044983,1.0,1,4,1,0.0,1.0,-1.0, -1,-1.0,1968.0,A01,20,7,2023,23:00,4,76.0,76217,2,1,1.0,3.0,GAMBETTA (AVENUE),"49,92002000","1,07375000",,76.076217,76217,Seine-Maritime,28.0,Normandie,30.0,4.0,2.0,3,1.0,28,Normandie,76,1,95,Dieppe,28358,455,28813.0,2.0,7,,0.0,2.0,6.0,10.0
202300044983,1.0,1,3,1,0.0,2.0,-1.0, -1,-1.0,1997.0,B01,20,7,2023,23:00,4,76.0,76217,2,1,1.0,3.0,GAMBETTA (AVENUE),"49,92002000","1,07375000",,76.076217,76217,Seine-Maritime,28.0,Normandie,30.0,4.0,2.0,3,1.0,28,Normandie,76,1,95,Dieppe,28358,455,28813.0,2.0,2,,0.0,0.0,0.0,0.0
202300045072,10.0,3,4,2,5.0,0.0,1.0,3,1.0,1939.0,A01,20,6,2023,09:50,1,76.0,76035,2,1,1.0,6.0,Rue Nationale,"49,76760100","1,75337800",,76.076035,76035,Seine-Maritime,28.0,Normandie,50.0,3.0,1.0,2,1.0,28,Normandie,76,1,12,AumaLe1974,45,2019,,2.0,7,,0.0,1.0,4.0,4.0
202300045072,1.0,1,1,1,3.0,8.0,0.0,0,-1.0,1963.0,A01,20,6,2023,09:50,1,76.0,76035,2,1,1.0,6.0,Rue Nationale,"49,76760100","1,75337800",,76.076035,76035,Seine-Maritime,28.0,Normandie,50.0,3.0,1.0,2,1.0,28,Normandie,76,1,12,AumaLe1974,45,2019,,2.0,7,,0.0,1.0,4.0,4.0
202300045073,1.0,1,1,1,4.0,1.0,0.0,0,-1.0,1975.0,A01,20,6,2023,16:50,1,76.0,76400,2,1,1.0,6.0,rue de la République,"49,82426459","0,91178804",,76.076400,76400,Seine-Maritime,28.0,Normandie,50.0,3.0,2.0,2,1.0,28,Normandie,76,1,20,Luneray,2170,36,2206.0,0.0,10,,0.0,1.0,7.0,1.0
202300045073,10.0,3,4,1,4.0,0.0,9.0,B,1.0,1965.0,A01,20,6,2023,16:50,1,76.0,76400,2,1,1.0,6.0,rue de la République,"49,82426459","0,91178804",,76.076400,76400,Seine-Maritime,28.0,Normandie,50.0,3.0,2.0,2,1.0,28,Normandie,76,1,20,Luneray,2170,36,2206.0,0.0,10,,0.0,1.0,7.0,1.0
202300045113,1.0,1,1,2,9.0,1.0,0.0,0,-1.0,1988.0,B01,19,6,2023,08:00,1,76.0,76753,1,1,1.0,5.0,D13,"49,34889100","1,16343500",,76.076753,76753,Seine-Maritime,28.0,Normandie,80.0,7.0,2.0,2,1.0,28,Normandie,76,3,6,Ymare,1212,22,1234.0,2.0,7,,0.0,2.0,6.0,1.0
202300045113,1.0,1,4,1,0.0,1.0,0.0,0,-1.0,1973.0,C01,19,6,2023,08:00,1,76.0,76753,1,1,1.0,5.0,D13,"49,34889100","1,16343500",,76.076753,76753,Seine-Maritime,28.0,Normandie,80.0,7.0,2.0,2,1.0,28,Normandie,76,3,6,Ymare,1212,22,1234.0,2.0,7,,0.0,2.0,1.0,1.0
202300045113,1.0,1,4,1,0.0,1.0,0.0,0,-1.0,1996.0,A01,19,6,2023,08:00,1,76.0,76753,1,1,1.0,5.0,D13,"49,34889100","1,16343500",,76.076753,76753,Seine-Maritime,28.0,Normandie,80.0,7.0,2.0,2,1.0,28,Normandie,76,3,6,Ymare,1212,22,1234.0,1.0,7,,0.0,2.0,1.0,1.0
202300045142,1.0,1,1,2,5.0,1.0,0.0,0,-1.0,1964.0,A01,16,6,2023,09:50,1,76.0,76462,1,1,1.0,2.0,A28,"49,73038800","1,46036600",,76.076462,76462,Seine-Maritime,28.0,Normandie,130.0,1.0,3.0,2,1.0,28,Normandie,76,1,23,Neufchâtel-en-Bray,4680,213,4893.0,2.0,7,,4.0,0.0,6.0,2.0
202300045142,9.0,2,1,1,5.0,3.0,0.0,0,-1.0,2023.0,A01,16,6,2023,09:50,1,76.0,76462,1,1,1.0,2.0,A28,"49,73038800","1,46036600",,76.076462,76462,Seine-Maritime,28.0,Normandie,130.0,1.0,3.0,2,1.0,28,Normandie,76,1,23,Neufchâtel-en-Bray,4680,213,4893.0,2.0,7,,4.0,0.0,6.0,2.0
202300045142,1.0,1,4,2,0.0,1.0,0.0,0,-1.0,2002.0,B01,16,6,2023,09:50,1,76.0,76462,1,1,1.0,2.0,A28,"49,73038800","1,46036600",,76.076462,76462,Seine-Maritime,28.0,Normandie,130.0,1.0,3.0,2,1.0,28,Normandie,76,1,23,Neufchâtel-en-Bray,4680,213,4893.0,2.0,7,,0.0,2.0,2.0,0.0
202300045148,1.0,1,4,1,5.0,1.0,0.0,0,-1.0,1974.0,A01,16,6,2023,02:00,3,76.0,76243,1,1,1.0,1.0,Route d?Ernemont,"49,55406000","1,36282000",,76.076243,76243,Seine-Maritime,28.0,Normandie,80.0,3.0,2.0,2,1.0,28,Normandie,76,3,21,Ernemont-sur-Buchy,294,2,296.0,3.0,7,,0.0,2.0,1.0,5.0
202300045148,1.0,1,4,2,5.0,1.0,0.0,0,-1.0,1990.0,B01,16,6,2023,02:00,3,76.0,76243,1,1,1.0,1.0,Route d?Ernemont,"49,55406000","1,36282000",,76.076243,76243,Seine-Maritime,28.0,Normandie,80.0,3.0,2.0,2,1.0,28,Normandie,76,3,21,Ernemont-sur-Buchy,294,2,296.0,3.0,7,,0.0,2.0,1.0,1.0
202300045332,1.0,1,3,1,5.0,9.0,0.0,0,-1.0,1943.0,A01,3,11,2023,15:45,1,76.0,76624,2,1,1.0,6.0,124 Rue du Thil,"49,87990000","1,20857000",,76.076624,76624,Seine-Maritime,28.0,Normandie,50.0,4.0,-1.0,2,1.0,28,Normandie,76,1,8,Saint-Nicolas-d'Aliermont,3764,59,3823.0,3.0,1,,0.0,2.0,1.0,1.0
202300045332,1.0,1,1,1,3.0,1.0,0.0,0,-1.0,1963.0,B01,3,11,2023,15:45,1,76.0,76624,2,1,1.0,6.0,124 Rue du Thil,"49,87990000","1,20857000",,76.076624,76624,Seine-Maritime,28.0,Normandie,50.0,4.0,-1.0,2,1.0,28,Normandie,76,1,8,Saint-Nicolas-d'Aliermont,3764,59,3823.0,0.0,7,,0.0,9.0,5.0,1.0
202300045452,1.0,1,4,1,0.0,8.0,-1.0, -1,-1.0,2004.0,A01,2,11,2023,00:15,5,76.0,76231,2,2,2.0,3.0,Rue Boucher de Perthes,"49,29089000","0,99979000",,76.076231,76231,Seine-Maritime,28.0,Normandie,50.0,7.0,2.0,2,2.0,28,Normandie,76,3,9,Elbeuf,15951,138,16089.0,1.0,7,,0.0,2.0,1.0,15.0
202300045452,1.0,1,1,2,0.0,8.0,-1.0, -1,-1.0,1960.0,B01,2,11,2023,00:15,5,76.0,76231,2,2,2.0,3.0,Rue Boucher de Perthes,"49,29089000","0,99979000",,76.076231,76231,Seine-Maritime,28.0,Normandie,50.0,7.0,2.0,2,2.0,28,Normandie,76,3,9,Elbeuf,15951,138,16089.0,2.0,7,,0.0,2.0,1.0,1.0
202300045454,1.0,1,4,2,1.0,1.0,-1.0, -1,-1.0,2000.0,B01,31,10,2023,21:00,3,76.0,76576,1,1,2.0,5.0,D6015,"49,55370000","0,44804000",,76.076576,76576,Seine-Maritime,28.0,Normandie,80.0,3.0,2.0,3,2.0,28,Normandie,76,2,3,Saint-Eustache-la-Forêt,1233,16,1249.0,2.0,7,,0.0,2.0,1.0,1.0
202300045454,1.0,1,4,1,1.0,1.0,-1.0, -1,-1.0,1975.0,C01,31,10,2023,21:00,3,76.0,76576,1,1,2.0,5.0,D6015,"49,55370000","0,44804000",,76.076576,76576,Seine-Maritime,28.0,Normandie,80.0,3.0,2.0,3,2.0,28,Normandie,76,2,3,Saint-Eustache-la-Forêt,1233,16,1249.0,2.0,7,,0.0,2.0,1.0,17.0
202300045454,1.0,1,4,1,1.0,1.0,-1.0, -1,-1.0,1984.0,A01,31,10,2023,21:00,3,76.0,76576,1,1,2.0,5.0,D6015,"49,55370000","0,44804000",,76.076576,76576,Seine-Maritime,28.0,Normandie,80.0,3.0,2.0,3,2.0,28,Normandie,76,2,3,Saint-Eustache-la-Forêt,1233,16,1249.0,1.0,7,,0.0,2.0,1.0,13.0
202300045473,1.0,1,3,1,0.0,2.0,-1.0, -1,-1.0,1997.0,A01,12,5,2023,23:25,3,76.0,76231,2,6,1.0,6.0,Rue de Rouen,"49,29694000","0,99486000",,76.076231,76231,Seine-Maritime,28.0,Normandie,50.0,7.0,1.0,1,2.0,28,Normandie,76,3,9,Elbeuf,15951,138,16089.0,3.0,31,,4.0,0.0,0.0,0.0
202300045641,1.0,1,4,1,4.0,8.0,0.0,0,-1.0,1983.0,A01,5,4,2023,15:45,1,76.0,76657,1,1,1.0,6.0,A131 PK 024.400,"49,48091000","0,33714300",,76.076657,76657,Seine-Maritime,28.0,Normandie,110.0,1.0,1.0,2,1.0,28,Normandie,76,2,32,Saint-Vigor-d'YmonvilLe1167,24,1191,,1.0,13,,3.0,0.0,2.0,1.0
202300045830,1.0,1,4,1,1.0,1.0,-1.0, -1,-1.0,1969.0,B01,4,4,2023,12:20,1,76.0,76217,2,2,1.0,3.0,LOUIS BLERIOT (RUE ),"49,92225000","1,11636000",,76.076217,76217,Seine-Maritime,28.0,Normandie,70.0,3.0,2.0,2,1.0,28,Normandie,76,1,95,Dieppe,28358,455,28813.0,1.0,7,,0.0,2.0,1.0,1.0
202300045830,1.0,1,1,1,4.0,1.0,-1.0, -1,-1.0,2001.0,A01,4,4,2023,12:20,1,76.0,76217,2,2,1.0,3.0,LOUIS BLERIOT (RUE ),"49,92225000","1,11636000",,76.076217,76217,Seine-Maritime,28.0,Normandie,70.0,3.0,2.0,2,1.0,28,Normandie,76,1,95,Dieppe,28358,455,28813.0,1.0,10,,0.0,2.0,2.0,19.0
202300045830,2.0,2,4,1,4.0,1.0,-1.0, -1,-1.0,2001.0,A01,4,4,2023,12:20,1,76.0,76217,2,2,1.0,3.0,LOUIS BLERIOT (RUE ),"49,92225000","1,11636000",,76.076217,76217,Seine-Maritime,28.0,Normandie,70.0,3.0,2.0,2,1.0,28,Normandie,76,1,95,Dieppe,28358,455,28813.0,1.0,10,,0.0,2.0,2.0,19.0
202300045835,1.0,1,1,1,1.0,1.0,-1.0, -1,-1.0,1966.0,B01,4,4,2023,07:45,1,76.0,76324,1,6,1.0,3.0,RD 925,"49,93129000","1,14242000",,76.076324,76324,Seine-Maritime,28.0,Normandie,70.0,3.0,2.0,2,1.0,28,Normandie,76,1,8,Grèges,841,15,856.0,1.0,7,,0.0,2.0,2.0,2.0
202300045835,1.0,1,4,2,2.0,1.0,-1.0, -1,-1.0,1963.0,A01,4,4,2023,07:45,1,76.0,76324,1,6,1.0,3.0,RD 925,"49,93129000","1,14242000",,76.076324,76324,Seine-Maritime,28.0,Normandie,70.0,3.0,2.0,2,1.0,28,Normandie,76,1,8,Grèges,841,15,856.0,1.0,7,,3.0,2.0,8.0,19.0
202300045877,10.0,3,4,2,9.0,8.0,5.0,B,2.0,2002.0,A01,18,2,2023,23:20,5,76.0,76349,2,2,1.0,6.0,GRIMALDI (RUE),"49,89782000","1,02997000",,76.076349,76349,Seine-Maritime,28.0,Normandie,-1.0,3.0,2.0, -1,2.0,28,Normandie,76,1,7,Hautot-sur-Mer,1887,46,1933.0,1.0,7,,6.0,1.0,1.0,16.0
202300045877,10.0,3,4,2,5.0,0.0,5.0,B,2.0,2002.0,A01,18,2,2023,23:20,5,76.0,76349,2,2,1.0,6.0,GRIMALDI (RUE),"49,89782000","1,02997000",,76.076349,76349,Seine-Maritime,28.0,Normandie,-1.0,3.0,2.0, -1,2.0,28,Normandie,76,1,7,Hautot-sur-Mer,1887,46,1933.0,1.0,7,,6.0,1.0,1.0,16.0
202300045877,1.0,1,4,2,9.0,1.0,-1.0, -1,-1.0,1990.0,A01,18,2,2023,23:20,5,76.0,76349,2,2,1.0,6.0,GRIMALDI (RUE),"49,89782000","1,02997000",,76.076349,76349,Seine-Maritime,28.0,Normandie,-1.0,3.0,2.0, -1,2.0,28,Normandie,76,1,7,Hautot-sur-Mer,1887,46,1933.0,1.0,7,,6.0,1.0,1.0,16.0
202300045877,10.0,3,4,1,9.0,0.0,5.0,B,2.0,1998.0,A01,18,2,2023,23:20,5,76.0,76349,2,2,1.0,6.0,GRIMALDI (RUE),"49,89782000","1,02997000",,76.076349,76349,Seine-Maritime,28.0,Normandie,-1.0,3.0,2.0, -1,2.0,28,Normandie,76,1,7,Hautot-sur-Mer,1887,46,1933.0,1.0,7,,6.0,1.0,1.0,16.0
202300046259,1.0,1,4,1,0.0,2.0,-1.0, -1,-1.0,1997.0,A01,5,12,2023,08:25,1,76.0,76351,2,1,2.0,7.0,DENIS PAPIN (PONT),"49,49459000","0,13801000",,76.076351,76351,Seine-Maritime,28.0,Normandie,50.0,4.0,2.0,2,2.0,28,Normandie,76,2,96,LeHavre,166058,1780,167838.0,0.0,30,,1.0,0.0,0.0,1.0
202300046448,1.0,1,3,2,5.0,9.0,0.0,0,-1.0,1974.0,A01,8,1,2023,16:28,1,76.0,76167,1,1,1.0,7.0,départementale 111,"49,61244800","0,16955900",,76.076167,76167,Seine-Maritime,28.0,Normandie,80.0,3.0,2.0,2,1.0,28,Normandie,76,2,26,Cauville-sur-Mer,1618,29,1647.0,1.0,31,,0.0,0.0,0.0,1.0
202300046534,1.0,1,2,1,5.0,0.0,0.0,0,-1.0,1990.0,A01,21,7,2023,15:30,1,76.0,76749,2,1,1.0,7.0,chemin de la plaine,"49,86065300","1,36694000",,76.076749,76749,Seine-Maritime,28.0,Normandie,50.0,4.0,2.0,1,1.0,28,Normandie,76,1,23,Wanchy-Capval,333,8,341.0,3.0,21,,0.0,0.0,0.0,1.0
202300046682,1.0,1,2,1,1.0,0.0,0.0,0,-1.0,2001.0,A01,9,1,2023,07:30,3,76.0,76456,1,1,3.0,2.0,RD 929,"49,64677500","0,84738000",,76.076456,76456,Seine-Maritime,28.0,Normandie,80.0,3.0,2.0,2,2.0,28,Normandie,76,3,35,MottevilLe771,11,782,,2.0,50,,7.0,0.0,0.0,0.0
202300046682,1.0,1,1,1,4.0,1.0,0.0,0,-1.0,1973.0,B01,9,1,2023,07:30,3,76.0,76456,1,1,3.0,2.0,RD 929,"49,64677500","0,84738000",,76.076456,76456,Seine-Maritime,28.0,Normandie,80.0,3.0,2.0,2,2.0,28,Normandie,76,3,35,MottevilLe771,11,782,,2.0,15,,0.0,9.0,2.0,2.0
202300046706,1.0,1,1,1,4.0,1.0,0.0,0,-1.0,1999.0,A01,20,7,2023,16:45,1,76.0,76475,2,2,1.0,1.0,Route de Paris,"49,40291000","1,15846800",,76.076475,76475,Seine-Maritime,28.0,Normandie,50.0,7.0,2.0,2,1.0,28,Normandie,76,3,21,Franqueville-Saint-Pierre,6067,195,6262.0,2.0,7,,0.0,2.0,1.0,15.0
202300046706,1.0,1,3,1,1.0,2.0,0.0,0,-1.0,1997.0,B01,20,7,2023,16:45,1,76.0,76475,2,2,1.0,1.0,Route de Paris,"49,40291000","1,15846800",,76.076475,76475,Seine-Maritime,28.0,Normandie,50.0,7.0,2.0,2,1.0,28,Normandie,76,3,21,Franqueville-Saint-Pierre,6067,195,6262.0,1.0,2,,0.0,2.0,1.0,1.0
202300046727,1.0,1,1,1,1.0,1.0,-1.0, -1,-1.0,1966.0,A01,19,7,2023,08:25,1,76.0,76540,2,2,1.0,6.0,Place Cauchoise,"49,44579000","1,08668000",,76.076540,76540,Seine-Maritime,28.0,Normandie,50.0,7.0,2.0,2,1.0,28,Normandie,76,3,97,Rouen,114083,1556,115639.0,3.0,10,,0.0,1.0,3.0,1.0