Num_Acc,place,catu,grav,sexe,trajet,secu,locp,actp,etatp,an_nais,num_veh,jour,mois,an,hrmn,lum,dep,com,agg,int,atm,col,adr,lat,long,gps,com_insee_temp,com_insee,departmentName,regionCode,regionName,vma,catr,circ,nbv,surf,Code,Region,Departement,Arrondissement,Code_Canton,Nom_Commune,Population_municipaLe,Population_comptee_a_part,Population_Totale,senc,catv,occutc,obs,obsm,choc,manv
202200006809,1.0,1,4,1,3.0,2.0,-1.0, -1,-1.0,1975.0,A01,19,11,2022,21:20,5,76.0,76351,2,2,1.0,7.0,ALBERT ANDRE HUET,"49,4948800000","0,1112200000",,76.076351,76351,Seine-Maritime,28.0,Normandie,50.0,4.0,2.0,2,1.0,28,Normandie,76,2,96,LeHavre,166058,1780,167838.0,1.0,32,,0.0,0.0,0.0,9.0
202200006814,1.0,1,1,2,1.0,1.0,0.0,0,-1.0,1989.0,A01,19,9,2022,08:30,1,76.0,76057,1,6,1.0,3.0,départementale 67,"49,5239970000","0,9620550000",,76.076057,76057,Seine-Maritime,28.0,Normandie,80.0,3.0,1.0,2,1.0,28,Normandie,76,3,1,Barentin,12154,238,12392.0,3.0,7,,0.0,2.0,6.0,11.0
202200006814,1.0,1,4,1,1.0,2.0,0.0,0,-1.0,1968.0,B01,19,9,2022,08:30,1,76.0,76057,1,6,1.0,3.0,départementale 67,"49,5239970000","0,9620550000",,76.076057,76057,Seine-Maritime,28.0,Normandie,80.0,3.0,1.0,2,1.0,28,Normandie,76,3,1,Barentin,12154,238,12392.0,0.0,33,,0.0,2.0,2.0,1.0
202200006829,1.0,1,3,1,0.0,2.0,-1.0, -1,-1.0,1973.0,B01,17,9,2022,11:30,1,76.0,76351,2,2,1.0,3.0,PAUL BERT (AVENUE).,"49,5054900000","0,1711400000",,76.076351,76351,Seine-Maritime,28.0,Normandie,50.0,4.0,2.0,2,1.0,28,Normandie,76,2,96,LeHavre,166058,1780,167838.0,2.0,34,,0.0,2.0,0.0,0.0
202200006829,1.0,1,1,2,0.0,1.0,-1.0, -1,-1.0,1996.0,A01,17,9,2022,11:30,1,76.0,76351,2,2,1.0,3.0,PAUL BERT (AVENUE).,"49,5054900000","0,1711400000",,76.076351,76351,Seine-Maritime,28.0,Normandie,50.0,4.0,2.0,2,1.0,28,Normandie,76,2,96,LeHavre,166058,1780,167838.0,1.0,7,,0.0,2.0,0.0,0.0
202200006848,1.0,1,3,1,5.0,2.0,0.0,0,-1.0,1978.0,A01,5,8,2022,15:00,1,76.0,76714,1,1,1.0,6.0,11 La Mare Heberge,"49,5414780000","0,4093100000",,76.076714,76714,Seine-Maritime,28.0,Normandie,80.0,3.0,2.0,2,1.0,28,Normandie,76,2,32,LesTrois-Pierres,797,15,812.0,1.0,33,,8.0,0.0,1.0,1.0
202200006922,4.0,2,1,2,0.0,1.0,-1.0, -1,-1.0,1967.0,B01,2,8,2022,17:15,1,76.0,76351,2,1,1.0,2.0,SALVADOR ALLENDE (RUE),"49,5043800000","0,1472200000",,76.076351,76351,Seine-Maritime,28.0,Normandie,50.0,4.0,2.0,2,1.0,28,Normandie,76,2,96,LeHavre,166058,1780,167838.0,3.0,7,,0.0,2.0,4.0,1.0
202200006922,3.0,2,4,2,0.0,3.0,-1.0, -1,-1.0,2022.0,B01,2,8,2022,17:15,1,76.0,76351,2,1,1.0,2.0,SALVADOR ALLENDE (RUE),"49,5043800000","0,1472200000",,76.076351,76351,Seine-Maritime,28.0,Normandie,50.0,4.0,2.0,2,1.0,28,Normandie,76,2,96,LeHavre,166058,1780,167838.0,3.0,7,,0.0,2.0,4.0,1.0
202200006922,2.0,2,1,2,0.0,1.0,-1.0, -1,-1.0,1967.0,B01,2,8,2022,17:15,1,76.0,76351,2,1,1.0,2.0,SALVADOR ALLENDE (RUE),"49,5043800000","0,1472200000",,76.076351,76351,Seine-Maritime,28.0,Normandie,50.0,4.0,2.0,2,1.0,28,Normandie,76,2,96,LeHavre,166058,1780,167838.0,3.0,7,,0.0,2.0,4.0,1.0
202200006922,1.0,1,1,2,0.0,1.0,-1.0, -1,-1.0,1999.0,B01,2,8,2022,17:15,1,76.0,76351,2,1,1.0,2.0,SALVADOR ALLENDE (RUE),"49,5043800000","0,1472200000",,76.076351,76351,Seine-Maritime,28.0,Normandie,50.0,4.0,2.0,2,1.0,28,Normandie,76,2,96,LeHavre,166058,1780,167838.0,3.0,7,,0.0,2.0,4.0,1.0
202200006922,1.0,1,1,1,0.0,1.0,-1.0, -1,-1.0,1986.0,A01,2,8,2022,17:15,1,76.0,76351,2,1,1.0,2.0,SALVADOR ALLENDE (RUE),"49,5043800000","0,1472200000",,76.076351,76351,Seine-Maritime,28.0,Normandie,50.0,4.0,2.0,2,1.0,28,Normandie,76,2,96,LeHavre,166058,1780,167838.0,3.0,7,,0.0,2.0,1.0,1.0
202200006925,1.0,1,3,1,0.0,2.0,-1.0, -1,-1.0,1994.0,B01,2,8,2022,12:58,1,76.0,76351,2,2,1.0,3.0,ETRETAT (D'),"49,4989200000","0,0946800000",,76.076351,76351,Seine-Maritime,28.0,Normandie,50.0,4.0,2.0,2,1.0,28,Normandie,76,2,96,LeHavre,166058,1780,167838.0,0.0,2,,0.0,2.0,1.0,1.0
202200006925,1.0,1,1,2,0.0,1.0,-1.0, -1,-1.0,1994.0,A01,2,8,2022,12:58,1,76.0,76351,2,2,1.0,3.0,ETRETAT (D'),"49,4989200000","0,0946800000",,76.076351,76351,Seine-Maritime,28.0,Normandie,50.0,4.0,2.0,2,1.0,28,Normandie,76,2,96,LeHavre,166058,1780,167838.0,2.0,7,,0.0,2.0,2.0,15.0
202200007201,1.0,1,3,1,5.0,8.0,-1.0, -1,-1.0,1994.0,A01,17,4,2022,19:00,1,76.0,76474,1,1,1.0,6.0,Le Mont Cauvel,"49,4868030000","1,0377100000",,76.076474,76474,Seine-Maritime,28.0,Normandie,50.0,5.0,-1.0, -1,1.0,28,Normandie,76,3,24,Notre-Dame-de-BondevilLe6957,82,7039,,3.0,33,,0.0,9.0,0.0,0.0
202200007203,1.0,1,4,2,9.0,1.0,-1.0, -1,-1.0,1995.0,A01,17,4,2022,10:15,1,76.0,76561,2,1,1.0,3.0,Rue Jean Jaurès,"49,2973220000","1,0133330000",,76.076561,76561,Seine-Maritime,28.0,Normandie,50.0,4.0,2.0,2,1.0,28,Normandie,76,3,5,Saint-Aubin-lès-Elbeuf,8428,75,8503.0,3.0,7,,0.0,2.0,1.0,1.0
202200007203,2.0,2,1,2,0.0,1.0,-1.0, -1,-1.0,1972.0,B01,17,4,2022,10:15,1,76.0,76561,2,1,1.0,3.0,Rue Jean Jaurès,"49,2973220000","1,0133330000",,76.076561,76561,Seine-Maritime,28.0,Normandie,50.0,4.0,2.0,2,1.0,28,Normandie,76,3,5,Saint-Aubin-lès-Elbeuf,8428,75,8503.0,3.0,7,,0.0,2.0,8.0,1.0
202200007203,1.0,1,1,1,0.0,1.0,-1.0, -1,-1.0,1963.0,B01,17,4,2022,10:15,1,76.0,76561,2,1,1.0,3.0,Rue Jean Jaurès,"49,2973220000","1,0133330000",,76.076561,76561,Seine-Maritime,28.0,Normandie,50.0,4.0,2.0,2,1.0,28,Normandie,76,3,5,Saint-Aubin-lès-Elbeuf,8428,75,8503.0,3.0,7,,0.0,2.0,8.0,1.0
202200007210,1.0,1,1,1,5.0,1.0,-1.0, -1,-1.0,2004.0,A01,28,4,2022,23:07,5,76.0,76259,2,9,1.0,3.0,GARE ( PLACE DE LA),"49,7591100000","0,3756900000",,76.076259,76259,Seine-Maritime,28.0,Normandie,30.0,9.0,2.0,4,1.0,28,Normandie,76,2,11,Fécamp,18016,269,18285.0,3.0,7,,0.0,2.0,2.0,9.0
202200007210,2.0,2,1,1,5.0,1.0,-1.0, -1,-1.0,2005.0,A01,28,4,2022,23:07,5,76.0,76259,2,9,1.0,3.0,GARE ( PLACE DE LA),"49,7591100000","0,3756900000",,76.076259,76259,Seine-Maritime,28.0,Normandie,30.0,9.0,2.0,4,1.0,28,Normandie,76,2,11,Fécamp,18016,269,18285.0,3.0,7,,0.0,2.0,2.0,9.0
202200007210,3.0,2,4,1,5.0,1.0,-1.0, -1,-1.0,2008.0,A01,28,4,2022,23:07,5,76.0,76259,2,9,1.0,3.0,GARE ( PLACE DE LA),"49,7591100000","0,3756900000",,76.076259,76259,Seine-Maritime,28.0,Normandie,30.0,9.0,2.0,4,1.0,28,Normandie,76,2,11,Fécamp,18016,269,18285.0,3.0,7,,0.0,2.0,2.0,9.0
202200007210,1.0,1,1,1,5.0,1.0,-1.0, -1,-1.0,2000.0,B01,28,4,2022,23:07,5,76.0,76259,2,9,1.0,3.0,GARE ( PLACE DE LA),"49,7591100000","0,3756900000",,76.076259,76259,Seine-Maritime,28.0,Normandie,30.0,9.0,2.0,4,1.0,28,Normandie,76,2,11,Fécamp,18016,269,18285.0,3.0,7,,0.0,2.0,8.0,16.0
202200007210,2.0,2,1,1,5.0,1.0,-1.0, -1,-1.0,2000.0,B01,28,4,2022,23:07,5,76.0,76259,2,9,1.0,3.0,GARE ( PLACE DE LA),"49,7591100000","0,3756900000",,76.076259,76259,Seine-Maritime,28.0,Normandie,30.0,9.0,2.0,4,1.0,28,Normandie,76,2,11,Fécamp,18016,269,18285.0,3.0,7,,0.0,2.0,8.0,16.0
202200007274,1.0,1,1,-1,-1.0,-1.0,-1.0, -1,-1.0,,A01,21,5,2022,07:00,1,76.0,76351,2,1,1.0,6.0,IENA (D'),"49,4915500000","0,1357500000",,76.076351,76351,Seine-Maritime,28.0,Normandie,50.0,4.0,2.0,2,1.0,28,Normandie,76,2,96,LeHavre,166058,1780,167838.0,0.0,7,,0.0,1.0,4.0,4.0
202200007274,10.0,3,4,1,5.0,0.0,2.0,3,1.0,1995.0,A01,21,5,2022,07:00,1,76.0,76351,2,1,1.0,6.0,IENA (D'),"49,4915500000","0,1357500000",,76.076351,76351,Seine-Maritime,28.0,Normandie,50.0,4.0,2.0,2,1.0,28,Normandie,76,2,96,LeHavre,166058,1780,167838.0,0.0,7,,0.0,1.0,4.0,4.0
202200007400,1.0,1,1,2,1.0,1.0,0.0,0,-1.0,1977.0,A01,21,3,2022,17:15,1,76.0,76647,2,2,1.0,3.0,vieille route,"49,5236900000","0,3609070000",,76.076647,76647,Seine-Maritime,28.0,Normandie,50.0,3.0,2.0,2,1.0,28,Normandie,76,2,32,Saint-Romain-de-Colbosc,4436,43,4479.0,1.0,7,,0.0,2.0,2.0,26.0
202200007400,1.0,1,3,1,5.0,2.0,0.0,0,-1.0,2005.0,B01,21,3,2022,17:15,1,76.0,76647,2,2,1.0,3.0,vieille route,"49,5236900000","0,3609070000",,76.076647,76647,Seine-Maritime,28.0,Normandie,50.0,3.0,2.0,2,1.0,28,Normandie,76,2,32,Saint-Romain-de-Colbosc,4436,43,4479.0,1.0,2,,0.0,2.0,1.0,1.0
202200007536,2.0,2,4,1,0.0,1.0,-1.0, -1,-1.0,1996.0,A01,19,3,2022,21:15,5,76.0,76681,2,1,1.0,6.0,Rue de Paris,"49,4127200000","1,0987490000",,76.076681,76681,Seine-Maritime,28.0,Normandie,50.0,7.0,2.0,2,1.0,28,Normandie,76,3,99,Sotteville-lès-Rouen,28965,475,29440.0,1.0,7,,1.0,0.0,1.0,2.0
202200007536,1.0,1,4,1,0.0,1.0,-1.0, -1,-1.0,1998.0,A01,19,3,2022,21:15,5,76.0,76681,2,1,1.0,6.0,Rue de Paris,"49,4127200000","1,0987490000",,76.076681,76681,Seine-Maritime,28.0,Normandie,50.0,7.0,2.0,2,1.0,28,Normandie,76,3,99,Sotteville-lès-Rouen,28965,475,29440.0,1.0,7,,1.0,0.0,1.0,2.0
202200007587,1.0,1,2,1,5.0,2.0,0.0,0,-1.0,1937.0,B01,2,6,2022,15:20,1,76.0,76517,1,2,1.0,3.0,Intersection route de crèvecoeur - route d'Houppeville,"49,5221820000","1,1362270000",,76.076517,76517,Seine-Maritime,28.0,Normandie,80.0,3.0,2.0,2,1.0,28,Normandie,76,3,2,Quincampoix,3110,68,3178.0,2.0,80,,0.0,2.0,8.0,19.0
202200007587,1.0,1,1,2,1.0,1.0,0.0,0,-1.0,1963.0,A01,2,6,2022,15:20,1,76.0,76517,1,2,1.0,3.0,Intersection route de crèvecoeur - route d'Houppeville,"49,5221820000","1,1362270000",,76.076517,76517,Seine-Maritime,28.0,Normandie,80.0,3.0,2.0,2,1.0,28,Normandie,76,3,2,Quincampoix,3110,68,3178.0,2.0,7,,0.0,9.0,2.0,1.0
202200007601,2.0,2,4,2,5.0,1.0,0.0,0,-1.0,2005.0,A01,1,5,2022,12:15,1,76.0,76709,1,1,1.0,7.0,Route de Yainville,"49,4648190000","0,8297470000",,76.076709,76709,Seine-Maritime,28.0,Normandie,80.0,7.0,2.0,2,1.0,28,Normandie,76,3,1,LeTrait,4780,38,4818.0,1.0,7,,2.0,0.0,1.0,1.0
202200007601,1.0,1,4,1,5.0,1.0,0.0,0,-1.0,2002.0,A01,1,5,2022,12:15,1,76.0,76709,1,1,1.0,7.0,Route de Yainville,"49,4648190000","0,8297470000",,76.076709,76709,Seine-Maritime,28.0,Normandie,80.0,7.0,2.0,2,1.0,28,Normandie,76,3,1,LeTrait,4780,38,4818.0,1.0,7,,2.0,0.0,1.0,1.0
202200007743,1.0,1,4,2,3.0,1.0,0.0,0,-1.0,1970.0,A01,29,12,2022,18:25,3,76.0,76332,1,1,1.0,6.0,Rue du Calvaire Justine,"49,6166740000","1,6871200000",,76.076332,76332,Seine-Maritime,28.0,Normandie,80.0,3.0,2.0,2,1.0,28,Normandie,76,1,12,Grumesnil,459,7,466.0,1.0,7,,0.0,0.0,1.0,1.0
202200007745,1.0,1,1,1,5.0,1.0,0.0,0,-1.0,1985.0,B01,1,5,2022,14:40,1,76.0,76223,1,1,1.0,2.0,D6015,"49,6266830000","0,8037190000",,76.076223,76223,Seine-Maritime,28.0,Normandie,-1.0,3.0,2.0,2,1.0,28,Normandie,76,3,24,Écalles-Alix,528,6,534.0,2.0,7,,0.0,2.0,2.0,2.0
202200007745,1.0,1,3,1,5.0,2.0,0.0,0,-1.0,1950.0,A01,1,5,2022,14:40,1,76.0,76223,1,1,1.0,2.0,D6015,"49,6266830000","0,8037190000",,76.076223,76223,Seine-Maritime,28.0,Normandie,-1.0,3.0,2.0,2,1.0,28,Normandie,76,3,24,Écalles-Alix,528,6,534.0,2.0,1,,0.0,0.0,4.0,2.0
202200007763,2.0,2,1,1,5.0,1.0,0.0,0,-1.0,1999.0,A01,19,3,2022,07:30,1,76.0,76279,1,1,1.0,1.0,D40,"49,6162160000","0,5930040000",,76.076279,76279,Seine-Maritime,28.0,Normandie,80.0,3.0,2.0,2,1.0,28,Normandie,76,2,33,Foucart,349,0,349.0,2.0,7,,0.0,2.0,2.0,13.0
202200007763,1.0,1,1,1,5.0,1.0,0.0,0,-1.0,1993.0,A01,19,3,2022,07:30,1,76.0,76279,1,1,1.0,1.0,D40,"49,6162160000","0,5930040000",,76.076279,76279,Seine-Maritime,28.0,Normandie,80.0,3.0,2.0,2,1.0,28,Normandie,76,2,33,Foucart,349,0,349.0,2.0,7,,0.0,2.0,2.0,13.0
202200007763,1.0,1,1,2,5.0,1.0,0.0,0,-1.0,2000.0,B01,19,3,2022,07:30,1,76.0,76279,1,1,1.0,1.0,D40,"49,6162160000","0,5930040000",,76.076279,76279,Seine-Maritime,28.0,Normandie,80.0,3.0,2.0,2,1.0,28,Normandie,76,2,33,Foucart,349,0,349.0,1.0,7,,0.0,2.0,5.0,13.0
202200007763,7.0,2,4,2,5.0,1.0,0.0,0,-1.0,1976.0,B01,19,3,2022,07:30,1,76.0,76279,1,1,1.0,1.0,D40,"49,6162160000","0,5930040000",,76.076279,76279,Seine-Maritime,28.0,Normandie,80.0,3.0,2.0,2,1.0,28,Normandie,76,2,33,Foucart,349,0,349.0,1.0,7,,0.0,2.0,5.0,13.0
202200007763,2.0,2,1,1,5.0,1.0,0.0,0,-1.0,1974.0,B01,19,3,2022,07:30,1,76.0,76279,1,1,1.0,1.0,D40,"49,6162160000","0,5930040000",,76.076279,76279,Seine-Maritime,28.0,Normandie,80.0,3.0,2.0,2,1.0,28,Normandie,76,2,33,Foucart,349,0,349.0,1.0,7,,0.0,2.0,5.0,13.0
202200007881,10.0,3,3,2,2.0,0.0,1.0,3,1.0,2011.0,A01,13,9,2022,16:50,1,76.0,76429,2,1,1.0,6.0,Rue Thiers,"49,4069435419","1,1431488469",,76.076429,76429,Seine-Maritime,28.0,Normandie,50.0,4.0,2.0,2,1.0,28,Normandie,76,3,21,LeMesnil-Esnard,7980,353,8333.0,3.0,7,,0.0,1.0,2.0,1.0
202200007881,1.0,1,1,2,2.0,1.0,-1.0, -1,-1.0,1978.0,A01,13,9,2022,16:50,1,76.0,76429,2,1,1.0,6.0,Rue Thiers,"49,4069435419","1,1431488469",,76.076429,76429,Seine-Maritime,28.0,Normandie,50.0,4.0,2.0,2,1.0,28,Normandie,76,3,21,LeMesnil-Esnard,7980,353,8333.0,3.0,7,,0.0,1.0,2.0,1.0
202200008222,1.0,1,4,2,0.0,1.0,-1.0, -1,-1.0,1990.0,A01,1,7,2022,10:30,1,76.0,76319,1,1,1.0,2.0,Avenue de Caen,"49,3433626554","0,9767818451",,76.076319,76319,Seine-Maritime,28.0,Normandie,50.0,4.0,2.0,2,1.0,28,Normandie,76,3,9,Grand-Couronne,9726,177,9903.0,3.0,7,,0.0,2.0,1.0,2.0
202200008222,4.0,2,4,2,0.0,3.0,-1.0, -1,-1.0,2018.0,A01,1,7,2022,10:30,1,76.0,76319,1,1,1.0,2.0,Avenue de Caen,"49,3433626554","0,9767818451",,76.076319,76319,Seine-Maritime,28.0,Normandie,50.0,4.0,2.0,2,1.0,28,Normandie,76,3,9,Grand-Couronne,9726,177,9903.0,3.0,7,,0.0,2.0,1.0,2.0
202200008222,1.0,1,1,1,4.0,8.0,-1.0, -1,-1.0,1986.0,B01,1,7,2022,10:30,1,76.0,76319,1,1,1.0,2.0,Avenue de Caen,"49,3433626554","0,9767818451",,76.076319,76319,Seine-Maritime,28.0,Normandie,50.0,4.0,2.0,2,1.0,28,Normandie,76,3,9,Grand-Couronne,9726,177,9903.0,3.0,7,,0.0,2.0,4.0,23.0
202200008224,1.0,1,4,1,5.0,8.0,-1.0, -1,-1.0,1992.0,A01,9,5,2022,01:00,5,76.0,76351,2,2,1.0,3.0,FREDERIC BELLANGER,"49,4954600000","0,0995200000",,76.076351,76351,Seine-Maritime,28.0,Normandie,50.0,4.0,2.0,2,1.0,28,Normandie,76,2,96,LeHavre,166058,1780,167838.0,1.0,50,,0.0,2.0,0.0,0.0
202200008224,1.0,1,1,-1,-1.0,-1.0,-1.0, -1,-1.0,,Z01,9,5,2022,01:00,5,76.0,76351,2,2,1.0,3.0,FREDERIC BELLANGER,"49,4954600000","0,0995200000",,76.076351,76351,Seine-Maritime,28.0,Normandie,50.0,4.0,2.0,2,1.0,28,Normandie,76,2,96,LeHavre,166058,1780,167838.0,2.0,7,,0.0,2.0,0.0,1.0
202200008515,1.0,1,4,1,5.0,2.0,0.0,0,-1.0,2007.0,B01,11,2,2022,18:40,5,76.0,76557,2,2,1.0,3.0,D982,"49,5271370000","0,6960330000",,76.076557,76557,Seine-Maritime,28.0,Normandie,50.0,3.0,2.0,2,1.0,28,Normandie,76,3,25,Saint-Arnoult,1453,23,1476.0,1.0,2,,0.0,0.0,3.0,16.0
202200008515,1.0,1,1,1,3.0,1.0,0.0,0,-1.0,1982.0,A01,11,2,2022,18:40,5,76.0,76557,2,2,1.0,3.0,D982,"49,5271370000","0,6960330000",,76.076557,76557,Seine-Maritime,28.0,Normandie,50.0,3.0,2.0,2,1.0,28,Normandie,76,3,25,Saint-Arnoult,1453,23,1476.0,1.0,7,,0.0,2.0,7.0,1.0
202200008550,1.0,1,1,2,0.0,8.0,-1.0, -1,-1.0,1962.0,A01,9,2,2022,13:30,1,76.0,76540,2,3,1.0,3.0,Boulevard des Belges,"49,4452300000","1,0859100000",,76.076540,76540,Seine-Maritime,28.0,Normandie,50.0,7.0,2.0,4,1.0,28,Normandie,76,3,97,Rouen,114083,1556,115639.0,2.0,7,,0.0,2.0,7.0,16.0
202200008550,1.0,1,4,2,4.0,8.0,-1.0, -1,-1.0,2001.0,B01,9,2,2022,13:30,1,76.0,76540,2,3,1.0,3.0,Boulevard des Belges,"49,4452300000","1,0859100000",,76.076540,76540,Seine-Maritime,28.0,Normandie,50.0,7.0,2.0,4,1.0,28,Normandie,76,3,97,Rouen,114083,1556,115639.0,2.0,50,,0.0,2.0,9.0,1.0
202200008732,2.0,2,1,1,5.0,8.0,-1.0, -1,-1.0,1980.0,A01,2,8,2022,12:00,1,76.0,76351,2,1,1.0,7.0,JACQUES ANQUETIL (AVENUE),"49,5126700000","0,1467000000",,76.076351,76351,Seine-Maritime,28.0,Normandie,50.0,4.0,2.0,2,1.0,28,Normandie,76,2,96,LeHavre,166058,1780,167838.0,1.0,99,,0.0,0.0,0.0,1.0
202200008732,4.0,2,4,1,5.0,8.0,-1.0, -1,-1.0,2013.0,A01,2,8,2022,12:00,1,76.0,76351,2,1,1.0,7.0,JACQUES ANQUETIL (AVENUE),"49,5126700000","0,1467000000",,76.076351,76351,Seine-Maritime,28.0,Normandie,50.0,4.0,2.0,2,1.0,28,Normandie,76,2,96,LeHavre,166058,1780,167838.0,1.0,99,,0.0,0.0,0.0,1.0
202200008732,1.0,1,1,2,5.0,8.0,-1.0, -1,-1.0,1984.0,A01,2,8,2022,12:00,1,76.0,76351,2,1,1.0,7.0,JACQUES ANQUETIL (AVENUE),"49,5126700000","0,1467000000",,76.076351,76351,Seine-Maritime,28.0,Normandie,50.0,4.0,2.0,2,1.0,28,Normandie,76,2,96,LeHavre,166058,1780,167838.0,1.0,99,,0.0,0.0,0.0,1.0
202200008733,10.0,3,4,2,5.0,0.0,3.0,3,2.0,1977.0,B01,1,8,2022,19:30,1,76.0,76217,2,1,7.0,2.0,AVENUE JEAN JAURES,"49,9096200000","1,0662300000",,76.076217,76217,Seine-Maritime,28.0,Normandie,50.0,4.0,2.0,2,1.0,28,Normandie,76,1,95,Dieppe,28358,455,28813.0,3.0,7,,0.0,0.0,4.0,23.0
202200008733,1.0,1,1,1,0.0,1.0,-1.0, -1,-1.0,1944.0,B01,1,8,2022,19:30,1,76.0,76217,2,1,7.0,2.0,AVENUE JEAN JAURES,"49,9096200000","1,0662300000",,76.076217,76217,Seine-Maritime,28.0,Normandie,50.0,4.0,2.0,2,1.0,28,Normandie,76,1,95,Dieppe,28358,455,28813.0,3.0,7,,0.0,0.0,4.0,23.0
202200008733,1.0,1,1,2,5.0,1.0,-1.0, -1,-1.0,1977.0,A01,1,8,2022,19:30,1,76.0,76217,2,1,7.0,2.0,AVENUE JEAN JAURES,"49,9096200000","1,0662300000",,76.076217,76217,Seine-Maritime,28.0,Normandie,50.0,4.0,2.0,2,1.0,28,Normandie,76,1,95,Dieppe,28358,455,28813.0,0.0,7,,0.0,2.0,1.0,2.0
202200008734,10.0,3,2,2,5.0,0.0,9.0,9,1.0,2002.0,A01,27,7,2022,23:45,5,76.0,76217,2,1,1.0,6.0,BELVEDERE,"49,9097099778","1,0777229816",,76.076217,76217,Seine-Maritime,28.0,Normandie,30.0,6.0,-1.0,0,1.0,28,Normandie,76,1,95,Dieppe,28358,455,28813.0,3.0,7,,0.0,0.0,2.0,15.0
202200008734,1.0,1,1,2,5.0,1.0,-1.0, -1,-1.0,2002.0,A01,27,7,2022,23:45,5,76.0,76217,2,1,1.0,6.0,BELVEDERE,"49,9097099778","1,0777229816",,76.076217,76217,Seine-Maritime,28.0,Normandie,30.0,6.0,-1.0,0,1.0,28,Normandie,76,1,95,Dieppe,28358,455,28813.0,3.0,7,,0.0,0.0,2.0,15.0
202200008935,1.0,1,1,1,5.0,1.0,0.0,0,-1.0,1947.0,A01,21,11,2022,19:16,3,76.0,76532,1,2,3.0,1.0,Route des Murs,"49,6193370000","1,3224690000",,76.076532,76532,Seine-Maritime,28.0,Normandie,80.0,3.0,2.0,2,2.0,28,Normandie,76,1,23,Rocquemont,778,17,795.0,1.0,7,,0.0,0.0,0.0,19.0
202200008935,2.0,2,4,2,0.0,1.0,0.0,0,-1.0,1999.0,B01,21,11,2022,19:16,3,76.0,76532,1,2,3.0,1.0,Route des Murs,"49,6193370000","1,3224690000",,76.076532,76532,Seine-Maritime,28.0,Normandie,80.0,3.0,2.0,2,2.0,28,Normandie,76,1,23,Rocquemont,778,17,795.0,0.0,7,,0.0,0.0,0.0,1.0
202200008935,1.0,1,4,1,0.0,1.0,0.0,0,-1.0,2003.0,B01,21,11,2022,19:16,3,76.0,76532,1,2,3.0,1.0,Route des Murs,"49,6193370000","1,3224690000",,76.076532,76532,Seine-Maritime,28.0,Normandie,80.0,3.0,2.0,2,2.0,28,Normandie,76,1,23,Rocquemont,778,17,795.0,0.0,7,,0.0,0.0,0.0,1.0
202200009080,1.0,1,4,1,1.0,2.0,0.0,0,-1.0,1968.0,A01,27,12,2022,14:15,1,76.0,76540,2,2,1.0,2.0,Boulevard Jean Jaures,"49,4523500000","1,0591300000",,76.076540,76540,Seine-Maritime,28.0,Normandie,50.0,7.0,2.0,2,1.0,28,Normandie,76,3,97,Rouen,114083,1556,115639.0,3.0,30,,0.0,2.0,4.0,2.0
202200009080,1.0,1,1,-1,-1.0,-1.0,-1.0, -1,-1.0,,Z01,27,12,2022,14:15,1,76.0,76540,2,2,1.0,2.0,Boulevard Jean Jaures,"49,4523500000","1,0591300000",,76.076540,76540,Seine-Maritime,28.0,Normandie,50.0,7.0,2.0,2,1.0,28,Normandie,76,3,97,Rouen,114083,1556,115639.0,3.0,7,,0.0,2.0,0.0,0.0
202200009084,1.0,1,1,1,0.0,8.0,0.0,0,-1.0,1966.0,A01,27,12,2022,11:35,1,76.0,76391,2,1,7.0,6.0,Rue des Canadiens,"49,3017770000","0,9520510000",,76.076391,76391,Seine-Maritime,28.0,Normandie,50.0,4.0,2.0,2,1.0,28,Normandie,76,3,9,La Londe,2362,71,2433.0,3.0,7,,0.0,1.0,2.0,1.0
202200009084,10.0,3,3,1,5.0,0.0,9.0,B,1.0,1958.0,A01,27,12,2022,11:35,1,76.0,76391,2,1,7.0,6.0,Rue des Canadiens,"49,3017770000","0,9520510000",,76.076391,76391,Seine-Maritime,28.0,Normandie,50.0,4.0,2.0,2,1.0,28,Normandie,76,3,9,La Londe,2362,71,2433.0,3.0,7,,0.0,1.0,2.0,1.0
202200009088,1.0,1,1,1,9.0,8.0,0.0,0,-1.0,1954.0,A01,26,12,2022,06:48,3,76.0,76322,1,1,1.0,6.0,N338 - Sud 3,"49,4163900000","1,0461400000",,76.076322,76322,Seine-Maritime,28.0,Normandie,90.0,2.0,3.0,6,2.0,28,Normandie,76,3,13,LeGrand-Quevilly,25975,225,26200.0,2.0,7,,0.0,1.0,1.0,1.0
202200009088,10.0,3,2,1,5.0,0.0,1.0,3,1.0,1945.0,A01,26,12,2022,06:48,3,76.0,76322,1,1,1.0,6.0,N338 - Sud 3,"49,4163900000","1,0461400000",,76.076322,76322,Seine-Maritime,28.0,Normandie,90.0,2.0,3.0,6,2.0,28,Normandie,76,3,13,LeGrand-Quevilly,25975,225,26200.0,2.0,7,,0.0,1.0,1.0,1.0