Num_Acc,place,catu,grav,sexe,trajet,secu,locp,actp,etatp,an_nais,num_veh,jour,mois,an,hrmn,lum,dep,com,agg,int,atm,col,adr,lat,long,gps,com_insee_temp,com_insee,departmentName,regionCode,regionName,vma,catr,circ,nbv,surf,Code,Region,Departement,Arrondissement,Code_Canton,Nom_Commune,Population_municipaLe,Population_comptee_a_part,Population_Totale,senc,catv,occutc,obs,obsm,choc,manv
202200009261,1.0,1,4,1,0.0,1.0,-1.0, -1,-1.0,1996.0,B01,18,3,2022,18:00,1,76.0,76165,2,2,1.0,1.0,Rue Armand Barbès,"49,2807700000","1,0126600000",,76.076165,76165,Seine-Maritime,28.0,Normandie,50.0,4.0,2.0,2,1.0,28,Normandie,76,3,5,Caudebec-lès-Elbeuf,10135,69,10204.0,0.0,7,,0.0,2.0,3.0,13.0
202200009261,2.0,2,1,2,0.0,1.0,-1.0, -1,-1.0,1987.0,A01,18,3,2022,18:00,1,76.0,76165,2,2,1.0,1.0,Rue Armand Barbès,"49,2807700000","1,0126600000",,76.076165,76165,Seine-Maritime,28.0,Normandie,50.0,4.0,2.0,2,1.0,28,Normandie,76,3,5,Caudebec-lès-Elbeuf,10135,69,10204.0,0.0,7,,0.0,2.0,1.0,16.0
202200009261,3.0,2,4,2,0.0,1.0,-1.0, -1,-1.0,2021.0,A01,18,3,2022,18:00,1,76.0,76165,2,2,1.0,1.0,Rue Armand Barbès,"49,2807700000","1,0126600000",,76.076165,76165,Seine-Maritime,28.0,Normandie,50.0,4.0,2.0,2,1.0,28,Normandie,76,3,5,Caudebec-lès-Elbeuf,10135,69,10204.0,0.0,7,,0.0,2.0,1.0,16.0
202200009261,1.0,1,1,1,0.0,1.0,-1.0, -1,-1.0,1993.0,A01,18,3,2022,18:00,1,76.0,76165,2,2,1.0,1.0,Rue Armand Barbès,"49,2807700000","1,0126600000",,76.076165,76165,Seine-Maritime,28.0,Normandie,50.0,4.0,2.0,2,1.0,28,Normandie,76,3,5,Caudebec-lès-Elbeuf,10135,69,10204.0,0.0,7,,0.0,2.0,1.0,16.0
202200009340,1.0,1,2,1,3.0,1.0,0.0,0,-1.0,1951.0,A01,28,12,2022,10:10,1,76.0,76490,2,1,1.0,7.0,297 Rue de l'Ecole,"49,7264670000","0,6035500000",,76.076490,76490,Seine-Maritime,28.0,Normandie,30.0,3.0,2.0,2,1.0,28,Normandie,76,1,33,Ourville-en-Caux,1105,15,1120.0,2.0,3,,7.0,0.0,3.0,13.0
202200009340,2.0,2,1,2,3.0,1.0,0.0,0,-1.0,1958.0,A01,28,12,2022,10:10,1,76.0,76490,2,1,1.0,7.0,297 Rue de l'Ecole,"49,7264670000","0,6035500000",,76.076490,76490,Seine-Maritime,28.0,Normandie,30.0,3.0,2.0,2,1.0,28,Normandie,76,1,33,Ourville-en-Caux,1105,15,1120.0,2.0,3,,7.0,0.0,3.0,13.0
202200009603,10.0,3,4,1,0.0,0.0,4.0,3,1.0,1983.0,A01,26,12,2022,22:30,5,76.0,76498,2,2,1.0,6.0,Rue Ursin Scheid,"49,4223000000","1,0645100000",,76.076498,76498,Seine-Maritime,28.0,Normandie,50.0,4.0,2.0,2,1.0,28,Normandie,76,3,27,LePetit-Quevilly,21782,274,22056.0,3.0,7,,0.0,1.0,1.0,15.0
202200009603,1.0,1,1,1,1.0,1.0,0.0,0,-1.0,1965.0,A01,26,12,2022,22:30,5,76.0,76498,2,2,1.0,6.0,Rue Ursin Scheid,"49,4223000000","1,0645100000",,76.076498,76498,Seine-Maritime,28.0,Normandie,50.0,4.0,2.0,2,1.0,28,Normandie,76,3,27,LePetit-Quevilly,21782,274,22056.0,3.0,7,,0.0,1.0,1.0,15.0
202200009606,1.0,1,3,2,0.0,1.0,0.0,0,-1.0,2002.0,A01,26,12,2022,08:40,1,76.0,76341,1,1,1.0,6.0,RD 6382,"49,5105400000","0,1978100000",,76.076341,76341,Seine-Maritime,28.0,Normandie,70.0,3.0,3.0,4,2.0,28,Normandie,76,2,15,Harfleur,8315,53,8368.0,2.0,7,,4.0,0.0,1.0,1.0
202200009610,1.0,1,3,1,0.0,8.0,0.0,0,-1.0,1999.0,B01,25,12,2022,03:45,4,76.0,76447,2,1,1.0,6.0,PRESIDENT WILSON,"49,5437000000","0,1826100000",,76.076447,76447,Seine-Maritime,28.0,Normandie,50.0,4.0,2.0,3,2.0,28,Normandie,76,2,15,Montivilliers,15457,203,15660.0,1.0,50,,0.0,2.0,0.0,1.0
202200009610,1.0,1,1,-1,-1.0,-1.0,-1.0, -1,-1.0,,Z01,25,12,2022,03:45,4,76.0,76447,2,1,1.0,6.0,PRESIDENT WILSON,"49,5437000000","0,1826100000",,76.076447,76447,Seine-Maritime,28.0,Normandie,50.0,4.0,2.0,3,2.0,28,Normandie,76,2,15,Montivilliers,15457,203,15660.0,1.0,0,,0.0,0.0,0.0,0.0
202200009612,1.0,1,1,1,5.0,1.0,0.0,0,-1.0,1949.0,A01,23,12,2022,18:10,5,76.0,76351,2,2,1.0,6.0,BERNARDIN DE SAINT PIERRE,"49,4908800000","0,1051600000",,76.076351,76351,Seine-Maritime,28.0,Normandie,50.0,4.0,2.0,2,1.0,28,Normandie,76,2,96,LeHavre,166058,1780,167838.0,2.0,7,,0.0,1.0,3.0,15.0
202200009612,10.0,3,3,2,5.0,0.0,3.0,3,1.0,1939.0,A01,23,12,2022,18:10,5,76.0,76351,2,2,1.0,6.0,BERNARDIN DE SAINT PIERRE,"49,4908800000","0,1051600000",,76.076351,76351,Seine-Maritime,28.0,Normandie,50.0,4.0,2.0,2,1.0,28,Normandie,76,2,96,LeHavre,166058,1780,167838.0,2.0,7,,0.0,1.0,3.0,15.0
202200009614,1.0,1,1,1,5.0,1.0,0.0,0,-1.0,1994.0,A01,23,12,2022,06:30,5,76.0,76351,2,1,2.0,6.0,PARIS (DE),"49,4856400000","0,1072600000",,76.076351,76351,Seine-Maritime,28.0,Normandie,30.0,4.0,2.0,1,2.0,28,Normandie,76,2,96,LeHavre,166058,1780,167838.0,2.0,7,,8.0,0.0,2.0,14.0
202200009614,2.0,2,4,2,5.0,1.0,0.0,0,-1.0,2003.0,A01,23,12,2022,06:30,5,76.0,76351,2,1,2.0,6.0,PARIS (DE),"49,4856400000","0,1072600000",,76.076351,76351,Seine-Maritime,28.0,Normandie,30.0,4.0,2.0,1,2.0,28,Normandie,76,2,96,LeHavre,166058,1780,167838.0,2.0,7,,8.0,0.0,2.0,14.0
202200009614,4.0,2,1,1,5.0,1.0,0.0,0,-1.0,2003.0,A01,23,12,2022,06:30,5,76.0,76351,2,1,2.0,6.0,PARIS (DE),"49,4856400000","0,1072600000",,76.076351,76351,Seine-Maritime,28.0,Normandie,30.0,4.0,2.0,1,2.0,28,Normandie,76,2,96,LeHavre,166058,1780,167838.0,2.0,7,,8.0,0.0,2.0,14.0
202200009614,5.0,2,1,1,0.0,1.0,0.0,0,-1.0,2003.0,A01,23,12,2022,06:30,5,76.0,76351,2,1,2.0,6.0,PARIS (DE),"49,4856400000","0,1072600000",,76.076351,76351,Seine-Maritime,28.0,Normandie,30.0,4.0,2.0,1,2.0,28,Normandie,76,2,96,LeHavre,166058,1780,167838.0,2.0,7,,8.0,0.0,2.0,14.0
202200009614,3.0,2,1,1,0.0,1.0,0.0,0,-1.0,2004.0,A01,23,12,2022,06:30,5,76.0,76351,2,1,2.0,6.0,PARIS (DE),"49,4856400000","0,1072600000",,76.076351,76351,Seine-Maritime,28.0,Normandie,30.0,4.0,2.0,1,2.0,28,Normandie,76,2,96,LeHavre,166058,1780,167838.0,2.0,7,,8.0,0.0,2.0,14.0
202200009617,1.0,1,2,1,9.0,1.0,0.0,0,-1.0,1996.0,A01,26,12,2022,01:55,3,76.0,76382,1,1,9.0,6.0,D6015,"49,5781100000","0,5170000000",,76.076382,76382,Seine-Maritime,28.0,Normandie,80.0,3.0,2.0,3,2.0,28,Normandie,76,2,3,Lanquetot,1152,19,1171.0,-1.0,7,,1.0,0.0,3.0,1.0
202200009641,1.0,1,1,1,5.0,1.0,-1.0, -1,-1.0,1938.0,A01,26,4,2022,15:20,1,76.0,76351,2,2,1.0,6.0,AUGUSTIN NORMAND,"49,4904700000","0,0995900000",,76.076351,76351,Seine-Maritime,28.0,Normandie,50.0,4.0,2.0,2,1.0,28,Normandie,76,2,96,LeHavre,166058,1780,167838.0,0.0,7,,0.0,1.0,1.0,15.0
202200009641,10.0,3,4,1,5.0,0.0,2.0,3,1.0,1939.0,A01,26,4,2022,15:20,1,76.0,76351,2,2,1.0,6.0,AUGUSTIN NORMAND,"49,4904700000","0,0995900000",,76.076351,76351,Seine-Maritime,28.0,Normandie,50.0,4.0,2.0,2,1.0,28,Normandie,76,2,96,LeHavre,166058,1780,167838.0,0.0,7,,0.0,1.0,1.0,15.0
202200009674,1.0,1,4,2,0.0,1.0,0.0,0,-1.0,1969.0,A01,25,12,2022,14:10,1,76.0,76212,1,1,1.0,7.0,D43 (Bretelle de sortie),"49,4561626871","1,1438173056",,76.076212,76212,Seine-Maritime,28.0,Normandie,50.0,7.0,1.0,1,2.0,28,Normandie,76,3,6,Darnétal,9738,74,9812.0,1.0,7,,0.0,0.0,9.0,1.0
202200009674,2.0,2,1,1,0.0,1.0,0.0,0,-1.0,1971.0,A01,25,12,2022,14:10,1,76.0,76212,1,1,1.0,7.0,D43 (Bretelle de sortie),"49,4561626871","1,1438173056",,76.076212,76212,Seine-Maritime,28.0,Normandie,50.0,7.0,1.0,1,2.0,28,Normandie,76,3,6,Darnétal,9738,74,9812.0,1.0,7,,0.0,0.0,9.0,1.0
202200009678,1.0,1,3,1,0.0,8.0,0.0,0,-1.0,1994.0,A01,19,3,2022,18:20,2,76.0,76220,1,1,1.0,7.0,Route de la Garenne,"49,8783430000","1,2916560000",,76.076220,76220,Seine-Maritime,28.0,Normandie,80.0,4.0,2.0,2,1.0,28,Normandie,76,1,8,Douvrend,523,12,535.0,3.0,7,,13.0,0.0,3.0,1.0
202200010065,1.0,1,4,1,4.0,2.0,0.0,0,-1.0,1965.0,B01,9,2,2022,12:10,1,76.0,76101,2,9,7.0,3.0,Rue Notre-Dame,"49,9311937084","1,6291147470",,76.076101,76101,Seine-Maritime,28.0,Normandie,50.0,4.0,2.0,2,1.0,28,Normandie,76,1,10,Blangy-sur-BresLe2862,28,2890,,2.0,2,,0.0,2.0,3.0,1.0
202200010065,1.0,1,1,2,3.0,1.0,0.0,0,-1.0,1989.0,A01,9,2,2022,12:10,1,76.0,76101,2,9,7.0,3.0,Rue Notre-Dame,"49,9311937084","1,6291147470",,76.076101,76101,Seine-Maritime,28.0,Normandie,50.0,4.0,2.0,2,1.0,28,Normandie,76,1,10,Blangy-sur-BresLe2862,28,2890,,1.0,7,,0.0,2.0,2.0,15.0
202200010189,1.0,1,1,1,0.0,1.0,-1.0, -1,-1.0,1985.0,C01,8,2,2022,14:20,1,76.0,76540,1,1,1.0,5.0,Avenue Gustave Flaubert,"49,4447600000","1,0633600000",,76.076540,76540,Seine-Maritime,28.0,Normandie,70.0,2.0,3.0,6,1.0,28,Normandie,76,3,97,Rouen,114083,1556,115639.0,2.0,7,,0.0,2.0,2.0,1.0
202200010189,1.0,1,4,2,0.0,1.0,-1.0, -1,-1.0,1970.0,B01,8,2,2022,14:20,1,76.0,76540,1,1,1.0,5.0,Avenue Gustave Flaubert,"49,4447600000","1,0633600000",,76.076540,76540,Seine-Maritime,28.0,Normandie,70.0,2.0,3.0,6,1.0,28,Normandie,76,3,97,Rouen,114083,1556,115639.0,2.0,7,,0.0,2.0,6.0,1.0
202200010189,1.0,1,1,1,4.0,1.0,-1.0, -1,-1.0,1962.0,A01,8,2,2022,14:20,1,76.0,76540,1,1,1.0,5.0,Avenue Gustave Flaubert,"49,4447600000","1,0633600000",,76.076540,76540,Seine-Maritime,28.0,Normandie,70.0,2.0,3.0,6,1.0,28,Normandie,76,3,97,Rouen,114083,1556,115639.0,2.0,14,,0.0,2.0,2.0,12.0
202200010215,1.0,1,4,1,0.0,2.0,-1.0, -1,-1.0,1995.0,A01,12,6,2022,00:55,5,76.0,76351,2,1,1.0,6.0,APLEMONT (AVENUE D'),"49,5028100000","0,1829400000",,76.076351,76351,Seine-Maritime,28.0,Normandie,50.0,4.0,2.0,2,1.0,28,Normandie,76,2,96,LeHavre,166058,1780,167838.0,0.0,2,,3.0,0.0,1.0,1.0
202200010353,1.0,1,4,1,1.0,1.0,-1.0, -1,-1.0,1976.0,A01,11,10,2022,19:40,1,76.0,76351,1,1,1.0,6.0,ESTUAIRE (ROUTE DE L'),"49,4641100000","0,1834400000",,76.076351,76351,Seine-Maritime,28.0,Normandie,70.0,4.0,2.0,2,1.0,28,Normandie,76,2,96,LeHavre,166058,1780,167838.0,0.0,10,,3.0,0.0,2.0,14.0
202200010459,1.0,1,3,1,1.0,2.0,0.0,0,-1.0,1998.0,A01,1,7,2022,12:30,1,76.0,76616,1,1,1.0,3.0,Route de Montivilliers,"49,5349020000","0,2320540000",,76.076616,76616,Seine-Maritime,28.0,Normandie,80.0,3.0,2.0,2,1.0,28,Normandie,76,2,26,Saint-Martin-du-Manoir,1459,34,1493.0,1.0,33,,0.0,2.0,1.0,17.0
202200010459,1.0,1,1,2,3.0,1.0,0.0,0,-1.0,1959.0,B01,1,7,2022,12:30,1,76.0,76616,1,1,1.0,3.0,Route de Montivilliers,"49,5349020000","0,2320540000",,76.076616,76616,Seine-Maritime,28.0,Normandie,80.0,3.0,2.0,2,1.0,28,Normandie,76,2,26,Saint-Martin-du-Manoir,1459,34,1493.0,2.0,7,,0.0,2.0,3.0,1.0
202200010631,1.0,1,2,1,1.0,2.0,-1.0, -1,-1.0,1994.0,B01,1,8,2022,20:10,2,76.0,76212,2,2,1.0,3.0,Rue Pierre Lefebvre,"49,4379900000","1,1473700000",,76.076212,76212,Seine-Maritime,28.0,Normandie,50.0,2.0,2.0,4,1.0,28,Normandie,76,3,6,Darnétal,9738,74,9812.0,1.0,33,,0.0,2.0,1.0,1.0
202200010631,2.0,2,3,2,5.0,1.0,-1.0, -1,-1.0,1997.0,A01,1,8,2022,20:10,2,76.0,76212,2,2,1.0,3.0,Rue Pierre Lefebvre,"49,4379900000","1,1473700000",,76.076212,76212,Seine-Maritime,28.0,Normandie,50.0,2.0,2.0,4,1.0,28,Normandie,76,3,6,Darnétal,9738,74,9812.0,2.0,7,,0.0,2.0,7.0,15.0
202200010631,1.0,1,1,1,5.0,1.0,-1.0, -1,-1.0,1999.0,A01,1,8,2022,20:10,2,76.0,76212,2,2,1.0,3.0,Rue Pierre Lefebvre,"49,4379900000","1,1473700000",,76.076212,76212,Seine-Maritime,28.0,Normandie,50.0,2.0,2.0,4,1.0,28,Normandie,76,3,6,Darnétal,9738,74,9812.0,2.0,7,,0.0,2.0,7.0,15.0
202200010632,1.0,1,4,1,0.0,1.0,-1.0, -1,-1.0,1980.0,A01,31,7,2022,12:50,1,76.0,76351,2,1,2.0,6.0,CHANTIERS (DES),"49,4797000000","0,1624600000",,76.076351,76351,Seine-Maritime,28.0,Normandie,50.0,4.0,2.0,2,2.0,28,Normandie,76,2,96,LeHavre,166058,1780,167838.0,1.0,7,,1.0,0.0,1.0,13.0
202200010825,1.0,1,1,1,0.0,1.0,-1.0, -1,-1.0,1999.0,A01,31,5,2022,21:15,2,76.0,76498,2,1,1.0,3.0,Boulevard du 11 Novembre,"49,4139500000","1,0717200000",,76.076498,76498,Seine-Maritime,28.0,Normandie,30.0,7.0,2.0,3,1.0,28,Normandie,76,3,27,LePetit-Quevilly,21782,274,22056.0,1.0,7,,1.0,2.0,2.0,17.0
202200010825,2.0,2,1,1,0.0,1.0,-1.0, -1,-1.0,1999.0,A01,31,5,2022,21:15,2,76.0,76498,2,1,1.0,3.0,Boulevard du 11 Novembre,"49,4139500000","1,0717200000",,76.076498,76498,Seine-Maritime,28.0,Normandie,30.0,7.0,2.0,3,1.0,28,Normandie,76,3,27,LePetit-Quevilly,21782,274,22056.0,1.0,7,,1.0,2.0,2.0,17.0
202200010825,1.0,1,3,1,0.0,1.0,-1.0, -1,-1.0,2001.0,B01,31,5,2022,21:15,2,76.0,76498,2,1,1.0,3.0,Boulevard du 11 Novembre,"49,4139500000","1,0717200000",,76.076498,76498,Seine-Maritime,28.0,Normandie,30.0,7.0,2.0,3,1.0,28,Normandie,76,3,27,LePetit-Quevilly,21782,274,22056.0,1.0,7,,1.0,2.0,3.0,1.0
202200010830,1.0,1,1,2,0.0,1.0,-1.0, -1,-1.0,1990.0,B01,31,5,2022,17:30,1,76.0,76540,2,2,1.0,3.0,Boulevard des Belges,"49,4440000000","1,0850000000",,76.076540,76540,Seine-Maritime,28.0,Normandie,50.0,7.0,2.0,4,1.0,28,Normandie,76,3,97,Rouen,114083,1556,115639.0,3.0,7,,0.0,2.0,5.0,16.0
202200010830,1.0,1,4,1,0.0,2.0,-1.0, -1,-1.0,2001.0,A01,31,5,2022,17:30,1,76.0,76540,2,2,1.0,3.0,Boulevard des Belges,"49,4440000000","1,0850000000",,76.076540,76540,Seine-Maritime,28.0,Normandie,50.0,7.0,2.0,4,1.0,28,Normandie,76,3,97,Rouen,114083,1556,115639.0,3.0,33,,0.0,2.0,1.0,7.0
202200010943,1.0,1,3,2,1.0,1.0,0.0,0,-1.0,1998.0,B01,27,12,2022,07:50,3,76.0,76244,1,1,1.0,4.0,"A28, Pk 64+300","49,7056286365","1,3738274574",,76.076244,76244,Seine-Maritime,28.0,Normandie,130.0,1.0,1.0,4,1.0,28,Normandie,76,1,23,EsclavelLes386,6,392,,1.0,7,,4.0,2.0,7.0,11.0
202200010943,1.0,1,3,1,1.0,1.0,0.0,0,-1.0,1966.0,C01,27,12,2022,07:50,3,76.0,76244,1,1,1.0,4.0,"A28, Pk 64+300","49,7056286365","1,3738274574",,76.076244,76244,Seine-Maritime,28.0,Normandie,130.0,1.0,1.0,4,1.0,28,Normandie,76,1,23,EsclavelLes386,6,392,,1.0,7,,1.0,2.0,2.0,1.0
202200010943,1.0,1,1,1,4.0,4.0,0.0,0,-1.0,1973.0,D01,27,12,2022,07:50,3,76.0,76244,1,1,1.0,4.0,"A28, Pk 64+300","49,7056286365","1,3738274574",,76.076244,76244,Seine-Maritime,28.0,Normandie,130.0,1.0,1.0,4,1.0,28,Normandie,76,1,23,EsclavelLes386,6,392,,1.0,17,,0.0,0.0,6.0,26.0
202200011008,1.0,1,-1,-1,-1.0,-1.0,-1.0, -1,-1.0,,Z01,17,3,2022,02:40,5,76.0,76351,2,2,2.0,3.0,JEAN JACQUES ROUSSEAU,"49,4983800000","0,1312000000",,76.076351,76351,Seine-Maritime,28.0,Normandie,50.0,4.0,2.0,2,2.0,28,Normandie,76,2,96,LeHavre,166058,1780,167838.0,0.0,7,,0.0,2.0,3.0,0.0
202200011008,1.0,1,4,1,1.0,8.0,-1.0, -1,-1.0,1999.0,B01,17,3,2022,02:40,5,76.0,76351,2,2,2.0,3.0,JEAN JACQUES ROUSSEAU,"49,4983800000","0,1312000000",,76.076351,76351,Seine-Maritime,28.0,Normandie,50.0,4.0,2.0,2,2.0,28,Normandie,76,2,96,LeHavre,166058,1780,167838.0,0.0,50,,0.0,2.0,1.0,0.0
202200011011,1.0,1,1,1,5.0,1.0,-1.0, -1,-1.0,1997.0,A01,12,3,2022,02:05,5,76.0,76351,2,6,1.0,6.0,MARCEAU (RUE),"49,4915700000","0,1328700000",,76.076351,76351,Seine-Maritime,28.0,Normandie,50.0,4.0,3.0,4,1.0,28,Normandie,76,2,96,LeHavre,166058,1780,167838.0,0.0,7,,0.0,1.0,1.0,1.0
202200011011,10.0,3,4,1,5.0,0.0,2.0,3,1.0,1975.0,A01,12,3,2022,02:05,5,76.0,76351,2,6,1.0,6.0,MARCEAU (RUE),"49,4915700000","0,1328700000",,76.076351,76351,Seine-Maritime,28.0,Normandie,50.0,4.0,3.0,4,1.0,28,Normandie,76,2,96,LeHavre,166058,1780,167838.0,0.0,7,,0.0,1.0,1.0,1.0
202200011381,1.0,1,4,1,5.0,1.0,0.0,0,-1.0,1990.0,A01,24,12,2022,06:20,2,76.0,76391,1,1,1.0,6.0,A13 (Bretelle de Sortie),"49,3425540111","0,9308874607",,76.076391,76391,Seine-Maritime,28.0,Normandie,70.0,1.0,1.0,2,1.0,28,Normandie,76,3,9,La Londe,2362,71,2433.0,1.0,7,,3.0,0.0,2.0,1.0
202200011498,1.0,1,3,1,1.0,1.0,0.0,0,-1.0,1984.0,A01,28,4,2022,05:00,3,76.0,76062,1,1,1.0,6.0,D929,"49,6610580000","1,2158440000",,76.076062,76062,Seine-Maritime,28.0,Normandie,80.0,3.0,2.0,2,1.0,28,Normandie,76,3,23,Beaumont-le-Hareng,262,3,265.0,0.0,7,,13.0,0.0,0.0,1.0
202200011537,1.0,1,3,1,5.0,2.0,0.0,0,-1.0,2001.0,A01,18,3,2022,16:55,1,76.0,76333,1,1,1.0,7.0,D115,"49,9505430000","1,5227870000",,76.076333,76333,Seine-Maritime,28.0,Normandie,80.0,3.0,2.0,2,1.0,28,Normandie,76,1,10,GuervilLe473,4,477,,2.0,33,,2.0,0.0,0.0,1.0
202200011595,1.0,1,3,2,5.0,1.0,0.0,0,-1.0,1977.0,A01,11,9,2022,14:40,1,76.0,76164,2,1,1.0,6.0,Route de Rançon (Caudebec-en-Caux),"49,5235860000","0,7502620000",,76.076164,76164,Seine-Maritime,28.0,Normandie,-1.0,3.0,2.0,2,1.0,28,Normandie,76,3,25,Rives-en-Seine,4078,66,4144.0,2.0,7,,6.0,0.0,1.0,0.0
202200011595,2.0,2,1,1,5.0,1.0,0.0,0,-1.0,2009.0,A01,11,9,2022,14:40,1,76.0,76164,2,1,1.0,6.0,Route de Rançon (Caudebec-en-Caux),"49,5235860000","0,7502620000",,76.076164,76164,Seine-Maritime,28.0,Normandie,-1.0,3.0,2.0,2,1.0,28,Normandie,76,3,25,Rives-en-Seine,4078,66,4144.0,2.0,7,,6.0,0.0,1.0,0.0
202200011664,1.0,1,1,1,4.0,1.0,-1.0, -1,-1.0,1998.0,B01,19,4,2022,18:54,1,76.0,76540,2,1,1.0,3.0,Rue Charles Baudelaire,"49,4234400000","1,0974700000",,76.076540,76540,Seine-Maritime,28.0,Normandie,30.0,4.0,1.0,1,1.0,28,Normandie,76,3,97,Rouen,114083,1556,115639.0,3.0,10,,0.0,2.0,7.0,1.0
202200011664,1.0,1,3,1,0.0,8.0,-1.0, -1,-1.0,1996.0,A01,19,4,2022,18:54,1,76.0,76540,2,1,1.0,3.0,Rue Charles Baudelaire,"49,4234400000","1,0974700000",,76.076540,76540,Seine-Maritime,28.0,Normandie,30.0,4.0,1.0,1,1.0,28,Normandie,76,3,97,Rouen,114083,1556,115639.0,3.0,0,,0.0,2.0,1.0,0.0
202200011667,1.0,1,1,1,0.0,1.0,-1.0, -1,-1.0,2003.0,A01,16,4,2022,18:15,1,76.0,76157,2,1,1.0,2.0,Rue Lamartine,"49,4471800000","1,0370200000",,76.076157,76157,Seine-Maritime,28.0,Normandie,50.0,7.0,2.0,2,1.0,28,Normandie,76,3,4,Canteleu,13966,360,14326.0,3.0,7,,0.0,2.0,1.0,1.0
202200011667,1.0,1,4,2,4.0,1.0,-1.0, -1,-1.0,1988.0,B01,16,4,2022,18:15,1,76.0,76157,2,1,1.0,2.0,Rue Lamartine,"49,4471800000","1,0370200000",,76.076157,76157,Seine-Maritime,28.0,Normandie,50.0,7.0,2.0,2,1.0,28,Normandie,76,3,4,Canteleu,13966,360,14326.0,3.0,7,,0.0,2.0,4.0,20.0
202200011903,1.0,1,2,1,0.0,8.0,-1.0, -1,-1.0,1997.0,B01,6,2,2022,01:39,5,76.0,76322,2,1,1.0,2.0,Avenue des Canadiens,"49,3920100000","1,0580190000",,76.076322,76322,Seine-Maritime,28.0,Normandie,50.0,7.0,2.0,4,1.0,28,Normandie,76,3,13,LeGrand-Quevilly,25975,225,26200.0,2.0,1,,0.0,2.0,4.0,2.0
202200011903,2.0,2,4,1,5.0,1.0,-1.0, -1,-1.0,1998.0,A01,6,2,2022,01:39,5,76.0,76322,2,1,1.0,2.0,Avenue des Canadiens,"49,3920100000","1,0580190000",,76.076322,76322,Seine-Maritime,28.0,Normandie,50.0,7.0,2.0,4,1.0,28,Normandie,76,3,13,LeGrand-Quevilly,25975,225,26200.0,2.0,7,,0.0,2.0,1.0,1.0
202200011903,1.0,1,1,1,5.0,1.0,-1.0, -1,-1.0,1997.0,A01,6,2,2022,01:39,5,76.0,76322,2,1,1.0,2.0,Avenue des Canadiens,"49,3920100000","1,0580190000",,76.076322,76322,Seine-Maritime,28.0,Normandie,50.0,7.0,2.0,4,1.0,28,Normandie,76,3,13,LeGrand-Quevilly,25975,225,26200.0,2.0,7,,0.0,2.0,1.0,1.0
202200011904,1.0,1,1,1,5.0,1.0,-1.0, -1,-1.0,1996.0,A01,4,2,2022,21:25,5,76.0,76351,2,2,1.0,6.0,WINSTON CHURCHILL,"49,4942000000","0,1384000000",,76.076351,76351,Seine-Maritime,28.0,Normandie,50.0,4.0,2.0,7,1.0,28,Normandie,76,2,96,LeHavre,166058,1780,167838.0,0.0,7,,0.0,1.0,1.0,1.0
202200011904,10.0,3,2,1,5.0,0.0,4.0,3,1.0,1980.0,A01,4,2,2022,21:25,5,76.0,76351,2,2,1.0,6.0,WINSTON CHURCHILL,"49,4942000000","0,1384000000",,76.076351,76351,Seine-Maritime,28.0,Normandie,50.0,4.0,2.0,7,1.0,28,Normandie,76,2,96,LeHavre,166058,1780,167838.0,0.0,7,,0.0,1.0,1.0,1.0
202200011905,1.0,1,4,1,1.0,1.0,-1.0, -1,-1.0,1998.0,A01,4,2,2022,13:00,1,76.0,76270,1,1,2.0,6.0,E6382E1,"49,5295000000","0,1472400000",,76.076270,76270,Seine-Maritime,28.0,Normandie,90.0,3.0,3.0,4,2.0,28,Normandie,76,2,26,Fontaine-la-Mallet,2635,54,2689.0,1.0,7,,10.0,0.0,0.0,1.0
202200012069,1.0,1,4,2,1.0,2.0,0.0,0,-1.0,2004.0,B01,13,10,2022,18:30,1,76.0,76104,1,2,2.0,3.0,D4,"49,8534560000","0,7821860000",,76.076104,76104,Seine-Maritime,28.0,Normandie,80.0,3.0,2.0,2,2.0,28,Normandie,76,1,33,BlossevilLe255,3,258,,2.0,2,,0.0,2.0,1.0,1.0
202200012069,1.0,1,1,2,9.0,1.0,0.0,0,-1.0,1954.0,A01,13,10,2022,18:30,1,76.0,76104,1,2,2.0,3.0,D4,"49,8534560000","0,7821860000",,76.076104,76104,Seine-Maritime,28.0,Normandie,80.0,3.0,2.0,2,2.0,28,Normandie,76,1,33,BlossevilLe255,3,258,,1.0,7,,0.0,2.0,6.0,9.0
202200012087,1.0,1,1,2,9.0,1.0,0.0,0,-1.0,1973.0,B01,13,10,2022,08:40,1,76.0,76255,2,1,2.0,6.0,Rue Jean Duhornay,"50,0487780000","1,4100400000",,76.076255,76255,Seine-Maritime,28.0,Normandie,50.0,3.0,2.0,2,2.0,28,Normandie,76,1,10,Eu,6591,197,6788.0,2.0,7,,0.0,2.0,8.0,1.0
202200012087,1.0,1,3,1,9.0,0.0,0.0,0,-1.0,1947.0,A01,13,10,2022,08:40,1,76.0,76255,2,1,2.0,6.0,Rue Jean Duhornay,"50,0487780000","1,4100400000",,76.076255,76255,Seine-Maritime,28.0,Normandie,50.0,3.0,2.0,2,2.0,28,Normandie,76,1,10,Eu,6591,197,6788.0,3.0,7,,6.0,2.0,3.0,5.0