Num_Acc,place,catu,grav,sexe,trajet,secu,locp,actp,etatp,an_nais,num_veh,jour,mois,an,hrmn,lum,dep,com,agg,int,atm,col,adr,lat,long,gps,com_insee_temp,com_insee,departmentName,regionCode,regionName,vma,catr,circ,nbv,surf,Code,Region,Departement,Arrondissement,Code_Canton,Nom_Commune,Population_municipaLe,Population_comptee_a_part,Population_Totale,senc,catv,occutc,obs,obsm,choc,manv
202200014176,10.0,3,3,2,5.0,0.0,2.0,4,1.0,1938.0,A01,27,9,2022,16:20,1,76.0,76580,2,1,1.0,6.0,509 Rue du Mont Blanc,"49,5423190000","1,1659030000",,76.076580,76580,Seine-Maritime,28.0,Normandie,50.0,4.0,2.0,2,1.0,28,Normandie,76,3,2,Saint-Georges-sur-Fontaine,919,18,937.0,3.0,13,,0.0,1.0,5.0,26.0
202200014249,10.0,3,3,1,3.0,0.0,3.0,3,1.0,1935.0,A01,27,6,2022,10:30,1,76.0,76224,2,9,1.0,6.0,130 le village,"49,6497230000","0,3252340000",,76.076224,76224,Seine-Maritime,28.0,Normandie,50.0,3.0,2.0,2,1.0,28,Normandie,76,2,32,ÉcrainvilLe969,19,988,,2.0,7,,0.0,1.0,1.0,9.0
202200014249,1.0,1,1,1,5.0,1.0,0.0,0,-1.0,1949.0,A01,27,6,2022,10:30,1,76.0,76224,2,9,1.0,6.0,130 le village,"49,6497230000","0,3252340000",,76.076224,76224,Seine-Maritime,28.0,Normandie,50.0,3.0,2.0,2,1.0,28,Normandie,76,2,32,ÉcrainvilLe969,19,988,,2.0,7,,0.0,1.0,1.0,9.0
202200014299,1.0,1,3,2,0.0,2.0,-1.0, -1,-1.0,1963.0,B01,7,10,2022,08:40,1,76.0,76351,2,2,1.0,2.0,RICHELIEU,"49,4893400000","0,1029500000",,76.076351,76351,Seine-Maritime,28.0,Normandie,50.0,4.0,2.0,2,1.0,28,Normandie,76,2,96,LeHavre,166058,1780,167838.0,0.0,1,,0.0,2.0,4.0,1.0
202200014299,1.0,1,1,-1,-1.0,-1.0,-1.0, -1,-1.0,,Z01,7,10,2022,08:40,1,76.0,76351,2,2,1.0,2.0,RICHELIEU,"49,4893400000","0,1029500000",,76.076351,76351,Seine-Maritime,28.0,Normandie,50.0,4.0,2.0,2,1.0,28,Normandie,76,2,96,LeHavre,166058,1780,167838.0,0.0,7,,0.0,2.0,1.0,1.0
202200014394,1.0,1,4,1,5.0,2.0,0.0,0,-1.0,1996.0,A01,31,7,2022,19:00,1,76.0,76738,2,1,1.0,7.0,286 Rue des Houlettes,"49,5649930000","1,3002440000",,76.076738,76738,Seine-Maritime,28.0,Normandie,50.0,4.0,2.0,2,1.0,28,Normandie,76,3,21,Vieux-Manoir,771,11,782.0,3.0,31,,0.0,0.0,8.0,1.0
202200014394,2.0,2,4,1,5.0,2.0,0.0,0,-1.0,2004.0,A01,31,7,2022,19:00,1,76.0,76738,2,1,1.0,7.0,286 Rue des Houlettes,"49,5649930000","1,3002440000",,76.076738,76738,Seine-Maritime,28.0,Normandie,50.0,4.0,2.0,2,1.0,28,Normandie,76,3,21,Vieux-Manoir,771,11,782.0,3.0,31,,0.0,0.0,8.0,1.0
202200014513,1.0,1,4,1,0.0,2.0,-1.0, -1,-1.0,1992.0,B01,29,7,2022,07:32,1,76.0,76457,2,3,1.0,1.0,Rue du Lt Jacques Hergault,"49,3422270000","0,9680840000",,76.076457,76457,Seine-Maritime,28.0,Normandie,50.0,7.0,2.0,2,1.0,28,Normandie,76,3,9,Moulineaux,932,16,948.0,0.0,33,,0.0,2.0,7.0,1.0
202200014513,1.0,1,1,1,0.0,1.0,-1.0, -1,-1.0,1956.0,A01,29,7,2022,07:32,1,76.0,76457,2,3,1.0,1.0,Rue du Lt Jacques Hergault,"49,3422270000","0,9680840000",,76.076457,76457,Seine-Maritime,28.0,Normandie,50.0,7.0,2.0,2,1.0,28,Normandie,76,3,9,Moulineaux,932,16,948.0,0.0,7,,0.0,2.0,1.0,1.0
202200014515,1.0,1,4,1,5.0,1.0,-1.0, -1,-1.0,2001.0,A01,17,7,2022,06:00,2,76.0,76217,2,3,1.0,6.0,RENE COTY (RUE),"49,9292300000","1,0946900000",,76.076217,76217,Seine-Maritime,28.0,Normandie,50.0,4.0,2.0,2,1.0,28,Normandie,76,1,95,Dieppe,28358,455,28813.0,0.0,7,,8.0,0.0,1.0,1.0
202200014515,2.0,2,3,1,5.0,1.0,-1.0, -1,-1.0,2001.0,A01,17,7,2022,06:00,2,76.0,76217,2,3,1.0,6.0,RENE COTY (RUE),"49,9292300000","1,0946900000",,76.076217,76217,Seine-Maritime,28.0,Normandie,50.0,4.0,2.0,2,1.0,28,Normandie,76,1,95,Dieppe,28358,455,28813.0,0.0,7,,8.0,0.0,1.0,1.0
202200014713,10.0,3,2,1,-1.0,0.0,4.0,A,1.0,2002.0,A01,20,11,2022,00:50,5,76.0,76681,2,3,1.0,6.0,14 JUILLET. AVENUE DU,"49,4055410000","1,1003020000",,76.076681,76681,Seine-Maritime,28.0,Normandie,50.0,7.0,2.0,2,1.0,28,Normandie,76,3,99,Sotteville-lès-Rouen,28965,475,29440.0,3.0,7,,0.0,1.0,7.0,1.0
202200014713,1.0,1,1,1,-1.0,0.0,-1.0, -1,-1.0,2001.0,A01,20,11,2022,00:50,5,76.0,76681,2,3,1.0,6.0,14 JUILLET. AVENUE DU,"49,4055410000","1,1003020000",,76.076681,76681,Seine-Maritime,28.0,Normandie,50.0,7.0,2.0,2,1.0,28,Normandie,76,3,99,Sotteville-lès-Rouen,28965,475,29440.0,3.0,7,,0.0,1.0,7.0,1.0
202200014799,1.0,1,4,1,5.0,2.0,-1.0, -1,-1.0,1997.0,B01,15,11,2022,13:30,1,76.0,76351,2,2,2.0,3.0,GENERAL LECLERC,"49,4946200000","0,1092100000",,76.076351,76351,Seine-Maritime,28.0,Normandie,50.0,4.0,1.0,2,2.0,28,Normandie,76,2,96,LeHavre,166058,1780,167838.0,0.0,1,,0.0,2.0,7.0,19.0
202200014799,1.0,1,1,2,0.0,1.0,-1.0, -1,-1.0,1993.0,A01,15,11,2022,13:30,1,76.0,76351,2,2,2.0,3.0,GENERAL LECLERC,"49,4946200000","0,1092100000",,76.076351,76351,Seine-Maritime,28.0,Normandie,50.0,4.0,1.0,2,2.0,28,Normandie,76,2,96,LeHavre,166058,1780,167838.0,0.0,7,,0.0,2.0,1.0,16.0
202200014993,1.0,1,3,1,5.0,0.0,0.0,0,-1.0,2007.0,A01,5,2,2022,15:15,1,76.0,76445,1,9,1.0,3.0,Route de la Varenne,"49,6296181487","1,3492074609",,76.076445,76445,Seine-Maritime,28.0,Normandie,80.0,3.0,1.0,2,1.0,28,Normandie,76,1,23,Montérolier,614,7,621.0,3.0,31,,0.0,2.0,1.0,16.0
202200014993,1.0,1,1,1,4.0,1.0,0.0,0,-1.0,1988.0,B01,5,2,2022,15:15,1,76.0,76445,1,9,1.0,3.0,Route de la Varenne,"49,6296181487","1,3492074609",,76.076445,76445,Seine-Maritime,28.0,Normandie,80.0,3.0,1.0,2,1.0,28,Normandie,76,1,23,Montérolier,614,7,621.0,3.0,10,,0.0,2.0,2.0,1.0
202200015007,1.0,1,3,1,0.0,1.0,-1.0, -1,-1.0,1965.0,C01,15,3,2022,07:05,1,76.0,76757,1,1,1.0,1.0,D20,"49,7045000000","0,8071520000",,76.076757,76757,Seine-Maritime,28.0,Normandie,80.0,3.0,2.0,2,1.0,28,Normandie,76,3,35,Yvecrique,632,14,646.0,2.0,7,,0.0,2.0,1.0,17.0
202200015007,1.0,1,3,1,1.0,1.0,0.0,0,-1.0,1993.0,A01,15,3,2022,07:05,1,76.0,76757,1,1,1.0,1.0,D20,"49,7045000000","0,8071520000",,76.076757,76757,Seine-Maritime,28.0,Normandie,80.0,3.0,2.0,2,1.0,28,Normandie,76,3,35,Yvecrique,632,14,646.0,1.0,7,,0.0,2.0,1.0,1.0
202200015147,2.0,2,3,1,5.0,2.0,0.0,0,-1.0,2007.0,A01,27,5,2022,20:15,1,76.0,76680,1,1,1.0,1.0,D75,"49,7116290000","0,5594500000",,76.076680,76680,Seine-Maritime,28.0,Normandie,80.0,3.0,2.0,2,1.0,28,Normandie,76,2,11,SorquainvilLe180,1,181,,2.0,2,,0.0,2.0,1.0,5.0
202200015147,1.0,1,3,1,5.0,2.0,0.0,0,-1.0,2007.0,A01,27,5,2022,20:15,1,76.0,76680,1,1,1.0,1.0,D75,"49,7116290000","0,5594500000",,76.076680,76680,Seine-Maritime,28.0,Normandie,80.0,3.0,2.0,2,1.0,28,Normandie,76,2,11,SorquainvilLe180,1,181,,2.0,2,,0.0,2.0,1.0,5.0
202200015147,9.0,2,1,1,5.0,1.0,0.0,0,-1.0,2001.0,B01,27,5,2022,20:15,1,76.0,76680,1,1,1.0,1.0,D75,"49,7116290000","0,5594500000",,76.076680,76680,Seine-Maritime,28.0,Normandie,80.0,3.0,2.0,2,1.0,28,Normandie,76,2,11,SorquainvilLe180,1,181,,1.0,7,,0.0,2.0,3.0,1.0
202200015147,2.0,2,1,1,5.0,1.0,0.0,0,-1.0,2003.0,B01,27,5,2022,20:15,1,76.0,76680,1,1,1.0,1.0,D75,"49,7116290000","0,5594500000",,76.076680,76680,Seine-Maritime,28.0,Normandie,80.0,3.0,2.0,2,1.0,28,Normandie,76,2,11,SorquainvilLe180,1,181,,1.0,7,,0.0,2.0,3.0,1.0
202200015147,7.0,2,1,2,5.0,1.0,0.0,0,-1.0,2005.0,B01,27,5,2022,20:15,1,76.0,76680,1,1,1.0,1.0,D75,"49,7116290000","0,5594500000",,76.076680,76680,Seine-Maritime,28.0,Normandie,80.0,3.0,2.0,2,1.0,28,Normandie,76,2,11,SorquainvilLe180,1,181,,1.0,7,,0.0,2.0,3.0,1.0
202200015147,1.0,1,1,2,5.0,1.0,0.0,0,-1.0,2002.0,B01,27,5,2022,20:15,1,76.0,76680,1,1,1.0,1.0,D75,"49,7116290000","0,5594500000",,76.076680,76680,Seine-Maritime,28.0,Normandie,80.0,3.0,2.0,2,1.0,28,Normandie,76,2,11,SorquainvilLe180,1,181,,1.0,7,,0.0,2.0,3.0,1.0
202200015174,1.0,1,1,1,4.0,1.0,-1.0, -1,-1.0,1978.0,A01,4,2,2022,19:45,5,76.0,76231,2,1,1.0,6.0,Cours Carnot,"49,2871000000","1,0159200000",,76.076231,76231,Seine-Maritime,28.0,Normandie,50.0,4.0,1.0,1,1.0,28,Normandie,76,3,9,Elbeuf,15951,138,16089.0,3.0,7,,0.0,1.0,1.0,1.0
202200015174,10.0,3,4,2,5.0,0.0,4.0,3,2.0,1981.0,A01,4,2,2022,19:45,5,76.0,76231,2,1,1.0,6.0,Cours Carnot,"49,2871000000","1,0159200000",,76.076231,76231,Seine-Maritime,28.0,Normandie,50.0,4.0,1.0,1,1.0,28,Normandie,76,3,9,Elbeuf,15951,138,16089.0,3.0,7,,0.0,1.0,1.0,1.0
202200015178,1.0,1,4,2,0.0,1.0,-1.0, -1,-1.0,1998.0,B01,4,2,2022,11:15,1,76.0,76108,1,1,1.0,2.0,Route de Neufchâtel,"49,4722200000","1,1345500000",,76.076108,76108,Seine-Maritime,28.0,Normandie,90.0,2.0,3.0,6,1.0,28,Normandie,76,3,2,Bois-Guillaume,14262,361,14623.0,2.0,7,,0.0,2.0,4.0,23.0
202200015178,2.0,2,4,2,0.0,1.0,-1.0, -1,-1.0,1963.0,A01,4,2,2022,11:15,1,76.0,76108,1,1,1.0,2.0,Route de Neufchâtel,"49,4722200000","1,1345500000",,76.076108,76108,Seine-Maritime,28.0,Normandie,90.0,2.0,3.0,6,1.0,28,Normandie,76,3,2,Bois-Guillaume,14262,361,14623.0,2.0,7,,0.0,2.0,1.0,1.0
202200015178,1.0,1,1,1,0.0,1.0,-1.0, -1,-1.0,1959.0,A01,4,2,2022,11:15,1,76.0,76108,1,1,1.0,2.0,Route de Neufchâtel,"49,4722200000","1,1345500000",,76.076108,76108,Seine-Maritime,28.0,Normandie,90.0,2.0,3.0,6,1.0,28,Normandie,76,3,2,Bois-Guillaume,14262,361,14623.0,2.0,7,,0.0,2.0,1.0,1.0
202200015317,1.0,1,3,1,5.0,2.0,0.0,0,-1.0,1998.0,A01,23,12,2022,16:25,2,76.0,76655,2,1,8.0,6.0,9 Rue Augustin Fresnel,"49,8618250000","0,6937270000",,76.076655,76655,Seine-Maritime,28.0,Normandie,50.0,4.0,2.0,2,2.0,28,Normandie,76,1,33,Saint-Valery-en-Caux,3915,162,4077.0,3.0,33,,12.0,0.0,7.0,1.0
202200015395,1.0,1,1,1,1.0,1.0,0.0,0,-1.0,1941.0,B01,14,3,2022,19:40,3,76.0,76062,1,1,1.0,2.0,D929,"49,6609160000","1,2178620000",,76.076062,76062,Seine-Maritime,28.0,Normandie,70.0,3.0,2.0,2,1.0,28,Normandie,76,3,23,Beaumont-le-Hareng,262,3,265.0,2.0,7,,0.0,2.0,2.0,2.0
202200015395,1.0,1,3,1,1.0,2.0,0.0,0,-1.0,2006.0,A01,14,3,2022,19:40,3,76.0,76062,1,1,1.0,2.0,D929,"49,6609160000","1,2178620000",,76.076062,76062,Seine-Maritime,28.0,Normandie,70.0,3.0,2.0,2,1.0,28,Normandie,76,3,23,Beaumont-le-Hareng,262,3,265.0,1.0,2,,0.0,0.0,4.0,2.0
202200015460,1.0,1,3,1,5.0,2.0,0.0,0,-1.0,2000.0,A01,14,3,2022,19:00,2,76.0,76753,1,2,1.0,1.0,D13,"49,3554120000","1,1750650000",,76.076753,76753,Seine-Maritime,28.0,Normandie,70.0,7.0,2.0,2,1.0,28,Normandie,76,3,6,Ymare,1212,22,1234.0,1.0,33,,0.0,2.0,1.0,17.0
202200015460,1.0,1,1,2,3.0,1.0,0.0,0,-1.0,1945.0,B01,14,3,2022,19:00,2,76.0,76753,1,2,1.0,1.0,D13,"49,3554120000","1,1750650000",,76.076753,76753,Seine-Maritime,28.0,Normandie,70.0,7.0,2.0,2,1.0,28,Normandie,76,3,6,Ymare,1212,22,1234.0,2.0,7,,0.0,2.0,2.0,15.0
202200015803,1.0,1,1,1,4.0,1.0,-1.0, -1,-1.0,1969.0,A01,27,6,2022,09:00,1,76.0,76498,2,3,1.0,3.0,Avenue Jacques Prevert,"49,4278500000","1,0633000000",,76.076498,76498,Seine-Maritime,28.0,Normandie,50.0,7.0,2.0,2,1.0,28,Normandie,76,3,27,LePetit-Quevilly,21782,274,22056.0,3.0,7,,0.0,2.0,2.0,1.0
202200015803,2.0,2,4,2,4.0,1.0,-1.0, -1,-1.0,1988.0,A01,27,6,2022,09:00,1,76.0,76498,2,3,1.0,3.0,Avenue Jacques Prevert,"49,4278500000","1,0633000000",,76.076498,76498,Seine-Maritime,28.0,Normandie,50.0,7.0,2.0,2,1.0,28,Normandie,76,3,27,LePetit-Quevilly,21782,274,22056.0,3.0,7,,0.0,2.0,2.0,1.0
202200015803,1.0,1,1,1,0.0,1.0,-1.0, -1,-1.0,1967.0,B01,27,6,2022,09:00,1,76.0,76498,2,3,1.0,3.0,Avenue Jacques Prevert,"49,4278500000","1,0633000000",,76.076498,76498,Seine-Maritime,28.0,Normandie,50.0,7.0,2.0,2,1.0,28,Normandie,76,3,27,LePetit-Quevilly,21782,274,22056.0,3.0,10,,0.0,2.0,1.0,0.0
202200015805,1.0,1,4,1,0.0,2.0,-1.0, -1,-1.0,1973.0,A01,25,6,2022,06:31,1,76.0,76351,2,2,1.0,6.0,GEORGES BRAQUE (RUE),"49,4948800000","0,1060200000",,76.076351,76351,Seine-Maritime,28.0,Normandie,50.0,4.0,2.0,2,1.0,28,Normandie,76,2,96,LeHavre,166058,1780,167838.0,1.0,33,,11.0,0.0,0.0,0.0
202200015806,1.0,1,4,1,0.0,1.0,-1.0, -1,-1.0,1986.0,A01,25,6,2022,07:15,1,76.0,76270,2,3,1.0,6.0,ERABLES (DES),"49,5363900000","0,1432200000",,76.076270,76270,Seine-Maritime,28.0,Normandie,50.0,4.0,2.0,2,1.0,28,Normandie,76,2,26,Fontaine-la-Mallet,2635,54,2689.0,0.0,7,,9.0,0.0,2.0,16.0
202200016010,1.0,1,2,1,4.0,0.0,0.0,0,-1.0,1978.0,B01,28,6,2022,12:25,1,76.0,76391,1,1,1.0,1.0,A13,"49,3409440000","0,9369060000",,76.076391,76391,Seine-Maritime,28.0,Normandie,130.0,1.0,3.0,8,1.0,28,Normandie,76,3,9,La Londe,2362,71,2433.0,1.0,15,,1.0,0.0,1.0,2.0
202200016010,1.0,1,1,2,0.0,1.0,0.0,0,-1.0,1984.0,A01,28,6,2022,12:25,1,76.0,76391,1,1,1.0,1.0,A13,"49,3409440000","0,9369060000",,76.076391,76391,Seine-Maritime,28.0,Normandie,130.0,1.0,3.0,8,1.0,28,Normandie,76,3,9,La Londe,2362,71,2433.0,1.0,10,,0.0,0.0,4.0,1.0
202200016143,2.0,2,2,2,0.0,1.0,-1.0, -1,-1.0,1967.0,B01,22,4,2022,18:20,1,76.0,76540,2,1,1.0,1.0,Boulevard Ferdinand de Lesseps,"49,4448300000","1,0682900000",,76.076540,76540,Seine-Maritime,28.0,Normandie,50.0,7.0,2.0,4,1.0,28,Normandie,76,3,97,Rouen,114083,1556,115639.0,2.0,7,,0.0,2.0,1.0,1.0
202200016143,1.0,1,3,2,5.0,1.0,-1.0, -1,-1.0,1997.0,B01,22,4,2022,18:20,1,76.0,76540,2,1,1.0,1.0,Boulevard Ferdinand de Lesseps,"49,4448300000","1,0682900000",,76.076540,76540,Seine-Maritime,28.0,Normandie,50.0,7.0,2.0,4,1.0,28,Normandie,76,3,97,Rouen,114083,1556,115639.0,2.0,7,,0.0,2.0,1.0,1.0
202200016143,1.0,1,1,1,4.0,1.0,-1.0, -1,-1.0,1990.0,A01,22,4,2022,18:20,1,76.0,76540,2,1,1.0,1.0,Boulevard Ferdinand de Lesseps,"49,4448300000","1,0682900000",,76.076540,76540,Seine-Maritime,28.0,Normandie,50.0,7.0,2.0,4,1.0,28,Normandie,76,3,97,Rouen,114083,1556,115639.0,1.0,7,,0.0,2.0,1.0,13.0
202200016160,1.0,1,2,1,0.0,2.0,0.0,0,-1.0,2002.0,A01,12,10,2022,03:30,5,76.0,76550,2,2,5.0,6.0,2 Route de la Forêt,"49,3584410000","0,9456610000",,76.076550,76550,Seine-Maritime,28.0,Normandie,50.0,7.0,2.0,2,1.0,28,Normandie,76,3,4,Sahurs,1219,17,1236.0,0.0,33,,6.0,0.0,1.0,0.0
202200016266,1.0,1,3,1,1.0,2.0,0.0,0,-1.0,1989.0,A01,19,9,2022,08:45,1,76.0,76503,2,3,1.0,3.0,Rue du Verger,"49,5327317827","0,9956462340",,76.076503,76503,Seine-Maritime,28.0,Normandie,50.0,3.0,-1.0,2,1.0,28,Normandie,76,3,24,Pissy-PôvilLe1281,20,1301,,3.0,33,,0.0,2.0,8.0,15.0
202200016266,1.0,1,1,1,4.0,1.0,0.0,0,-1.0,1990.0,B01,19,9,2022,08:45,1,76.0,76503,2,3,1.0,3.0,Rue du Verger,"49,5327317827","0,9956462340",,76.076503,76503,Seine-Maritime,28.0,Normandie,50.0,3.0,-1.0,2,1.0,28,Normandie,76,3,24,Pissy-PôvilLe1281,20,1301,,0.0,10,,0.0,2.0,2.0,1.0
202200016304,1.0,1,4,1,4.0,0.0,0.0,0,-1.0,1964.0,B01,11,10,2022,08:40,2,76.0,76743,1,1,7.0,2.0,D88,"49,5344770000","0,9240750000",,76.076743,76743,Seine-Maritime,28.0,Normandie,80.0,3.0,2.0,2,1.0,28,Normandie,76,3,1,Villers-ÉcalLes1734,12,1746,,3.0,21,,0.0,0.0,4.0,2.0
202200016304,9.0,2,1,2,2.0,3.0,0.0,0,-1.0,2019.0,A01,11,10,2022,08:40,2,76.0,76743,1,1,7.0,2.0,D88,"49,5344770000","0,9240750000",,76.076743,76743,Seine-Maritime,28.0,Normandie,80.0,3.0,2.0,2,1.0,28,Normandie,76,3,1,Villers-ÉcalLes1734,12,1746,,3.0,7,,0.0,2.0,1.0,2.0
202200016304,7.0,2,1,1,2.0,3.0,0.0,0,-1.0,2015.0,A01,11,10,2022,08:40,2,76.0,76743,1,1,7.0,2.0,D88,"49,5344770000","0,9240750000",,76.076743,76743,Seine-Maritime,28.0,Normandie,80.0,3.0,2.0,2,1.0,28,Normandie,76,3,1,Villers-ÉcalLes1734,12,1746,,3.0,7,,0.0,2.0,1.0,2.0
202200016304,1.0,1,1,1,1.0,1.0,0.0,0,-1.0,1985.0,A01,11,10,2022,08:40,2,76.0,76743,1,1,7.0,2.0,D88,"49,5344770000","0,9240750000",,76.076743,76743,Seine-Maritime,28.0,Normandie,80.0,3.0,2.0,2,1.0,28,Normandie,76,3,1,Villers-ÉcalLes1734,12,1746,,3.0,7,,0.0,2.0,1.0,2.0
202200016473,1.0,1,1,1,0.0,1.0,0.0,0,-1.0,1983.0,B01,13,7,2022,13:10,5,76.0,76475,2,6,1.0,3.0,Rue du Marechal Leclerc,"49,4028680000","1,1665570000",,76.076475,76475,Seine-Maritime,28.0,Normandie,50.0,7.0,2.0,2,1.0,28,Normandie,76,3,21,Franqueville-Saint-Pierre,6067,195,6262.0,3.0,7,,0.0,2.0,3.0,1.0
202200016473,1.0,1,4,1,0.0,0.0,0.0,0,-1.0,1998.0,A01,13,7,2022,13:10,5,76.0,76475,2,6,1.0,3.0,Rue du Marechal Leclerc,"49,4028680000","1,1665570000",,76.076475,76475,Seine-Maritime,28.0,Normandie,50.0,7.0,2.0,2,1.0,28,Normandie,76,3,21,Franqueville-Saint-Pierre,6067,195,6262.0,0.0,50,,0.0,2.0,1.0,1.0
202200016537,1.0,1,3,1,0.0,8.0,-1.0, -1,-1.0,1978.0,A01,27,7,2022,17:20,1,76.0,76414,1,1,1.0,3.0,ARQUES (GIRATOIRE DE L'),"49,9074300000","1,1073700000",,76.076414,76414,Seine-Maritime,28.0,Normandie,50.0,3.0,1.0,3,1.0,28,Normandie,76,1,8,Martin-Église,1600,55,1655.0,0.0,3,,8.0,2.0,7.0,12.0
202200016537,1.0,1,1,1,4.0,1.0,-1.0, -1,-1.0,1979.0,B01,27,7,2022,17:20,1,76.0,76414,1,1,1.0,3.0,ARQUES (GIRATOIRE DE L'),"49,9074300000","1,1073700000",,76.076414,76414,Seine-Maritime,28.0,Normandie,50.0,3.0,1.0,3,1.0,28,Normandie,76,1,8,Martin-Église,1600,55,1655.0,0.0,10,,0.0,2.0,3.0,1.0
202200016583,1.0,1,1,1,4.0,1.0,0.0,0,-1.0,1970.0,A01,15,11,2022,18:20,5,76.0,76486,2,6,2.0,6.0,Rue Pierre et Thomas Corneille,"49,3095800000","0,9954900000",,76.076486,76486,Seine-Maritime,28.0,Normandie,50.0,7.0,2.0,2,2.0,28,Normandie,76,3,9,Orival,860,5,865.0,0.0,38,1.0,0.0,1.0,1.0,1.0
202200016583,10.0,3,2,2,3.0,0.0,3.0,3,1.0,1960.0,A01,15,11,2022,18:20,5,76.0,76486,2,6,2.0,6.0,Rue Pierre et Thomas Corneille,"49,3095800000","0,9954900000",,76.076486,76486,Seine-Maritime,28.0,Normandie,50.0,7.0,2.0,2,2.0,28,Normandie,76,3,9,Orival,860,5,865.0,0.0,38,1.0,0.0,1.0,1.0,1.0
202200016584,1.0,1,4,1,0.0,2.0,-1.0, -1,-1.0,1985.0,B01,8,11,2022,16:10,1,76.0,76351,2,3,1.0,2.0,FLORIMOND LAURENT (RUE),"49,5156106890","0,1126527786",,76.076351,76351,Seine-Maritime,28.0,Normandie,50.0,4.0,2.0,2,1.0,28,Normandie,76,2,96,LeHavre,166058,1780,167838.0,1.0,34,,0.0,2.0,0.0,0.0
202200016584,1.0,1,3,1,0.0,2.0,-1.0, -1,-1.0,2007.0,A01,8,11,2022,16:10,1,76.0,76351,2,3,1.0,2.0,FLORIMOND LAURENT (RUE),"49,5156106890","0,1126527786",,76.076351,76351,Seine-Maritime,28.0,Normandie,50.0,4.0,2.0,2,1.0,28,Normandie,76,2,96,LeHavre,166058,1780,167838.0,1.0,32,,0.0,2.0,1.0,0.0
202200016586,1.0,1,4,1,5.0,2.0,-1.0, -1,-1.0,1999.0,A01,11,11,2022,06:45,5,76.0,76341,2,3,1.0,6.0,BELLOT ( QUAI ),"49,5022800000","0,1989400000",,76.076341,76341,Seine-Maritime,28.0,Normandie,50.0,4.0,2.0,2,1.0,28,Normandie,76,2,15,Harfleur,8315,53,8368.0,0.0,2,,8.0,0.0,1.0,1.0
202200016738,1.0,1,4,1,1.0,1.0,-1.0, -1,-1.0,2000.0,C01,31,1,2022,07:27,3,76.0,76259,1,1,1.0,6.0,D486,"49,7461527852","0,3959899396",,76.076259,76259,Seine-Maritime,28.0,Normandie,80.0,3.0,2.0,3,1.0,28,Normandie,76,2,11,Fécamp,18016,269,18285.0,2.0,7,,0.0,2.0,6.0,13.0
202200016738,1.0,1,4,1,1.0,1.0,-1.0, -1,-1.0,2000.0,B01,31,1,2022,07:27,3,76.0,76259,1,1,1.0,6.0,D486,"49,7461527852","0,3959899396",,76.076259,76259,Seine-Maritime,28.0,Normandie,80.0,3.0,2.0,3,1.0,28,Normandie,76,2,11,Fécamp,18016,269,18285.0,1.0,7,,0.0,2.0,8.0,1.0
202200016738,2.0,2,1,1,1.0,1.0,-1.0, -1,-1.0,2004.0,A01,31,1,2022,07:27,3,76.0,76259,1,1,1.0,6.0,D486,"49,7461527852","0,3959899396",,76.076259,76259,Seine-Maritime,28.0,Normandie,80.0,3.0,2.0,3,1.0,28,Normandie,76,2,11,Fécamp,18016,269,18285.0,2.0,7,,0.0,2.0,8.0,13.0
202200016738,1.0,1,3,2,1.0,1.0,-1.0, -1,-1.0,1968.0,A01,31,1,2022,07:27,3,76.0,76259,1,1,1.0,6.0,D486,"49,7461527852","0,3959899396",,76.076259,76259,Seine-Maritime,28.0,Normandie,80.0,3.0,2.0,3,1.0,28,Normandie,76,2,11,Fécamp,18016,269,18285.0,2.0,7,,0.0,2.0,8.0,13.0
202200016946,1.0,1,3,1,5.0,1.0,-1.0, -1,-1.0,2001.0,A01,13,3,2022,06:45,2,76.0,76212,2,1,2.0,1.0,Route de Lyons-la-forêt,"49,4354800000","1,1456900000",,76.076212,76212,Seine-Maritime,28.0,Normandie,50.0,7.0,2.0,2,2.0,28,Normandie,76,3,6,Darnétal,9738,74,9812.0,1.0,7,,0.0,2.0,3.0,1.0
202200016946,1.0,1,4,1,5.0,1.0,-1.0, -1,-1.0,1998.0,B01,13,3,2022,06:45,2,76.0,76212,2,1,2.0,1.0,Route de Lyons-la-forêt,"49,4354800000","1,1456900000",,76.076212,76212,Seine-Maritime,28.0,Normandie,50.0,7.0,2.0,2,2.0,28,Normandie,76,3,6,Darnétal,9738,74,9812.0,2.0,7,,0.0,2.0,3.0,1.0
202200016946,2.0,2,4,1,5.0,1.0,-1.0, -1,-1.0,1998.0,B01,13,3,2022,06:45,2,76.0,76212,2,1,2.0,1.0,Route de Lyons-la-forêt,"49,4354800000","1,1456900000",,76.076212,76212,Seine-Maritime,28.0,Normandie,50.0,7.0,2.0,2,2.0,28,Normandie,76,3,6,Darnétal,9738,74,9812.0,2.0,7,,0.0,2.0,3.0,1.0
202200016946,4.0,2,4,2,5.0,1.0,-1.0, -1,-1.0,2000.0,B01,13,3,2022,06:45,2,76.0,76212,2,1,2.0,1.0,Route de Lyons-la-forêt,"49,4354800000","1,1456900000",,76.076212,76212,Seine-Maritime,28.0,Normandie,50.0,7.0,2.0,2,2.0,28,Normandie,76,3,6,Darnétal,9738,74,9812.0,2.0,7,,0.0,2.0,3.0,1.0