Num_Acc,place,catu,grav,sexe,trajet,secu,locp,actp,etatp,an_nais,num_veh,jour,mois,an,hrmn,lum,dep,com,agg,int,atm,col,adr,lat,long,gps,com_insee_temp,com_insee,departmentName,regionCode,regionName,vma,catr,circ,nbv,surf,Code,Region,Departement,Arrondissement,Code_Canton,Nom_Commune,Population_municipaLe,Population_comptee_a_part,Population_Totale,senc,catv,occutc,obs,obsm,choc,manv
202200021658,1.0,1,4,1,3.0,2.0,0.0,0,-1.0,2003.0,A01,20,4,2022,18:41,1,76.0,76340,1,1,1.0,3.0,Route de Doudeville,"49,7015160000","0,7856890000",,76.076340,76340,Seine-Maritime,28.0,Normandie,80.0,3.0,2.0,2,1.0,28,Normandie,76,3,35,HarcanvilLe527,9,536,,2.0,33,,0.0,2.0,8.0,13.0
202200021802,1.0,1,1,1,4.0,1.0,0.0,0,-1.0,1969.0,B01,19,4,2022,16:55,1,76.0,76719,2,1,1.0,3.0,Rue Albert Bellavoine,"49,7459480000","0,5125270000",,76.076719,76719,Seine-Maritime,28.0,Normandie,30.0,3.0,1.0,1,1.0,28,Normandie,76,2,11,Valmont,867,15,882.0,3.0,14,,0.0,2.0,6.0,1.0
202200021802,1.0,1,2,1,1.0,1.0,0.0,0,-1.0,1966.0,A01,19,4,2022,16:55,1,76.0,76719,2,1,1.0,3.0,Rue Albert Bellavoine,"49,7459480000","0,5125270000",,76.076719,76719,Seine-Maritime,28.0,Normandie,30.0,3.0,1.0,1,1.0,28,Normandie,76,2,11,Valmont,867,15,882.0,3.0,7,,0.0,2.0,3.0,13.0
202200021947,1.0,1,1,2,5.0,1.0,0.0,0,-1.0,1954.0,B01,7,10,2022,17:20,1,76.0,76621,1,2,1.0,3.0,D41,"49,6368051084","1,3106564870",,76.076621,76621,Seine-Maritime,28.0,Normandie,80.0,3.0,2.0,2,1.0,28,Normandie,76,1,23,Saint-Martin-OsmonvilLe1179,22,1201,,2.0,7,,0.0,2.0,3.0,15.0
202200021947,1.0,1,3,1,5.0,2.0,0.0,0,-1.0,1957.0,A01,7,10,2022,17:20,1,76.0,76621,1,2,1.0,3.0,D41,"49,6368051084","1,3106564870",,76.076621,76621,Seine-Maritime,28.0,Normandie,80.0,3.0,2.0,2,1.0,28,Normandie,76,1,23,Saint-Martin-OsmonvilLe1179,22,1201,,1.0,33,,0.0,2.0,1.0,1.0
202200022029,1.0,1,4,1,0.0,8.0,-1.0, -1,-1.0,1995.0,A01,5,10,2022,17:40,1,76.0,76351,2,1,1.0,7.0,MARCEAU (RUE),"49,4889900000","0,1347100000",,76.076351,76351,Seine-Maritime,28.0,Normandie,50.0,4.0,2.0,4,2.0,28,Normandie,76,2,96,LeHavre,166058,1780,167838.0,3.0,50,,9.0,0.0,0.0,1.0
202200022111,1.0,1,4,1,0.0,1.0,0.0,0,-1.0,1984.0,A01,12,11,2022,22:30,5,76.0,76217,1,1,1.0,6.0,ESCARPE (RUE DE L'),"49,9052501556","1,0868622663",,76.076217,76217,Seine-Maritime,28.0,Normandie,30.0,4.0,2.0,2,1.0,28,Normandie,76,1,95,Dieppe,28358,455,28813.0,3.0,7,,1.0,0.0,1.0,13.0
202200022254,1.0,1,1,1,1.0,1.0,0.0,0,-1.0,1988.0,B01,12,11,2022,10:45,1,76.0,76094,2,2,5.0,3.0,Rue de l'Eglise,"49,5398760000","1,2762700000",,76.076094,76094,Seine-Maritime,28.0,Normandie,-1.0,3.0,2.0,2,1.0,28,Normandie,76,3,21,BiervilLe326,5,331,,1.0,7,,0.0,2.0,8.0,1.0
202200022254,1.0,1,3,1,5.0,2.0,0.0,0,-1.0,2004.0,A01,12,11,2022,10:45,1,76.0,76094,2,2,5.0,3.0,Rue de l'Eglise,"49,5398760000","1,2762700000",,76.076094,76094,Seine-Maritime,28.0,Normandie,-1.0,3.0,2.0,2,1.0,28,Normandie,76,3,21,BiervilLe326,5,331,,1.0,31,,0.0,2.0,1.0,1.0
202200022268,10.0,3,4,1,0.0,0.0,4.0,3,1.0,1988.0,A01,29,1,2022,19:35,5,76.0,76540,2,2,2.0,6.0,Boulevard de l’Europe,"49,4322200000","1,0788100000",,76.076540,76540,Seine-Maritime,28.0,Normandie,50.0,4.0,3.0,6,2.0,28,Normandie,76,3,97,Rouen,114083,1556,115639.0,0.0,7,,0.0,1.0,1.0,0.0
202200022268,1.0,1,1,2,5.0,1.0,-1.0, -1,-1.0,1983.0,A01,29,1,2022,19:35,5,76.0,76540,2,2,2.0,6.0,Boulevard de l’Europe,"49,4322200000","1,0788100000",,76.076540,76540,Seine-Maritime,28.0,Normandie,50.0,4.0,3.0,6,2.0,28,Normandie,76,3,97,Rouen,114083,1556,115639.0,0.0,7,,0.0,1.0,1.0,0.0
202200022345,1.0,1,3,2,5.0,1.0,0.0,0,-1.0,1965.0,A01,13,11,2022,14:38,2,76.0,76666,1,1,5.0,6.0,D915,"49,5717814924","1,6080379484",,76.076666,76666,Seine-Maritime,28.0,Normandie,80.0,3.0,2.0,2,1.0,28,Normandie,76,1,12,Saumont-la-Poterie,414,16,430.0,1.0,7,,13.0,0.0,3.0,0.0
202200022345,2.0,2,3,2,5.0,1.0,0.0,0,-1.0,1940.0,A01,13,11,2022,14:38,2,76.0,76666,1,1,5.0,6.0,D915,"49,5717814924","1,6080379484",,76.076666,76666,Seine-Maritime,28.0,Normandie,80.0,3.0,2.0,2,1.0,28,Normandie,76,1,12,Saumont-la-Poterie,414,16,430.0,1.0,7,,13.0,0.0,3.0,0.0
202200022347,1.0,1,3,1,9.0,2.0,0.0,0,-1.0,2003.0,B01,14,11,2022,11:30,1,76.0,76434,1,1,5.0,2.0,6014,"49,3864380000","1,2696930000",,76.076434,76434,Seine-Maritime,28.0,Normandie,80.0,3.0,2.0,2,1.0,28,Normandie,76,3,21,Mesnil-Raoul,1171,8,1179.0,2.0,33,,0.0,2.0,1.0,2.0
202200022347,1.0,1,1,1,9.0,1.0,0.0,0,-1.0,1960.0,A01,14,11,2022,11:30,1,76.0,76434,1,1,5.0,2.0,6014,"49,3864380000","1,2696930000",,76.076434,76434,Seine-Maritime,28.0,Normandie,80.0,3.0,2.0,2,1.0,28,Normandie,76,3,21,Mesnil-Raoul,1171,8,1179.0,2.0,7,,0.0,0.0,4.0,1.0
202200022469,1.0,1,4,1,0.0,1.0,-1.0, -1,-1.0,1960.0,A01,12,11,2022,13:20,1,76.0,76486,1,1,1.0,6.0,Rue de la Gare,"49,3176812070","0,9893703461",,76.076486,76486,Seine-Maritime,28.0,Normandie,80.0,7.0,2.0,2,2.0,28,Normandie,76,3,9,Orival,860,5,865.0,1.0,7,,2.0,0.0,3.0,1.0
202200022471,1.0,1,1,1,5.0,1.0,0.0,0,-1.0,2000.0,A01,12,11,2022,10:30,1,76.0,76540,2,1,8.0,1.0,Avenue de la Grand Mare,"49,4433800000","1,1309400000",,76.076540,76540,Seine-Maritime,28.0,Normandie,50.0,7.0,2.0,2,1.0,28,Normandie,76,3,97,Rouen,114083,1556,115639.0,3.0,7,,0.0,2.0,3.0,13.0
202200022471,1.0,1,4,1,5.0,1.0,0.0,0,-1.0,1980.0,B01,12,11,2022,10:30,1,76.0,76540,2,1,8.0,1.0,Avenue de la Grand Mare,"49,4433800000","1,1309400000",,76.076540,76540,Seine-Maritime,28.0,Normandie,50.0,7.0,2.0,2,1.0,28,Normandie,76,3,97,Rouen,114083,1556,115639.0,3.0,7,,0.0,2.0,3.0,1.0
202200022806,1.0,1,1,1,5.0,1.0,0.0,0,-1.0,1964.0,A01,22,5,2022,11:28,1,76.0,76518,1,2,1.0,3.0,D30 - route de bolbec,"49,5916300000","0,5033760000",,76.076518,76518,Seine-Maritime,28.0,Normandie,80.0,3.0,2.0,2,1.0,28,Normandie,76,2,3,Raffetot,498,9,507.0,0.0,7,,0.0,0.0,2.0,1.0
202200022806,2.0,2,4,2,5.0,1.0,0.0,0,-1.0,1965.0,A01,22,5,2022,11:28,1,76.0,76518,1,2,1.0,3.0,D30 - route de bolbec,"49,5916300000","0,5033760000",,76.076518,76518,Seine-Maritime,28.0,Normandie,80.0,3.0,2.0,2,1.0,28,Normandie,76,2,3,Raffetot,498,9,507.0,0.0,7,,0.0,0.0,2.0,1.0
202200022806,1.0,1,1,1,5.0,1.0,0.0,0,-1.0,1939.0,B01,22,5,2022,11:28,1,76.0,76518,1,2,1.0,3.0,D30 - route de bolbec,"49,5916300000","0,5033760000",,76.076518,76518,Seine-Maritime,28.0,Normandie,80.0,3.0,2.0,2,1.0,28,Normandie,76,2,3,Raffetot,498,9,507.0,3.0,7,,0.0,0.0,3.0,19.0
202200022834,1.0,1,3,1,0.0,2.0,0.0,0,-1.0,1983.0,A01,24,7,2022,20:20,1,76.0,76493,1,1,1.0,6.0,D79,"49,8477210000","0,6197140000",,76.076493,76493,Seine-Maritime,28.0,Normandie,80.0,3.0,2.0,2,1.0,28,Normandie,76,1,33,Paluel,395,12,407.0,1.0,33,,13.0,0.0,1.0,0.0
202200022884,10.0,3,4,2,5.0,0.0,4.0,3,1.0,1950.0,A01,16,12,2022,14:30,1,76.0,76540,2,2,1.0,6.0,Boulevard de l'Europe,"49,4285300000","1,0944700000",,76.076540,76540,Seine-Maritime,28.0,Normandie,50.0,4.0,3.0,6,1.0,28,Normandie,76,3,97,Rouen,114083,1556,115639.0,1.0,7,,0.0,1.0,1.0,1.0
202200022884,1.0,1,1,2,3.0,1.0,0.0,0,-1.0,1961.0,A01,16,12,2022,14:30,1,76.0,76540,2,2,1.0,6.0,Boulevard de l'Europe,"49,4285300000","1,0944700000",,76.076540,76540,Seine-Maritime,28.0,Normandie,50.0,4.0,3.0,6,1.0,28,Normandie,76,3,97,Rouen,114083,1556,115639.0,1.0,7,,0.0,1.0,1.0,1.0
202200022885,10.0,3,3,1,1.0,0.0,1.0,9,1.0,2001.0,A01,15,12,2022,21:00,5,76.0,76498,2,1,1.0,6.0,Rue Albert Einstein,"49,4181500000","1,0628200000",,76.076498,76498,Seine-Maritime,28.0,Normandie,30.0,4.0,2.0,2,1.0,28,Normandie,76,3,27,LePetit-Quevilly,21782,274,22056.0,0.0,7,,0.0,1.0,3.0,14.0
202200022885,1.0,1,1,1,1.0,1.0,0.0,0,-1.0,1989.0,A01,15,12,2022,21:00,5,76.0,76498,2,1,1.0,6.0,Rue Albert Einstein,"49,4181500000","1,0628200000",,76.076498,76498,Seine-Maritime,28.0,Normandie,30.0,4.0,2.0,2,1.0,28,Normandie,76,3,27,LePetit-Quevilly,21782,274,22056.0,0.0,7,,0.0,1.0,3.0,14.0
202200022887,1.0,1,1,1,0.0,1.0,0.0,0,-1.0,1966.0,A01,16,12,2022,08:30,2,76.0,76484,2,1,8.0,6.0,Avenue du Général de Gaulle,"49,3432790000","1,0908200000",,76.076484,76484,Seine-Maritime,28.0,Normandie,50.0,4.0,2.0,2,1.0,28,Normandie,76,3,31,Oissel,12367,83,12450.0,3.0,7,,0.0,1.0,1.0,1.0
202200022887,10.0,3,4,2,0.0,0.0,3.0,3,1.0,1951.0,A01,16,12,2022,08:30,2,76.0,76484,2,1,8.0,6.0,Avenue du Général de Gaulle,"49,3432790000","1,0908200000",,76.076484,76484,Seine-Maritime,28.0,Normandie,50.0,4.0,2.0,2,1.0,28,Normandie,76,3,31,Oissel,12367,83,12450.0,3.0,7,,0.0,1.0,1.0,1.0
202200023034,1.0,1,4,2,1.0,1.0,0.0,0,-1.0,1955.0,A01,16,12,2022,07:15,2,76.0,76533,1,1,4.0,4.0,A29 PK28.400,"49,5096900000","0,2880050000",,76.076533,76533,Seine-Maritime,28.0,Normandie,110.0,1.0,1.0,2,7.0,28,Normandie,76,2,16,RogervilLe1706,19,1725,,2.0,7,,3.0,2.0,9.0,1.0
202200023034,1.0,1,2,1,1.0,1.0,0.0,0,-1.0,1966.0,B01,16,12,2022,07:15,2,76.0,76533,1,1,4.0,4.0,A29 PK28.400,"49,5096900000","0,2880050000",,76.076533,76533,Seine-Maritime,28.0,Normandie,110.0,1.0,1.0,2,7.0,28,Normandie,76,2,16,RogervilLe1706,19,1725,,2.0,7,,0.0,2.0,1.0,1.0
202200023034,1.0,1,1,1,4.0,1.0,0.0,0,-1.0,1992.0,C01,16,12,2022,07:15,2,76.0,76533,1,1,4.0,4.0,A29 PK28.400,"49,5096900000","0,2880050000",,76.076533,76533,Seine-Maritime,28.0,Normandie,110.0,1.0,1.0,2,7.0,28,Normandie,76,2,16,RogervilLe1706,19,1725,,2.0,13,,0.0,2.0,1.0,1.0
202200023191,10.0,3,3,2,5.0,0.0,1.0,5,3.0,2005.0,A01,3,9,2022,15:10,1,76.0,76082,2,6,2.0,6.0,Rue de l'Eglise,"49,6161770000","0,4757170000",,76.076082,76082,Seine-Maritime,28.0,Normandie,50.0,3.0,-1.0,2,2.0,28,Normandie,76,2,3,Bernières,637,11,648.0,0.0,7,,0.0,1.0,0.0,1.0
202200023191,1.0,1,1,-1,-1.0,-1.0,-1.0, -1,-1.0,,A01,3,9,2022,15:10,1,76.0,76082,2,6,2.0,6.0,Rue de l'Eglise,"49,6161770000","0,4757170000",,76.076082,76082,Seine-Maritime,28.0,Normandie,50.0,3.0,-1.0,2,2.0,28,Normandie,76,2,3,Bernières,637,11,648.0,0.0,7,,0.0,1.0,0.0,1.0
202200023222,1.0,1,2,1,1.0,2.0,0.0,0,-1.0,1994.0,B01,4,9,2022,06:47,2,76.0,76357,1,1,1.0,1.0,Rd 925,"49,5928470000","0,2633390000",,76.076357,76357,Seine-Maritime,28.0,Normandie,80.0,3.0,2.0,1,1.0,28,Normandie,76,2,26,HermevilLe351,16,367,,2.0,33,,0.0,2.0,1.0,1.0
202200023222,1.0,1,1,1,5.0,1.0,0.0,0,-1.0,2002.0,A01,4,9,2022,06:47,2,76.0,76357,1,1,1.0,1.0,Rd 925,"49,5928470000","0,2633390000",,76.076357,76357,Seine-Maritime,28.0,Normandie,80.0,3.0,2.0,1,1.0,28,Normandie,76,2,26,HermevilLe351,16,367,,1.0,7,,0.0,2.0,2.0,17.0
202200023224,1.0,1,1,1,5.0,1.0,0.0,0,-1.0,1932.0,B01,4,9,2022,13:00,1,76.0,76050,2,2,1.0,3.0,2087 Rue des Tisserands,"49,8488300000","0,9525030000",,76.076050,76050,Seine-Maritime,28.0,Normandie,50.0,4.0,2.0,2,1.0,28,Normandie,76,1,20,Avremesnil,1006,27,1033.0,1.0,7,,0.0,2.0,1.0,1.0
202200023224,1.0,1,3,1,5.0,0.0,0.0,0,-1.0,1935.0,A01,4,9,2022,13:00,1,76.0,76050,2,2,1.0,3.0,2087 Rue des Tisserands,"49,8488300000","0,9525030000",,76.076050,76050,Seine-Maritime,28.0,Normandie,50.0,4.0,2.0,2,1.0,28,Normandie,76,1,20,Avremesnil,1006,27,1033.0,3.0,1,,0.0,2.0,1.0,19.0
202200023234,1.0,1,4,2,0.0,8.0,-1.0, -1,-1.0,1988.0,A01,8,3,2022,07:03,2,76.0,76351,1,2,1.0,3.0,ERABLES (DES),"49,5091400000","0,1453300000",,76.076351,76351,Seine-Maritime,28.0,Normandie,50.0,4.0,2.0,2,1.0,28,Normandie,76,2,96,LeHavre,166058,1780,167838.0,2.0,50,,0.0,2.0,2.0,19.0
202200023234,1.0,1,1,1,0.0,1.0,-1.0, -1,-1.0,1975.0,B01,8,3,2022,07:03,2,76.0,76351,1,2,1.0,3.0,ERABLES (DES),"49,5091400000","0,1453300000",,76.076351,76351,Seine-Maritime,28.0,Normandie,50.0,4.0,2.0,2,1.0,28,Normandie,76,2,96,LeHavre,166058,1780,167838.0,2.0,7,,0.0,2.0,1.0,0.0
202200023237,1.0,1,4,1,0.0,8.0,-1.0, -1,-1.0,2002.0,B01,6,3,2022,21:00,5,76.0,76351,2,2,1.0,3.0,PAUL VERONESE,"49,5170300000","0,1162700000",,76.076351,76351,Seine-Maritime,28.0,Normandie,50.0,4.0,2.0,2,1.0,28,Normandie,76,2,96,LeHavre,166058,1780,167838.0,1.0,50,,0.0,2.0,0.0,0.0
202200023237,1.0,1,1,-1,-1.0,-1.0,-1.0, -1,-1.0,,A01,6,3,2022,21:00,5,76.0,76351,2,2,1.0,3.0,PAUL VERONESE,"49,5170300000","0,1162700000",,76.076351,76351,Seine-Maritime,28.0,Normandie,50.0,4.0,2.0,2,1.0,28,Normandie,76,2,96,LeHavre,166058,1780,167838.0,2.0,7,,0.0,2.0,1.0,0.0
202200023312,10.0,3,4,2,9.0,0.0,3.0,3,1.0,1957.0,A01,2,9,2022,16:50,1,76.0,76212,2,7,1.0,6.0,Place du Marechal Foch,"49,4404000000","1,1455800000",,76.076212,76212,Seine-Maritime,28.0,Normandie,30.0,7.0,2.0,2,1.0,28,Normandie,76,3,6,Darnétal,9738,74,9812.0,3.0,7,,0.0,1.0,3.0,16.0
202200023312,1.0,1,1,1,9.0,1.0,0.0,0,-1.0,1952.0,A01,2,9,2022,16:50,1,76.0,76212,2,7,1.0,6.0,Place du Marechal Foch,"49,4404000000","1,1455800000",,76.076212,76212,Seine-Maritime,28.0,Normandie,30.0,7.0,2.0,2,1.0,28,Normandie,76,3,6,Darnétal,9738,74,9812.0,3.0,7,,0.0,1.0,3.0,16.0
202200023338,1.0,1,4,1,0.0,2.0,-1.0, -1,-1.0,1987.0,A01,2,9,2022,20:50,5,76.0,76681,2,1,1.0,6.0,Rue du Madrillet,"49,4078200000","1,0763200000",,76.076681,76681,Seine-Maritime,28.0,Normandie,50.0,4.0,2.0, -1,1.0,28,Normandie,76,3,99,Sotteville-lès-Rouen,28965,475,29440.0,3.0,34,,0.0,2.0,1.0,1.0
202200023339,1.0,1,1,2,4.0,1.0,-1.0, -1,-1.0,1975.0,A01,2,9,2022,13:50,1,76.0,76212,2,3,1.0,6.0,Rue Gustave Flaubert,"49,4400200000","1,1456800000",,76.076212,76212,Seine-Maritime,28.0,Normandie,50.0,7.0,2.0,3,1.0,28,Normandie,76,3,6,Darnétal,9738,74,9812.0,1.0,7,,0.0,1.0,3.0,15.0
202200023339,10.0,3,2,2,3.0,0.0,3.0,3,1.0,1962.0,A01,2,9,2022,13:50,1,76.0,76212,2,3,1.0,6.0,Rue Gustave Flaubert,"49,4400200000","1,1456800000",,76.076212,76212,Seine-Maritime,28.0,Normandie,50.0,7.0,2.0,3,1.0,28,Normandie,76,3,6,Darnétal,9738,74,9812.0,1.0,7,,0.0,1.0,3.0,15.0
202200023340,1.0,1,4,2,0.0,1.0,0.0,0,-1.0,1998.0,A01,2,9,2022,07:15,2,76.0,76351,1,1,2.0,6.0,RD 6382,"49,5253800000","0,1592600000",,76.076351,76351,Seine-Maritime,28.0,Normandie,90.0,3.0,3.0,4,2.0,28,Normandie,76,2,96,LeHavre,166058,1780,167838.0,1.0,7,,5.0,0.0,2.0,14.0
202200023341,1.0,1,4,1,0.0,2.0,-1.0, -1,-1.0,1977.0,A01,1,9,2022,20:10,5,76.0,76481,2,6,2.0,6.0,RD 6382,"49,5316600000","0,1031200000",,76.076481,76481,Seine-Maritime,28.0,Normandie,70.0,3.0,3.0,4,2.0,28,Normandie,76,2,26,Octeville-sur-Mer,6122,119,6241.0,2.0,33,,12.0,0.0,0.0,0.0
202200023441,1.0,1,1,1,0.0,1.0,-1.0, -1,-1.0,1947.0,A01,16,4,2022,08:30,1,76.0,76259,2,1,1.0,6.0,MARCHAND ( RUE EUGENE),"49,7578286600","0,3798443824",,76.076259,76259,Seine-Maritime,28.0,Normandie,50.0,4.0,1.0,1,1.0,28,Normandie,76,2,11,Fécamp,18016,269,18285.0,3.0,7,,0.0,1.0,1.0,0.0
202200023441,10.0,3,2,1,0.0,0.0,3.0,3,1.0,1933.0,A01,16,4,2022,08:30,1,76.0,76259,2,1,1.0,6.0,MARCHAND ( RUE EUGENE),"49,7578286600","0,3798443824",,76.076259,76259,Seine-Maritime,28.0,Normandie,50.0,4.0,1.0,1,1.0,28,Normandie,76,2,11,Fécamp,18016,269,18285.0,3.0,7,,0.0,1.0,1.0,0.0
202200023508,1.0,1,1,1,5.0,2.0,0.0,0,-1.0,1973.0,B01,8,6,2022,13:57,1,76.0,76693,1,2,1.0,3.0,D940,"49,6780220000","0,1987460000",,76.076693,76693,Seine-Maritime,28.0,Normandie,70.0,3.0,2.0,2,1.0,28,Normandie,76,2,26,LeTilleul,676,11,687.0,2.0,33,,0.0,0.0,1.0,17.0
202200023508,1.0,1,3,1,5.0,2.0,0.0,0,-1.0,2005.0,A01,8,6,2022,13:57,1,76.0,76693,1,2,1.0,3.0,D940,"49,6780220000","0,1987460000",,76.076693,76693,Seine-Maritime,28.0,Normandie,70.0,3.0,2.0,2,1.0,28,Normandie,76,2,26,LeTilleul,676,11,687.0,2.0,30,,0.0,0.0,8.0,15.0
202200023533,10.0,3,3,1,5.0,0.0,1.0,1,1.0,1987.0,A01,17,4,2022,22:45,3,76.0,76312,1,1,1.0,6.0,Route de Formerie,"49,4927440000","1,7191240000",,76.076312,76312,Seine-Maritime,28.0,Normandie,80.0,3.0,2.0,2,1.0,28,Normandie,76,1,12,Gournay-en-Bray,5944,85,6029.0,1.0,7,,0.0,1.0,7.0,21.0
202200023533,1.0,1,1,2,5.0,1.0,0.0,0,-1.0,1998.0,A01,17,4,2022,22:45,3,76.0,76312,1,1,1.0,6.0,Route de Formerie,"49,4927440000","1,7191240000",,76.076312,76312,Seine-Maritime,28.0,Normandie,80.0,3.0,2.0,2,1.0,28,Normandie,76,1,12,Gournay-en-Bray,5944,85,6029.0,1.0,7,,0.0,1.0,7.0,21.0
202200023609,1.0,1,1,2,1.0,8.0,0.0,0,-1.0,1997.0,B01,19,4,2022,10:25,1,76.0,76610,1,2,1.0,3.0,D131e,"49,6237430000","0,7897600000",,76.076610,76610,Seine-Maritime,28.0,Normandie,80.0,3.0,2.0,2,1.0,28,Normandie,76,3,35,Sainte-Marie-des-Champs,1579,13,1592.0,3.0,7,,0.0,2.0,1.0,26.0
202200023609,1.0,1,3,1,1.0,2.0,0.0,0,-1.0,1994.0,A01,19,4,2022,10:25,1,76.0,76610,1,2,1.0,3.0,D131e,"49,6237430000","0,7897600000",,76.076610,76610,Seine-Maritime,28.0,Normandie,80.0,3.0,2.0,2,1.0,28,Normandie,76,3,35,Sainte-Marie-des-Champs,1579,13,1592.0,1.0,33,,0.0,0.0,2.0,1.0
202200023647,10.0,3,4,2,3.0,0.0,3.0,3,1.0,1944.0,A01,22,6,2022,17:50,1,76.0,76322,2,3,1.0,6.0,Rue Antoine Laurent de Lavoisier,"49,4183000000","1,0447700000",,76.076322,76322,Seine-Maritime,28.0,Normandie,50.0,4.0,2.0,4,1.0,28,Normandie,76,3,13,LeGrand-Quevilly,25975,225,26200.0,3.0,7,,0.0,1.0,3.0,13.0
202200023647,1.0,1,1,1,3.0,1.0,-1.0, -1,-1.0,1951.0,A01,22,6,2022,17:50,1,76.0,76322,2,3,1.0,6.0,Rue Antoine Laurent de Lavoisier,"49,4183000000","1,0447700000",,76.076322,76322,Seine-Maritime,28.0,Normandie,50.0,4.0,2.0,4,1.0,28,Normandie,76,3,13,LeGrand-Quevilly,25975,225,26200.0,3.0,7,,0.0,1.0,3.0,13.0
202200023649,1.0,1,1,2,0.0,1.0,-1.0, -1,-1.0,1994.0,B01,5,5,2022,09:50,1,76.0,76351,2,3,1.0,2.0,Rue Georges Braque,"49,4952900000","0,1018500000",,76.076351,76351,Seine-Maritime,28.0,Normandie,50.0,4.0,2.0,2,1.0,28,Normandie,76,2,96,LeHavre,166058,1780,167838.0,3.0,7,,0.0,2.0,1.0,1.0
202200023649,1.0,1,4,1,1.0,8.0,-1.0, -1,-1.0,1986.0,A01,5,5,2022,09:50,1,76.0,76351,2,3,1.0,2.0,Rue Georges Braque,"49,4952900000","0,1018500000",,76.076351,76351,Seine-Maritime,28.0,Normandie,50.0,4.0,2.0,2,1.0,28,Normandie,76,2,96,LeHavre,166058,1780,167838.0,3.0,1,,0.0,2.0,4.0,1.0
202200023929,1.0,1,1,-1,-1.0,-1.0,-1.0, -1,-1.0,,C01,28,1,2022,18:46,5,76.0,76178,2,1,6.0,5.0,Rue de Tourville,"49,3062838370","1,0262395110",,76.076178,76178,Seine-Maritime,28.0,Normandie,50.0,7.0,2.0,2,1.0,28,Normandie,76,3,5,Cléon,4907,30,4937.0,2.0,7,,0.0,0.0,0.0,1.0
202200023929,1.0,1,4,2,0.0,1.0,-1.0, -1,-1.0,2000.0,B01,28,1,2022,18:46,5,76.0,76178,2,1,6.0,5.0,Rue de Tourville,"49,3062838370","1,0262395110",,76.076178,76178,Seine-Maritime,28.0,Normandie,50.0,7.0,2.0,2,1.0,28,Normandie,76,3,5,Cléon,4907,30,4937.0,1.0,7,,0.0,2.0,3.0,26.0
202200023929,1.0,1,1,2,3.0,1.0,-1.0, -1,-1.0,1969.0,A01,28,1,2022,18:46,5,76.0,76178,2,1,6.0,5.0,Rue de Tourville,"49,3062838370","1,0262395110",,76.076178,76178,Seine-Maritime,28.0,Normandie,50.0,7.0,2.0,2,1.0,28,Normandie,76,3,5,Cléon,4907,30,4937.0,2.0,7,,0.0,2.0,1.0,1.0
202200023930,1.0,1,4,1,9.0,8.0,-1.0, -1,-1.0,1979.0,A01,28,1,2022,20:20,5,76.0,76216,2,1,8.0,2.0,Rue des Grosses Pierres,"49,4690000000","1,0380000000",,76.076216,76216,Seine-Maritime,28.0,Normandie,50.0,7.0,2.0,2,1.0,28,Normandie,76,3,22,Déville-lès-Rouen,10745,62,10807.0,1.0,1,,0.0,2.0,4.0,1.0
202200023930,1.0,1,1,1,0.0,1.0,-1.0, -1,-1.0,1968.0,Z01,28,1,2022,20:20,5,76.0,76216,2,1,8.0,2.0,Rue des Grosses Pierres,"49,4690000000","1,0380000000",,76.076216,76216,Seine-Maritime,28.0,Normandie,50.0,7.0,2.0,2,1.0,28,Normandie,76,3,22,Déville-lès-Rouen,10745,62,10807.0,1.0,7,,0.0,2.0,0.0,0.0
202200023931,1.0,1,3,1,0.0,8.0,-1.0, -1,-1.0,1998.0,A01,27,1,2022,08:20,1,76.0,76351,2,3,1.0,7.0,Boulevard Jules Durand,"49,4911000000","0,1621200000",,76.076351,76351,Seine-Maritime,28.0,Normandie,50.0,4.0,2.0,2,1.0,28,Normandie,76,2,96,LeHavre,166058,1780,167838.0,1.0,50,,14.0,0.0,0.0,0.0
202200023933,1.0,1,4,1,5.0,1.0,-1.0, -1,-1.0,1992.0,A01,28,1,2022,00:15,5,76.0,76447,2,3,2.0,6.0,Avenue Pierre Mendès France,"49,5282700000","0,1825000000",,76.076447,76447,Seine-Maritime,28.0,Normandie,50.0,3.0,2.0,2,2.0,28,Normandie,76,2,15,Montivilliers,15457,203,15660.0,2.0,7,,1.0,0.0,1.0,18.0
202200023934,1.0,1,1,1,5.0,1.0,-1.0, -1,-1.0,2002.0,B01,28,1,2022,23:10,5,76.0,76259,2,3,2.0,2.0,Rue Robert Lilly,"49,7466691398","0,3684234352",,76.076259,76259,Seine-Maritime,28.0,Normandie,30.0,4.0,2.0,2,2.0,28,Normandie,76,2,11,Fécamp,18016,269,18285.0,2.0,7,,0.0,2.0,5.0,15.0