Num_Acc,place,catu,grav,sexe,trajet,secu,locp,actp,etatp,an_nais,num_veh,jour,mois,an,hrmn,lum,dep,com,agg,int,atm,col,adr,lat,long,gps,com_insee_temp,com_insee,departmentName,regionCode,regionName,vma,catr,circ,nbv,surf,Code,Region,Departement,Arrondissement,Code_Canton,Nom_Commune,Population_municipaLe,Population_comptee_a_part,Population_Totale,senc,catv,occutc,obs,obsm,choc,manv
202200027892,1.0,1,1,1,0.0,1.0,-1.0, -1,-1.0,1996.0,A01,12,9,2022,21:50,5,76.0,76540,2,4,1.0,6.0,Avenue Jean Rondeaux,"49,4336670000","1,0754940000",,76.076540,76540,Seine-Maritime,28.0,Normandie,50.0,7.0,2.0,2,1.0,28,Normandie,76,3,97,Rouen,114083,1556,115639.0,0.0,7,,0.0,1.0,3.0,1.0
202200027918,1.0,1,3,1,1.0,1.0,0.0,0,-1.0,1971.0,A01,9,11,2022,07:50,1,76.0,76164,1,3,7.0,3.0,D982 route de caudebec,"49,5225360000","0,7556000000",,76.076164,76164,Seine-Maritime,28.0,Normandie,70.0,3.0,1.0,2,1.0,28,Normandie,76,3,25,Rives-en-Seine,4078,66,4144.0,1.0,7,,0.0,0.0,8.0,9.0
202200027918,1.0,1,4,2,1.0,1.0,0.0,0,-1.0,1969.0,B01,9,11,2022,07:50,1,76.0,76164,1,3,7.0,3.0,D982 route de caudebec,"49,5225360000","0,7556000000",,76.076164,76164,Seine-Maritime,28.0,Normandie,70.0,3.0,1.0,2,1.0,28,Normandie,76,3,25,Rives-en-Seine,4078,66,4144.0,1.0,7,,0.0,2.0,1.0,1.0
202200028045,1.0,1,4,1,9.0,8.0,0.0,0,-1.0,1977.0,A01,8,11,2022,10:50,1,76.0,76540,2,1,1.0,6.0,Quai Pierre Corneille,"49,4376100000","1,0940100000",,76.076540,76540,Seine-Maritime,28.0,Normandie,50.0,7.0,2.0,5,1.0,28,Normandie,76,3,97,Rouen,114083,1556,115639.0,3.0,7,,9.0,0.0,1.0,11.0
202200028153,1.0,1,1,1,4.0,1.0,-1.0, -1,-1.0,2001.0,B01,20,5,2022,12:20,1,76.0,76305,1,1,3.0,2.0,INDUSTRIELLE (ROUTE),"49,4817000000","0,2436100000",,76.076305,76305,Seine-Maritime,28.0,Normandie,70.0,4.0,3.0,4,2.0,28,Normandie,76,2,16,Gonfreville-l'Orcher,8961,44,9005.0,0.0,20,,0.0,2.0,4.0,1.0
202200028153,1.0,1,4,1,0.0,2.0,-1.0, -1,-1.0,1990.0,A01,20,5,2022,12:20,1,76.0,76305,1,1,3.0,2.0,INDUSTRIELLE (ROUTE),"49,4817000000","0,2436100000",,76.076305,76305,Seine-Maritime,28.0,Normandie,70.0,4.0,3.0,4,2.0,28,Normandie,76,2,16,Gonfreville-l'Orcher,8961,44,9005.0,0.0,2,,0.0,2.0,4.0,2.0
202200028155,1.0,1,3,1,5.0,2.0,-1.0, -1,-1.0,1974.0,A01,18,5,2022,23:29,3,76.0,76476,2,9,1.0,6.0,1965 Route de l’Abbaye,"49,5139900000","0,6187900000",,76.076476,76476,Seine-Maritime,28.0,Normandie,70.0,3.0,2.0,1,1.0,28,Normandie,76,2,25,Port-Jérôme-sur-Seine,10387,172,10559.0,1.0,2,,13.0,0.0,1.0,14.0
202200028238,1.0,1,1,1,5.0,1.0,0.0,0,-1.0,1994.0,A01,18,9,2022,04:30,4,76.0,76006,2,1,1.0,1.0,Route de la Fosse au Loup,"49,6970830000","0,8216030000",,76.076006,76006,Seine-Maritime,28.0,Normandie,50.0,3.0,2.0,2,1.0,28,Normandie,76,3,35,Amfreville-les-Champs,184,4,188.0,1.0,7,,0.0,2.0,3.0,0.0
202200028238,2.0,2,4,2,5.0,1.0,0.0,0,-1.0,1997.0,B01,18,9,2022,04:30,4,76.0,76006,2,1,1.0,1.0,Route de la Fosse au Loup,"49,6970830000","0,8216030000",,76.076006,76006,Seine-Maritime,28.0,Normandie,50.0,3.0,2.0,2,1.0,28,Normandie,76,3,35,Amfreville-les-Champs,184,4,188.0,2.0,7,,0.0,2.0,3.0,0.0
202200028238,1.0,1,1,2,5.0,1.0,0.0,0,-1.0,1995.0,B01,18,9,2022,04:30,4,76.0,76006,2,1,1.0,1.0,Route de la Fosse au Loup,"49,6970830000","0,8216030000",,76.076006,76006,Seine-Maritime,28.0,Normandie,50.0,3.0,2.0,2,1.0,28,Normandie,76,3,35,Amfreville-les-Champs,184,4,188.0,2.0,7,,0.0,2.0,3.0,0.0
202200028551,1.0,1,3,1,5.0,8.0,0.0,0,-1.0,1994.0,A01,21,8,2022,19:45,2,76.0,76271,2,1,1.0,6.0,Rue du Rombosc,"49,5672480000","1,1503640000",,76.076271,76271,Seine-Maritime,28.0,Normandie,80.0,4.0,-1.0,1,1.0,28,Normandie,76,3,2,Fontaine-le-Bourg,1843,18,1861.0,0.0,36,,14.0,0.0,1.0,0.0
202200028610,1.0,1,1,2,0.0,1.0,0.0,0,-1.0,1991.0,A01,12,12,2022,11:45,1,76.0,76484,1,1,1.0,4.0,Pont de Tourville,"49,3386100000","1,1020600000",,76.076484,76484,Seine-Maritime,28.0,Normandie,70.0,7.0,2.0,2,1.0,28,Normandie,76,3,31,Oissel,12367,83,12450.0,3.0,7,,0.0,9.0,1.0,1.0
202200028610,4.0,2,4,2,0.0,1.0,0.0,0,-1.0,2016.0,A01,12,12,2022,11:45,1,76.0,76484,1,1,1.0,4.0,Pont de Tourville,"49,3386100000","1,1020600000",,76.076484,76484,Seine-Maritime,28.0,Normandie,70.0,7.0,2.0,2,1.0,28,Normandie,76,3,31,Oissel,12367,83,12450.0,3.0,7,,0.0,9.0,1.0,1.0
202200028610,3.0,2,1,1,0.0,1.0,0.0,0,-1.0,2021.0,A01,12,12,2022,11:45,1,76.0,76484,1,1,1.0,4.0,Pont de Tourville,"49,3386100000","1,1020600000",,76.076484,76484,Seine-Maritime,28.0,Normandie,70.0,7.0,2.0,2,1.0,28,Normandie,76,3,31,Oissel,12367,83,12450.0,3.0,7,,0.0,9.0,1.0,1.0
202200028610,1.0,1,4,1,0.0,1.0,0.0,0,-1.0,1972.0,B01,12,12,2022,11:45,1,76.0,76484,1,1,1.0,4.0,Pont de Tourville,"49,3386100000","1,1020600000",,76.076484,76484,Seine-Maritime,28.0,Normandie,70.0,7.0,2.0,2,1.0,28,Normandie,76,3,31,Oissel,12367,83,12450.0,3.0,10,,0.0,9.0,1.0,1.0
202200028610,1.0,1,1,2,0.0,1.0,0.0,0,-1.0,1975.0,C01,12,12,2022,11:45,1,76.0,76484,1,1,1.0,4.0,Pont de Tourville,"49,3386100000","1,1020600000",,76.076484,76484,Seine-Maritime,28.0,Normandie,70.0,7.0,2.0,2,1.0,28,Normandie,76,3,31,Oissel,12367,83,12450.0,3.0,7,,0.0,9.0,4.0,1.0
202200028612,2.0,2,2,1,0.0,0.0,0.0,0,-1.0,2001.0,A01,11,12,2022,02:00,5,76.0,76540,2,2,1.0,6.0,Rue de la Petite Chartreuse,"49,4364000000","1,1270100000",,76.076540,76540,Seine-Maritime,28.0,Normandie,50.0,4.0,1.0,2,1.0,28,Normandie,76,3,97,Rouen,114083,1556,115639.0,3.0,7,,16.0,0.0,0.0,0.0
202200028612,1.0,1,2,1,9.0,0.0,0.0,0,-1.0,2003.0,A01,11,12,2022,02:00,5,76.0,76540,2,2,1.0,6.0,Rue de la Petite Chartreuse,"49,4364000000","1,1270100000",,76.076540,76540,Seine-Maritime,28.0,Normandie,50.0,4.0,1.0,2,1.0,28,Normandie,76,3,97,Rouen,114083,1556,115639.0,3.0,7,,16.0,0.0,0.0,0.0
202200028614,1.0,1,2,1,5.0,2.0,0.0,0,-1.0,1989.0,A01,11,12,2022,01:30,5,76.0,76540,1,1,8.0,7.0,N28,"49,4370800000","1,1098300000",,76.076540,76540,Seine-Maritime,28.0,Normandie,70.0,2.0,3.0,8,1.0,28,Normandie,76,3,97,Rouen,114083,1556,115639.0,2.0,33,,3.0,0.0,0.0,0.0
202200028614,2.0,2,3,2,5.0,2.0,0.0,0,-1.0,1996.0,A01,11,12,2022,01:30,5,76.0,76540,1,1,8.0,7.0,N28,"49,4370800000","1,1098300000",,76.076540,76540,Seine-Maritime,28.0,Normandie,70.0,2.0,3.0,8,1.0,28,Normandie,76,3,97,Rouen,114083,1556,115639.0,2.0,33,,3.0,0.0,0.0,0.0
202200028686,1.0,1,1,2,0.0,1.0,-1.0, -1,-1.0,1996.0,A01,20,7,2022,17:20,1,76.0,76575,2,1,1.0,6.0,Avenue de Felling,"49,3932300000","1,0664500000",,76.076575,76575,Seine-Maritime,28.0,Normandie,30.0,4.0,2.0,2,1.0,28,Normandie,76,3,98,Saint-Étienne-du-Rouvray,28508,225,28733.0,3.0,7,,0.0,1.0,1.0,1.0
202200028686,10.0,3,4,1,0.0,0.0,1.0,3,2.0,2016.0,A01,20,7,2022,17:20,1,76.0,76575,2,1,1.0,6.0,Avenue de Felling,"49,3932300000","1,0664500000",,76.076575,76575,Seine-Maritime,28.0,Normandie,30.0,4.0,2.0,2,1.0,28,Normandie,76,3,98,Saint-Étienne-du-Rouvray,28508,225,28733.0,3.0,7,,0.0,1.0,1.0,1.0
202200028801,1.0,1,2,1,0.0,1.0,0.0,0,-1.0,1971.0,A01,6,3,2022,18:55,2,76.0,76344,1,1,1.0,7.0,D9,"49,7094960000","1,6651150000",,76.076344,76344,Seine-Maritime,28.0,Normandie,80.0,3.0,2.0,2,1.0,28,Normandie,76,1,12,Haudricourt,440,9,449.0,2.0,7,,0.0,0.0,9.0,1.0
202200028875,1.0,1,4,1,5.0,1.0,-1.0, -1,-1.0,1971.0,A01,3,3,2022,23:30,3,76.0,76341,1,1,1.0,6.0,RD 6382,"49,5205200000","0,1904200000",,76.076341,76341,Seine-Maritime,28.0,Normandie,70.0,3.0,3.0,4,2.0,28,Normandie,76,2,15,Harfleur,8315,53,8368.0,1.0,7,,4.0,0.0,2.0,14.0
202200028956,1.0,1,4,1,0.0,1.0,-1.0, -1,-1.0,1985.0,A01,28,8,2022,17:15,1,76.0,76447,2,1,1.0,6.0,REPUBLIQUE,"49,5445500000","0,1902700000",,76.076447,76447,Seine-Maritime,28.0,Normandie,50.0,4.0,1.0,1,1.0,28,Normandie,76,2,15,Montivilliers,15457,203,15660.0,0.0,7,,1.0,0.0,1.0,14.0
202200029112,10.0,3,4,1,0.0,0.0,4.0,3,2.0,2015.0,A01,27,8,2022,12:45,1,76.0,76351,2,2,1.0,6.0,Rue Guillemard,"49,4990000000","0,0945800000",,76.076351,76351,Seine-Maritime,28.0,Normandie,50.0,4.0,2.0,2,1.0,28,Normandie,76,2,96,LeHavre,166058,1780,167838.0,3.0,7,,0.0,2.0,3.0,16.0
202200029112,10.0,3,4,2,0.0,0.0,4.0,3,2.0,2015.0,A01,27,8,2022,12:45,1,76.0,76351,2,2,1.0,6.0,Rue Guillemard,"49,4990000000","0,0945800000",,76.076351,76351,Seine-Maritime,28.0,Normandie,50.0,4.0,2.0,2,1.0,28,Normandie,76,2,96,LeHavre,166058,1780,167838.0,3.0,7,,0.0,2.0,3.0,16.0
202200029112,10.0,3,4,1,0.0,0.0,4.0,3,2.0,1978.0,A01,27,8,2022,12:45,1,76.0,76351,2,2,1.0,6.0,Rue Guillemard,"49,4990000000","0,0945800000",,76.076351,76351,Seine-Maritime,28.0,Normandie,50.0,4.0,2.0,2,1.0,28,Normandie,76,2,96,LeHavre,166058,1780,167838.0,3.0,7,,0.0,2.0,3.0,16.0
202200029112,1.0,1,1,1,0.0,1.0,-1.0, -1,-1.0,1948.0,A01,27,8,2022,12:45,1,76.0,76351,2,2,1.0,6.0,Rue Guillemard,"49,4990000000","0,0945800000",,76.076351,76351,Seine-Maritime,28.0,Normandie,50.0,4.0,2.0,2,1.0,28,Normandie,76,2,96,LeHavre,166058,1780,167838.0,3.0,7,,0.0,2.0,3.0,16.0
202200029126,1.0,1,2,1,5.0,0.0,-1.0, -1,-1.0,2002.0,A01,28,8,2022,13:10,1,76.0,76319,1,1,1.0,7.0,N138 - Sud 3,"49,3573262763","1,0331803308",,76.076319,76319,Seine-Maritime,28.0,Normandie,110.0,2.0,1.0,2,1.0,28,Normandie,76,3,9,Grand-Couronne,9726,177,9903.0,2.0,7,,16.0,0.0,9.0,14.0
202200029156,2.0,2,4,1,5.0,2.0,0.0,0,-1.0,1987.0,A01,16,4,2022,05:20,3,76.0,76533,1,1,1.0,7.0,Route de Saint Aubin,"49,5095500000","0,2727480000",,76.076533,76533,Seine-Maritime,28.0,Normandie,80.0,4.0,2.0,2,1.0,28,Normandie,76,2,16,RogervilLe1706,19,1725,,0.0,33,,0.0,0.0,0.0,0.0
202200029156,1.0,1,1,-1,-1.0,-1.0,-1.0, -1,-1.0,,A01,16,4,2022,05:20,3,76.0,76533,1,1,1.0,7.0,Route de Saint Aubin,"49,5095500000","0,2727480000",,76.076533,76533,Seine-Maritime,28.0,Normandie,80.0,4.0,2.0,2,1.0,28,Normandie,76,2,16,RogervilLe1706,19,1725,,0.0,33,,0.0,0.0,0.0,0.0
202200029312,1.0,1,3,1,1.0,1.0,0.0,0,-1.0,1990.0,A01,21,6,2022,17:20,1,76.0,76660,1,1,1.0,6.0,La Grande Côte,"49,5003820000","0,3116510000",,76.076660,76660,Seine-Maritime,28.0,Normandie,80.0,3.0,2.0,2,1.0,28,Normandie,76,2,32,SandouvilLe800,11,811,,1.0,7,,5.0,0.0,1.0,1.0
202200029406,1.0,1,1,2,4.0,8.0,-1.0, -1,-1.0,1976.0,A01,19,6,2022,18:11,1,76.0,76681,2,5,1.0,2.0,Rue Leon Blum,"49,4196500000","1,0901860000",,76.076681,76681,Seine-Maritime,28.0,Normandie,50.0,4.0,1.0,1,1.0,28,Normandie,76,3,99,Sotteville-lès-Rouen,28965,475,29440.0,3.0,40,,0.0,2.0,1.0,1.0
202200029406,1.0,1,4,1,4.0,1.0,-1.0, -1,-1.0,1980.0,B01,19,6,2022,18:11,1,76.0,76681,2,5,1.0,2.0,Rue Leon Blum,"49,4196500000","1,0901860000",,76.076681,76681,Seine-Maritime,28.0,Normandie,50.0,4.0,1.0,1,1.0,28,Normandie,76,3,99,Sotteville-lès-Rouen,28965,475,29440.0,3.0,7,,0.0,4.0,4.0,23.0
202200029408,1.0,1,4,1,0.0,1.0,-1.0, -1,-1.0,1988.0,B01,19,6,2022,02:20,5,76.0,76565,2,9,2.0,1.0,AVENUE DE LA LIBERATION,"49,8927800000","1,0748500000",,76.076565,76565,Seine-Maritime,28.0,Normandie,50.0,2.0,2.0,0,2.0,28,Normandie,76,1,7,Saint-Aubin-sur-Scie,1202,101,1303.0,0.0,10,,0.0,0.0,1.0,0.0
202200029408,1.0,1,4,1,0.0,1.0,-1.0, -1,-1.0,1973.0,A01,19,6,2022,02:20,5,76.0,76565,2,9,2.0,1.0,AVENUE DE LA LIBERATION,"49,8927800000","1,0748500000",,76.076565,76565,Seine-Maritime,28.0,Normandie,50.0,2.0,2.0,0,2.0,28,Normandie,76,1,7,Saint-Aubin-sur-Scie,1202,101,1303.0,0.0,7,,0.0,2.0,1.0,26.0
202200029540,1.0,1,1,1,5.0,1.0,0.0,0,-1.0,1972.0,B01,3,4,2022,11:45,1,76.0,76758,2,6,1.0,3.0,Rue Joseph Coddeville,"49,6135880000","0,7617150000",,76.076758,76758,Seine-Maritime,28.0,Normandie,50.0,4.0,2.0,2,1.0,28,Normandie,76,3,35,Yvetot,11385,208,11593.0,2.0,7,,0.0,0.0,2.0,1.0
202200029540,9.0,2,1,1,5.0,3.0,0.0,0,-1.0,2018.0,B01,3,4,2022,11:45,1,76.0,76758,2,6,1.0,3.0,Rue Joseph Coddeville,"49,6135880000","0,7617150000",,76.076758,76758,Seine-Maritime,28.0,Normandie,50.0,4.0,2.0,2,1.0,28,Normandie,76,3,35,Yvetot,11385,208,11593.0,2.0,7,,0.0,0.0,2.0,1.0
202200029540,2.0,2,1,1,5.0,1.0,0.0,0,-1.0,2003.0,B01,3,4,2022,11:45,1,76.0,76758,2,6,1.0,3.0,Rue Joseph Coddeville,"49,6135880000","0,7617150000",,76.076758,76758,Seine-Maritime,28.0,Normandie,50.0,4.0,2.0,2,1.0,28,Normandie,76,3,35,Yvetot,11385,208,11593.0,2.0,7,,0.0,0.0,2.0,1.0
202200029540,2.0,2,3,1,5.0,2.0,0.0,0,-1.0,2006.0,A01,3,4,2022,11:45,1,76.0,76758,2,6,1.0,3.0,Rue Joseph Coddeville,"49,6135880000","0,7617150000",,76.076758,76758,Seine-Maritime,28.0,Normandie,50.0,4.0,2.0,2,1.0,28,Normandie,76,3,35,Yvetot,11385,208,11593.0,2.0,2,,0.0,2.0,1.0,1.0
202200029540,1.0,1,1,1,5.0,2.0,0.0,0,-1.0,2006.0,A01,3,4,2022,11:45,1,76.0,76758,2,6,1.0,3.0,Rue Joseph Coddeville,"49,6135880000","0,7617150000",,76.076758,76758,Seine-Maritime,28.0,Normandie,50.0,4.0,2.0,2,1.0,28,Normandie,76,3,35,Yvetot,11385,208,11593.0,2.0,2,,0.0,2.0,1.0,1.0
202200029606,10.0,3,4,2,9.0,8.0,2.0,B,1.0,1998.0,A01,12,4,2022,09:15,1,76.0,76476,2,1,1.0,6.0,HIRONDELLES (RUE DES),"49,4904700000","0,5771400000",,76.076476,76476,Seine-Maritime,28.0,Normandie,50.0,4.0,-1.0,2,1.0,28,Normandie,76,2,25,Port-Jérôme-sur-Seine,10387,172,10559.0,1.0,7,,0.0,1.0,1.0,9.0
202200029606,1.0,1,1,1,9.0,1.0,-1.0, -1,-1.0,1984.0,A01,12,4,2022,09:15,1,76.0,76476,2,1,1.0,6.0,HIRONDELLES (RUE DES),"49,4904700000","0,5771400000",,76.076476,76476,Seine-Maritime,28.0,Normandie,50.0,4.0,-1.0,2,1.0,28,Normandie,76,2,25,Port-Jérôme-sur-Seine,10387,172,10559.0,1.0,7,,0.0,1.0,1.0,9.0
202200029728,1.0,1,3,1,5.0,1.0,-1.0, -1,-1.0,1999.0,A01,23,1,2022,14:00,1,76.0,76484,1,1,1.0,3.0,Route des Essarts,"49,3451200000","1,0596300000",,76.076484,76484,Seine-Maritime,28.0,Normandie,80.0,7.0,2.0,2,1.0,28,Normandie,76,3,31,Oissel,12367,83,12450.0,0.0,7,,0.0,2.0,1.0,17.0
202200029728,1.0,1,4,1,5.0,1.0,-1.0, -1,-1.0,1963.0,B01,23,1,2022,14:00,1,76.0,76484,1,1,1.0,3.0,Route des Essarts,"49,3451200000","1,0596300000",,76.076484,76484,Seine-Maritime,28.0,Normandie,80.0,7.0,2.0,2,1.0,28,Normandie,76,3,31,Oissel,12367,83,12450.0,0.0,7,,0.0,2.0,3.0,10.0
202200029772,1.0,1,4,1,0.0,1.0,-1.0, -1,-1.0,1995.0,A01,5,11,2022,20:33,5,76.0,76351,2,2,1.0,6.0,ALBERT 1ER,"49,4956989566","0,0957155225",,76.076351,76351,Seine-Maritime,28.0,Normandie,30.0,4.0,3.0,4,2.0,28,Normandie,76,2,96,LeHavre,166058,1780,167838.0,1.0,7,,9.0,0.0,2.0,1.0
202200029773,1.0,1,1,1,4.0,1.0,-1.0, -1,-1.0,1985.0,A01,4,11,2022,15:00,1,76.0,76341,1,1,1.0,4.0,RD 6015,"49,5081100000","0,1968900000",,76.076341,76341,Seine-Maritime,28.0,Normandie,70.0,3.0,3.0,4,1.0,28,Normandie,76,2,15,Harfleur,8315,53,8368.0,1.0,17,,0.0,2.0,1.0,1.0
202200029773,1.0,1,1,1,0.0,1.0,-1.0, -1,-1.0,1965.0,D01,4,11,2022,15:00,1,76.0,76341,1,1,1.0,4.0,RD 6015,"49,5081100000","0,1968900000",,76.076341,76341,Seine-Maritime,28.0,Normandie,70.0,3.0,3.0,4,1.0,28,Normandie,76,2,15,Harfleur,8315,53,8368.0,1.0,7,,0.0,2.0,4.0,1.0
202200029773,1.0,1,1,1,0.0,1.0,-1.0, -1,-1.0,1936.0,C01,4,11,2022,15:00,1,76.0,76341,1,1,1.0,4.0,RD 6015,"49,5081100000","0,1968900000",,76.076341,76341,Seine-Maritime,28.0,Normandie,70.0,3.0,3.0,4,1.0,28,Normandie,76,2,15,Harfleur,8315,53,8368.0,1.0,7,,0.0,2.0,4.0,1.0
202200029773,2.0,2,4,2,0.0,1.0,-1.0, -1,-1.0,2022.0,B01,4,11,2022,15:00,1,76.0,76341,1,1,1.0,4.0,RD 6015,"49,5081100000","0,1968900000",,76.076341,76341,Seine-Maritime,28.0,Normandie,70.0,3.0,3.0,4,1.0,28,Normandie,76,2,15,Harfleur,8315,53,8368.0,1.0,7,,0.0,2.0,4.0,1.0
202200029773,2.0,2,1,1,0.0,1.0,-1.0, -1,-1.0,1997.0,B01,4,11,2022,15:00,1,76.0,76341,1,1,1.0,4.0,RD 6015,"49,5081100000","0,1968900000",,76.076341,76341,Seine-Maritime,28.0,Normandie,70.0,3.0,3.0,4,1.0,28,Normandie,76,2,15,Harfleur,8315,53,8368.0,1.0,7,,0.0,2.0,4.0,1.0
202200029773,1.0,1,1,1,0.0,1.0,-1.0, -1,-1.0,1994.0,B01,4,11,2022,15:00,1,76.0,76341,1,1,1.0,4.0,RD 6015,"49,5081100000","0,1968900000",,76.076341,76341,Seine-Maritime,28.0,Normandie,70.0,3.0,3.0,4,1.0,28,Normandie,76,2,15,Harfleur,8315,53,8368.0,1.0,7,,0.0,2.0,4.0,1.0
202200029773,2.0,2,1,1,0.0,1.0,-1.0, -1,-1.0,2017.0,B01,4,11,2022,15:00,1,76.0,76341,1,1,1.0,4.0,RD 6015,"49,5081100000","0,1968900000",,76.076341,76341,Seine-Maritime,28.0,Normandie,70.0,3.0,3.0,4,1.0,28,Normandie,76,2,15,Harfleur,8315,53,8368.0,1.0,7,,0.0,2.0,4.0,1.0
202200029884,1.0,1,3,1,5.0,2.0,0.0,0,-1.0,2007.0,A01,9,11,2022,00:45,3,76.0,76489,2,1,1.0,6.0,Route de la Vallée,"49,5045480000","0,2988890000",,76.076489,76489,Seine-Maritime,28.0,Normandie,50.0,4.0,2.0,2,1.0,28,Normandie,76,2,32,OudalLe479,12,491,,0.0,31,,8.0,0.0,1.0,1.0
202200029994,1.0,1,4,2,4.0,2.0,-1.0, -1,-1.0,2001.0,A01,3,10,2022,11:30,1,76.0,76319,2,1,2.0,7.0,Avenue des Poiriers,"49,3381142294","1,0238248646",,76.076319,76319,Seine-Maritime,28.0,Normandie,30.0,4.0,2.0,2,2.0,28,Normandie,76,3,9,Grand-Couronne,9726,177,9903.0,3.0,2,,6.0,0.0,7.0,25.0
202200029996,1.0,1,4,1,1.0,2.0,-1.0, -1,-1.0,1991.0,A01,3,10,2022,07:40,2,76.0,76540,2,3,5.0,2.0,Quai de France,"49,4373100000","1,0552200000",,76.076540,76540,Seine-Maritime,28.0,Normandie,50.0,4.0,2.0,4,1.0,28,Normandie,76,3,97,Rouen,114083,1556,115639.0,2.0,33,,0.0,2.0,2.0,2.0
202200029996,1.0,1,1,1,4.0,1.0,-1.0, -1,-1.0,1971.0,B01,3,10,2022,07:40,2,76.0,76540,2,3,5.0,2.0,Quai de France,"49,4373100000","1,0552200000",,76.076540,76540,Seine-Maritime,28.0,Normandie,50.0,4.0,2.0,4,1.0,28,Normandie,76,3,97,Rouen,114083,1556,115639.0,3.0,14,,0.0,2.0,6.0,16.0
202200029999,1.0,1,1,1,4.0,1.0,-1.0, -1,-1.0,1989.0,B01,30,9,2022,12:30,1,76.0,76305,1,2,1.0,3.0,ENTREPRISES (ROUTE DES),"49,4815800000","0,2197600000",,76.076305,76305,Seine-Maritime,28.0,Normandie,50.0,4.0,2.0,2,1.0,28,Normandie,76,2,16,Gonfreville-l'Orcher,8961,44,9005.0,0.0,39,,0.0,2.0,1.0,1.0
202200029999,2.0,2,1,1,4.0,1.0,-1.0, -1,-1.0,1998.0,B01,30,9,2022,12:30,1,76.0,76305,1,2,1.0,3.0,ENTREPRISES (ROUTE DES),"49,4815800000","0,2197600000",,76.076305,76305,Seine-Maritime,28.0,Normandie,50.0,4.0,2.0,2,1.0,28,Normandie,76,2,16,Gonfreville-l'Orcher,8961,44,9005.0,0.0,39,,0.0,2.0,1.0,1.0
202200029999,1.0,1,4,1,4.0,1.0,-1.0, -1,-1.0,1962.0,A01,30,9,2022,12:30,1,76.0,76305,1,2,1.0,3.0,ENTREPRISES (ROUTE DES),"49,4815800000","0,2197600000",,76.076305,76305,Seine-Maritime,28.0,Normandie,50.0,4.0,2.0,2,1.0,28,Normandie,76,2,16,Gonfreville-l'Orcher,8961,44,9005.0,2.0,15,,0.0,4.0,3.0,1.0
202200030002,1.0,1,2,1,0.0,1.0,-1.0, -1,-1.0,2005.0,A01,2,10,2022,23:40,5,76.0,76351,2,2,1.0,6.0,ETRETAT (D'),"49,4976600000","0,0967200000",,76.076351,76351,Seine-Maritime,28.0,Normandie,50.0,4.0,2.0,2,1.0,28,Normandie,76,2,96,LeHavre,166058,1780,167838.0,2.0,7,,1.0,0.0,0.0,0.0
202200030230,1.0,1,4,1,9.0,2.0,-1.0, -1,-1.0,1995.0,B01,19,5,2022,20:40,1,76.0,76540,2,6,1.0,3.0,Boulevard de l'Europe,"49,4261000000","1,0877500000",,76.076540,76540,Seine-Maritime,28.0,Normandie,50.0,7.0,2.0,2,1.0,28,Normandie,76,3,97,Rouen,114083,1556,115639.0,3.0,33,,0.0,2.0,1.0,0.0
202200030230,1.0,1,1,1,9.0,1.0,-1.0, -1,-1.0,1983.0,A01,19,5,2022,20:40,1,76.0,76540,2,6,1.0,3.0,Boulevard de l'Europe,"49,4261000000","1,0877500000",,76.076540,76540,Seine-Maritime,28.0,Normandie,50.0,7.0,2.0,2,1.0,28,Normandie,76,3,97,Rouen,114083,1556,115639.0,3.0,7,,0.0,9.0,6.0,13.0
202200030509,1.0,1,1,1,0.0,8.0,-1.0, -1,-1.0,1994.0,A01,17,6,2022,14:10,1,76.0,76351,2,2,1.0,3.0,WINSTON CHURCHILL,"49,4940700000","0,1384300000",,76.076351,76351,Seine-Maritime,28.0,Normandie,50.0,4.0,2.0,7,1.0,28,Normandie,76,2,96,LeHavre,166058,1780,167838.0,3.0,7,,0.0,2.0,1.0,26.0
202200030509,1.0,1,4,1,0.0,8.0,-1.0, -1,-1.0,1993.0,B01,17,6,2022,14:10,1,76.0,76351,2,2,1.0,3.0,WINSTON CHURCHILL,"49,4940700000","0,1384300000",,76.076351,76351,Seine-Maritime,28.0,Normandie,50.0,4.0,2.0,7,1.0,28,Normandie,76,2,96,LeHavre,166058,1780,167838.0,3.0,50,,0.0,2.0,8.0,1.0
202200030577,1.0,1,4,2,0.0,8.0,0.0,0,-1.0,1980.0,A01,10,12,2022,10:30,1,76.0,76108,2,6,5.0,6.0,Chemin de la Breteque,"49,4818500000","1,1096900000",,76.076108,76108,Seine-Maritime,28.0,Normandie,90.0,7.0,2.0,2,2.0,28,Normandie,76,3,2,Bois-Guillaume,14262,361,14623.0,0.0,7,,12.0,0.0,1.0,26.0