Num_Acc,place,catu,grav,sexe,trajet,secu,locp,actp,etatp,an_nais,num_veh,jour,mois,an,hrmn,lum,dep,com,agg,int,atm,col,adr,lat,long,gps,com_insee_temp,com_insee,departmentName,regionCode,regionName,vma,catr,circ,nbv,surf,Code,Region,Departement,Arrondissement,Code_Canton,Nom_Commune,Population_municipaLe,Population_comptee_a_part,Population_Totale,senc,catv,occutc,obs,obsm,choc,manv
202200030577,2.0,2,4,2,0.0,8.0,0.0,0,-1.0,2006.0,A01,10,12,2022,10:30,1,76.0,76108,2,6,5.0,6.0,Chemin de la Breteque,"49,4818500000","1,1096900000",,76.076108,76108,Seine-Maritime,28.0,Normandie,90.0,7.0,2.0,2,2.0,28,Normandie,76,3,2,Bois-Guillaume,14262,361,14623.0,0.0,7,,12.0,0.0,1.0,26.0
202200030745,2.0,2,3,1,5.0,1.0,0.0,0,-1.0,1996.0,A01,5,3,2022,08:10,1,76.0,76057,1,6,2.0,6.0,Route Départementale 67,"49,5268520000","0,9620980000",,76.076057,76057,Seine-Maritime,28.0,Normandie,-1.0,3.0,1.0,2,2.0,28,Normandie,76,3,1,Barentin,12154,238,12392.0,1.0,7,,8.0,0.0,0.0,0.0
202200030745,1.0,1,1,2,5.0,1.0,0.0,0,-1.0,1996.0,A01,5,3,2022,08:10,1,76.0,76057,1,6,2.0,6.0,Route Départementale 67,"49,5268520000","0,9620980000",,76.076057,76057,Seine-Maritime,28.0,Normandie,-1.0,3.0,1.0,2,2.0,28,Normandie,76,3,1,Barentin,12154,238,12392.0,1.0,7,,8.0,0.0,0.0,0.0
202200030759,10.0,3,4,1,1.0,0.0,9.0,3,1.0,1996.0,A01,3,3,2022,06:45,5,76.0,76540,2,2,1.0,6.0,Quai Jean Moulin,"49,4367500000","1,0875200000",,76.076540,76540,Seine-Maritime,28.0,Normandie,50.0,4.0,2.0,4,1.0,28,Normandie,76,3,97,Rouen,114083,1556,115639.0,2.0,30,,0.0,1.0,1.0,26.0
202200030759,1.0,1,4,1,1.0,2.0,-1.0, -1,-1.0,2006.0,A01,3,3,2022,06:45,5,76.0,76540,2,2,1.0,6.0,Quai Jean Moulin,"49,4367500000","1,0875200000",,76.076540,76540,Seine-Maritime,28.0,Normandie,50.0,4.0,2.0,4,1.0,28,Normandie,76,3,97,Rouen,114083,1556,115639.0,2.0,30,,0.0,1.0,1.0,26.0
202200030779,1.0,1,4,2,5.0,1.0,-1.0, -1,-1.0,1973.0,A01,2,3,2022,15:47,1,76.0,76565,1,6,1.0,4.0,RD 915,"49,8734200000","1,0997200000",,76.076565,76565,Seine-Maritime,28.0,Normandie,80.0,3.0,2.0,2,1.0,28,Normandie,76,1,7,Saint-Aubin-sur-Scie,1202,101,1303.0,2.0,7,,0.0,2.0,3.0,2.0
202200030779,2.0,2,4,2,5.0,1.0,-1.0, -1,-1.0,2004.0,A01,2,3,2022,15:47,1,76.0,76565,1,6,1.0,4.0,RD 915,"49,8734200000","1,0997200000",,76.076565,76565,Seine-Maritime,28.0,Normandie,80.0,3.0,2.0,2,1.0,28,Normandie,76,1,7,Saint-Aubin-sur-Scie,1202,101,1303.0,2.0,7,,0.0,2.0,3.0,2.0
202200030779,1.0,1,4,1,4.0,1.0,-1.0, -1,-1.0,1984.0,B01,2,3,2022,15:47,1,76.0,76565,1,6,1.0,4.0,RD 915,"49,8734200000","1,0997200000",,76.076565,76565,Seine-Maritime,28.0,Normandie,80.0,3.0,2.0,2,1.0,28,Normandie,76,1,7,Saint-Aubin-sur-Scie,1202,101,1303.0,2.0,7,,0.0,2.0,5.0,23.0
202200030779,1.0,1,1,1,0.0,1.0,-1.0, -1,-1.0,1969.0,C01,2,3,2022,15:47,1,76.0,76565,1,6,1.0,4.0,RD 915,"49,8734200000","1,0997200000",,76.076565,76565,Seine-Maritime,28.0,Normandie,80.0,3.0,2.0,2,1.0,28,Normandie,76,1,7,Saint-Aubin-sur-Scie,1202,101,1303.0,2.0,7,,0.0,2.0,5.0,23.0
202200030779,2.0,2,4,2,0.0,1.0,-1.0, -1,-1.0,1954.0,C01,2,3,2022,15:47,1,76.0,76565,1,6,1.0,4.0,RD 915,"49,8734200000","1,0997200000",,76.076565,76565,Seine-Maritime,28.0,Normandie,80.0,3.0,2.0,2,1.0,28,Normandie,76,1,7,Saint-Aubin-sur-Scie,1202,101,1303.0,2.0,7,,0.0,2.0,5.0,23.0
202200030854,1.0,1,2,1,9.0,1.0,0.0,0,-1.0,2000.0,A01,30,8,2022,00:50,4,76.0,76404,1,6,1.0,6.0,D925,"49,5781390000","0,2402560000",,76.076404,76404,Seine-Maritime,28.0,Normandie,90.0,3.0,1.0,2,1.0,28,Normandie,76,2,26,Manéglise,1264,23,1287.0,1.0,7,,13.0,0.0,4.0,1.0
202200030876,2.0,2,3,2,1.0,2.0,0.0,0,-1.0,2000.0,A01,30,8,2022,09:45,1,76.0,76406,2,2,1.0,3.0,D 11,"49,6989560000","0,3478400000",,76.076406,76406,Seine-Maritime,28.0,Normandie,50.0,3.0,2.0,2,1.0,28,Normandie,76,2,11,ManiquervilLe432,6,438,,2.0,31,,0.0,2.0,1.0,17.0
202200030876,1.0,1,3,1,1.0,2.0,0.0,0,-1.0,2002.0,A01,30,8,2022,09:45,1,76.0,76406,2,2,1.0,3.0,D 11,"49,6989560000","0,3478400000",,76.076406,76406,Seine-Maritime,28.0,Normandie,50.0,3.0,2.0,2,1.0,28,Normandie,76,2,11,ManiquervilLe432,6,438,,2.0,31,,0.0,2.0,1.0,17.0
202200030876,1.0,1,1,2,5.0,1.0,0.0,0,-1.0,1965.0,B01,30,8,2022,09:45,1,76.0,76406,2,2,1.0,3.0,D 11,"49,6989560000","0,3478400000",,76.076406,76406,Seine-Maritime,28.0,Normandie,50.0,3.0,2.0,2,1.0,28,Normandie,76,2,11,ManiquervilLe432,6,438,,3.0,7,,0.0,2.0,3.0,15.0
202200030977,10.0,3,4,1,0.0,0.0,9.0,3,2.0,2018.0,A01,28,8,2022,22:55,5,76.0,76231,2,1,1.0,6.0,Rue du Général de Gaulle,"49,2865400000","1,0096500000",,76.076231,76231,Seine-Maritime,28.0,Normandie,50.0,7.0,1.0,1,1.0,28,Normandie,76,3,9,Elbeuf,15951,138,16089.0,2.0,7,,0.0,1.0,2.0,0.0
202200030977,1.0,1,1,2,0.0,8.0,-1.0, -1,-1.0,1997.0,A01,28,8,2022,22:55,5,76.0,76231,2,1,1.0,6.0,Rue du Général de Gaulle,"49,2865400000","1,0096500000",,76.076231,76231,Seine-Maritime,28.0,Normandie,50.0,7.0,1.0,1,1.0,28,Normandie,76,3,9,Elbeuf,15951,138,16089.0,2.0,7,,0.0,1.0,2.0,0.0
202200031042,1.0,1,1,1,5.0,1.0,0.0,0,-1.0,2003.0,A01,29,8,2022,18:05,1,76.0,76312,2,1,1.0,6.0,Boulevard Montmorency,"49,4814600000","1,7214740000",,76.076312,76312,Seine-Maritime,28.0,Normandie,50.0,3.0,2.0,1,1.0,28,Normandie,76,1,12,Gournay-en-Bray,5944,85,6029.0,0.0,7,,0.0,1.0,1.0,0.0
202200031042,10.0,3,3,2,0.0,0.0,2.0,3,1.0,1946.0,A01,29,8,2022,18:05,1,76.0,76312,2,1,1.0,6.0,Boulevard Montmorency,"49,4814600000","1,7214740000",,76.076312,76312,Seine-Maritime,28.0,Normandie,50.0,3.0,2.0,1,1.0,28,Normandie,76,1,12,Gournay-en-Bray,5944,85,6029.0,0.0,7,,0.0,1.0,1.0,0.0
202200031230,1.0,1,4,1,0.0,2.0,-1.0, -1,-1.0,2003.0,A01,19,6,2022,01:35,3,76.0,76322,1,1,1.0,6.0,N338 - Sud 3,"49,3939376084","1,0368957582",,76.076322,76322,Seine-Maritime,28.0,Normandie,110.0,2.0,3.0,4,1.0,28,Normandie,76,3,13,LeGrand-Quevilly,25975,225,26200.0,1.0,31,,4.0,2.0,4.0,17.0
202200031234,1.0,1,1,1,0.0,1.0,-1.0, -1,-1.0,1997.0,A01,18,6,2022,15:30,1,76.0,76540,2,3,1.0,2.0,Rue du Renard,"49,4492300000","1,0791300000",,76.076540,76540,Seine-Maritime,28.0,Normandie,50.0,4.0,1.0,1,1.0,28,Normandie,76,3,97,Rouen,114083,1556,115639.0,3.0,7,,0.0,2.0,1.0,2.0
202200031234,1.0,1,4,1,0.0,1.0,-1.0, -1,-1.0,2001.0,B01,18,6,2022,15:30,1,76.0,76540,2,3,1.0,2.0,Rue du Renard,"49,4492300000","1,0791300000",,76.076540,76540,Seine-Maritime,28.0,Normandie,50.0,4.0,1.0,1,1.0,28,Normandie,76,3,97,Rouen,114083,1556,115639.0,3.0,7,,0.0,2.0,4.0,1.0
202200031234,2.0,2,4,1,0.0,1.0,-1.0, -1,-1.0,2002.0,B01,18,6,2022,15:30,1,76.0,76540,2,3,1.0,2.0,Rue du Renard,"49,4492300000","1,0791300000",,76.076540,76540,Seine-Maritime,28.0,Normandie,50.0,4.0,1.0,1,1.0,28,Normandie,76,3,97,Rouen,114083,1556,115639.0,3.0,7,,0.0,2.0,4.0,1.0
202200031372,1.0,1,4,1,0.0,8.0,-1.0, -1,-1.0,2003.0,A01,22,1,2022,14:45,1,76.0,76540,2,2,1.0,3.0,Allée Aimé Césaire,"49,4429200000","1,0778700000",,76.076540,76540,Seine-Maritime,28.0,Normandie,50.0,7.0,1.0,1,1.0,28,Normandie,76,3,97,Rouen,114083,1556,115639.0,3.0,50,,0.0,2.0,1.0,19.0
202200031372,1.0,1,1,1,0.0,1.0,-1.0, -1,-1.0,1991.0,B01,22,1,2022,14:45,1,76.0,76540,2,2,1.0,3.0,Allée Aimé Césaire,"49,4429200000","1,0778700000",,76.076540,76540,Seine-Maritime,28.0,Normandie,50.0,7.0,1.0,1,1.0,28,Normandie,76,3,97,Rouen,114083,1556,115639.0,3.0,7,,0.0,2.0,2.0,1.0
202200031391,1.0,1,4,1,0.0,2.0,-1.0, -1,-1.0,1969.0,A01,9,4,2022,16:15,1,76.0,76270,1,1,1.0,6.0,D6382,"49,5305100000","0,1262600000",,76.076270,76270,Seine-Maritime,28.0,Normandie,90.0,3.0,3.0,4,1.0,28,Normandie,76,2,26,Fontaine-la-Mallet,2635,54,2689.0,1.0,43,,4.0,0.0,3.0,13.0
202200031394,1.0,1,4,2,0.0,1.0,-1.0, -1,-1.0,1974.0,A01,8,4,2022,16:00,1,76.0,76552,2,1,1.0,6.0,CAVEE HAIZE (DE LA),"49,5168600000","0,0774100000",,76.076552,76552,Seine-Maritime,28.0,Normandie,50.0,4.0,2.0,2,1.0,28,Normandie,76,2,19,Sainte-Adresse,7116,188,7304.0,0.0,7,,11.0,0.0,2.0,14.0
202200031440,1.0,1,4,1,5.0,2.0,0.0,0,-1.0,2000.0,A01,18,6,2022,16:15,1,76.0,76211,1,1,1.0,6.0,D149,"49,9142958119","1,5366804600",,76.076211,76211,Seine-Maritime,28.0,Normandie,80.0,3.0,2.0,2,1.0,28,Normandie,76,1,10,Dancourt,233,2,235.0,1.0,33,,3.0,0.0,8.0,13.0
202200031617,1.0,1,1,1,3.0,1.0,-1.0, -1,-1.0,1956.0,B01,14,4,2022,19:10,1,76.0,76305,2,9,1.0,3.0,CAMP PHILIP MORIS (RUE),"49,5093000000","0,2276800000",,76.076305,76305,Seine-Maritime,28.0,Normandie,50.0,4.0,1.0,1,1.0,28,Normandie,76,2,16,Gonfreville-l'Orcher,8961,44,9005.0,1.0,10,,0.0,2.0,8.0,15.0
202200031617,1.0,1,4,1,0.0,2.0,-1.0, -1,-1.0,1951.0,A01,14,4,2022,19:10,1,76.0,76305,2,9,1.0,3.0,CAMP PHILIP MORIS (RUE),"49,5093000000","0,2276800000",,76.076305,76305,Seine-Maritime,28.0,Normandie,50.0,4.0,1.0,1,1.0,28,Normandie,76,2,16,Gonfreville-l'Orcher,8961,44,9005.0,1.0,33,,0.0,2.0,3.0,17.0
202200031620,1.0,1,4,1,0.0,2.0,-1.0, -1,-1.0,2001.0,B01,13,4,2022,22:50,5,76.0,76351,2,3,1.0,2.0,COMMANDANT FRATACCI (COURS),"49,4910800000","0,1228700000",,76.076351,76351,Seine-Maritime,28.0,Normandie,50.0,4.0,2.0,4,1.0,28,Normandie,76,2,96,LeHavre,166058,1780,167838.0,2.0,33,,0.0,2.0,4.0,23.0
202200031620,1.0,1,1,-1,-1.0,-1.0,-1.0, -1,-1.0,,A01,13,4,2022,22:50,5,76.0,76351,2,3,1.0,2.0,COMMANDANT FRATACCI (COURS),"49,4910800000","0,1228700000",,76.076351,76351,Seine-Maritime,28.0,Normandie,50.0,4.0,2.0,4,1.0,28,Normandie,76,2,96,LeHavre,166058,1780,167838.0,2.0,7,,0.0,2.0,1.0,0.0
202200031623,1.0,1,4,1,4.0,1.0,-1.0, -1,-1.0,1999.0,A01,8,4,2022,09:00,1,76.0,76481,1,1,3.0,2.0,D6382,"49,5325900000","0,1170800000",,76.076481,76481,Seine-Maritime,28.0,Normandie,90.0,3.0,3.0,4,2.0,28,Normandie,76,2,26,Octeville-sur-Mer,6122,119,6241.0,2.0,10,,0.0,2.0,1.0,0.0
202200031623,1.0,1,4,1,4.0,1.0,-1.0, -1,-1.0,1986.0,B01,8,4,2022,09:00,1,76.0,76481,1,1,3.0,2.0,D6382,"49,5325900000","0,1170800000",,76.076481,76481,Seine-Maritime,28.0,Normandie,90.0,3.0,3.0,4,2.0,28,Normandie,76,2,26,Octeville-sur-Mer,6122,119,6241.0,2.0,10,,0.0,2.0,4.0,1.0
202200031725,1.0,1,4,1,5.0,2.0,-1.0, -1,-1.0,1970.0,A01,23,4,2022,18:36,1,76.0,76114,2,1,1.0,7.0,GREGEOTTE (RUE DE LA),"49,5665200000","0,4689200000",,76.076114,76114,Seine-Maritime,28.0,Normandie,50.0,4.0,2.0,2,1.0,28,Normandie,76,2,3,Bolbec,11635,147,11782.0,2.0,33,,0.0,0.0,0.0,14.0
202200031784,1.0,1,1,1,5.0,1.0,0.0,0,-1.0,2000.0,A01,6,11,2022,16:45,2,76.0,76408,2,1,7.0,6.0,Route des Hêtres,"49,6074770000","0,3391870000",,76.076408,76408,Seine-Maritime,28.0,Normandie,50.0,3.0,2.0,2,2.0,28,Normandie,76,2,32,Manneville-la-Goupil,1052,14,1066.0,1.0,7,,0.0,1.0,2.0,1.0
202200031784,10.0,3,3,1,5.0,0.0,1.0,1,1.0,1966.0,A01,6,11,2022,16:45,2,76.0,76408,2,1,7.0,6.0,Route des Hêtres,"49,6074770000","0,3391870000",,76.076408,76408,Seine-Maritime,28.0,Normandie,50.0,3.0,2.0,2,2.0,28,Normandie,76,2,32,Manneville-la-Goupil,1052,14,1066.0,1.0,7,,0.0,1.0,2.0,1.0
202200032227,1.0,1,4,1,5.0,1.0,-1.0, -1,-1.0,1958.0,A01,1,10,2022,08:35,1,76.0,76414,2,9,8.0,6.0,D485,"49,9147974186","1,1037354961",,76.076414,76414,Seine-Maritime,28.0,Normandie,50.0,3.0,3.0,3,1.0,28,Normandie,76,1,8,Martin-Église,1600,55,1655.0,1.0,7,,3.0,0.0,3.0,1.0
202200032299,1.0,1,4,1,5.0,8.0,0.0,0,-1.0,2009.0,B01,9,12,2022,15:15,1,76.0,76322,2,1,1.0,1.0,Rue Paul Painleve,"49,4060180000","1,0605450000",,76.076322,76322,Seine-Maritime,28.0,Normandie,50.0,4.0,2.0,2,1.0,28,Normandie,76,3,13,LeGrand-Quevilly,25975,225,26200.0,3.0,99,,0.0,2.0,8.0,19.0
202200032299,1.0,1,1,2,1.0,1.0,0.0,0,-1.0,1972.0,A01,9,12,2022,15:15,1,76.0,76322,2,1,1.0,1.0,Rue Paul Painleve,"49,4060180000","1,0605450000",,76.076322,76322,Seine-Maritime,28.0,Normandie,50.0,4.0,2.0,2,1.0,28,Normandie,76,3,13,LeGrand-Quevilly,25975,225,26200.0,3.0,7,,0.0,9.0,2.0,1.0
202200032300,1.0,1,1,1,0.0,1.0,0.0,0,-1.0,1945.0,B01,9,12,2022,10:35,1,76.0,76351,2,3,1.0,2.0,SOUTHAMPTON (QUAI DE),"49,4865300000","0,1115400000",,76.076351,76351,Seine-Maritime,28.0,Normandie,50.0,4.0,2.0,3,1.0,28,Normandie,76,2,96,LeHavre,166058,1780,167838.0,1.0,7,,0.0,2.0,5.0,15.0
202200032300,1.0,1,4,1,0.0,2.0,0.0,0,-1.0,1991.0,A01,9,12,2022,10:35,1,76.0,76351,2,3,1.0,2.0,SOUTHAMPTON (QUAI DE),"49,4865300000","0,1115400000",,76.076351,76351,Seine-Maritime,28.0,Normandie,50.0,4.0,2.0,3,1.0,28,Normandie,76,2,96,LeHavre,166058,1780,167838.0,1.0,33,,0.0,2.0,1.0,1.0
202200032301,1.0,1,4,1,5.0,1.0,-1.0, -1,-1.0,1993.0,B01,8,12,2022,15:05,1,76.0,76351,2,2,1.0,3.0,COMMANDANT ABADIE,"49,5012900000","0,1699000000",,76.076351,76351,Seine-Maritime,28.0,Normandie,50.0,4.0,-1.0,1,1.0,28,Normandie,76,2,96,LeHavre,166058,1780,167838.0,1.0,10,,0.0,2.0,1.0,1.0
202200032301,1.0,1,1,2,5.0,1.0,-1.0, -1,-1.0,1987.0,A01,8,12,2022,15:05,1,76.0,76351,2,2,1.0,3.0,COMMANDANT ABADIE,"49,5012900000","0,1699000000",,76.076351,76351,Seine-Maritime,28.0,Normandie,50.0,4.0,-1.0,1,1.0,28,Normandie,76,2,96,LeHavre,166058,1780,167838.0,1.0,10,,0.0,2.0,7.0,15.0
202200032384,1.0,1,4,1,1.0,2.0,0.0,0,-1.0,1964.0,B01,13,7,2022,08:50,1,76.0,76533,1,1,1.0,2.0,A29 - PK 24+600,"49,4825191185","0,2632082999",,76.076533,76533,Seine-Maritime,28.0,Normandie,110.0,1.0,3.0,2,1.0,28,Normandie,76,2,16,RogervilLe1706,19,1725,,2.0,31,,0.0,2.0,1.0,2.0
202200032384,1.0,1,1,1,4.0,1.0,0.0,0,-1.0,1993.0,A01,13,7,2022,08:50,1,76.0,76533,1,1,1.0,2.0,A29 - PK 24+600,"49,4825191185","0,2632082999",,76.076533,76533,Seine-Maritime,28.0,Normandie,110.0,1.0,3.0,2,1.0,28,Normandie,76,2,16,RogervilLe1706,19,1725,,2.0,15,,0.0,0.0,4.0,11.0
202200032430,1.0,1,4,2,0.0,1.0,0.0,0,-1.0,1996.0,A01,19,7,2022,19:23,1,76.0,76666,1,1,1.0,7.0,Route de Gaillefontaine,"49,5822020000","1,6311750000",,76.076666,76666,Seine-Maritime,28.0,Normandie,80.0,3.0,2.0,2,1.0,28,Normandie,76,1,12,Saumont-la-Poterie,414,16,430.0,2.0,7,,9.0,0.0,1.0,1.0
202200032618,1.0,1,1,2,0.0,1.0,-1.0, -1,-1.0,1942.0,A01,2,3,2022,16:30,1,76.0,76681,2,3,1.0,3.0,Rue Pierre Corneille,"49,4194688837","1,0949890316",,76.076681,76681,Seine-Maritime,28.0,Normandie,30.0,7.0,2.0,2,1.0,28,Normandie,76,3,99,Sotteville-lès-Rouen,28965,475,29440.0,3.0,7,,0.0,2.0,3.0,26.0
202200032618,1.0,1,4,2,0.0,1.0,-1.0, -1,-1.0,1999.0,B01,2,3,2022,16:30,1,76.0,76681,2,3,1.0,3.0,Rue Pierre Corneille,"49,4194688837","1,0949890316",,76.076681,76681,Seine-Maritime,28.0,Normandie,30.0,7.0,2.0,2,1.0,28,Normandie,76,3,99,Sotteville-lès-Rouen,28965,475,29440.0,3.0,7,,0.0,2.0,2.0,26.0
202200032845,1.0,1,1,2,1.0,1.0,-1.0, -1,-1.0,1968.0,A01,1,3,2022,21:40,5,76.0,76575,2,6,2.0,7.0,Avenue du Val l'Abbé,"49,3803400000","1,1008090000",,76.076575,76575,Seine-Maritime,28.0,Normandie,50.0,7.0,1.0,2,2.0,28,Normandie,76,3,98,Saint-Étienne-du-Rouvray,28508,225,28733.0,0.0,7,,0.0,0.0,0.0,9.0
202200032845,1.0,1,3,2,1.0,8.0,-1.0, -1,-1.0,1977.0,B01,1,3,2022,21:40,5,76.0,76575,2,6,2.0,7.0,Avenue du Val l'Abbé,"49,3803400000","1,1008090000",,76.076575,76575,Seine-Maritime,28.0,Normandie,50.0,7.0,1.0,2,2.0,28,Normandie,76,3,98,Saint-Étienne-du-Rouvray,28508,225,28733.0,0.0,1,,0.0,0.0,0.0,1.0
202200032847,1.0,1,3,1,0.0,1.0,-1.0, -1,-1.0,1983.0,A01,23,2,2022,04:35,3,76.0,76108,2,1,2.0,7.0,Chemin de la Breteque,"49,4823888898","1,1089076847",,76.076108,76108,Seine-Maritime,28.0,Normandie,30.0,7.0,2.0,2,2.0,28,Normandie,76,3,2,Bois-Guillaume,14262,361,14623.0,1.0,7,,0.0,0.0,9.0,1.0
202200032918,1.0,1,3,1,5.0,1.0,0.0,0,-1.0,2001.0,A01,28,8,2022,03:30,3,76.0,76566,2,1,1.0,7.0,Route du Hameau Gris,"49,6035770000","0,9720970000",,76.076566,76566,Seine-Maritime,28.0,Normandie,80.0,3.0,2.0,2,1.0,28,Normandie,76,3,24,Sainte-Austreberthe,665,6,671.0,2.0,7,,2.0,0.0,1.0,15.0
202200032918,2.0,2,3,2,5.0,1.0,0.0,0,-1.0,2002.0,A01,28,8,2022,03:30,3,76.0,76566,2,1,1.0,7.0,Route du Hameau Gris,"49,6035770000","0,9720970000",,76.076566,76566,Seine-Maritime,28.0,Normandie,80.0,3.0,2.0,2,1.0,28,Normandie,76,3,24,Sainte-Austreberthe,665,6,671.0,2.0,7,,2.0,0.0,1.0,15.0
202200032951,1.0,1,1,-1,-1.0,-1.0,-1.0, -1,-1.0,,Z01,21,1,2022,11:15,1,76.0,76540,2,1,1.0,6.0,Rue Saint Nicaise,"49,4448100000","1,1032800000",,76.076540,76540,Seine-Maritime,28.0,Normandie,50.0,4.0,1.0,1,1.0,28,Normandie,76,3,97,Rouen,114083,1556,115639.0,0.0,10,,0.0,1.0,4.0,4.0
202200032951,10.0,3,4,1,5.0,8.0,1.0,3,1.0,1956.0,Z01,21,1,2022,11:15,1,76.0,76540,2,1,1.0,6.0,Rue Saint Nicaise,"49,4448100000","1,1032800000",,76.076540,76540,Seine-Maritime,28.0,Normandie,50.0,4.0,1.0,1,1.0,28,Normandie,76,3,97,Rouen,114083,1556,115639.0,0.0,10,,0.0,1.0,4.0,4.0
202200032954,1.0,1,1,1,0.0,1.0,-1.0, -1,-1.0,1982.0,A01,20,1,2022,13:50,1,76.0,76351,2,3,1.0,3.0,CHARLES VICTOIRE (rue),"49,5262400000","0,1212600000",,76.076351,76351,Seine-Maritime,28.0,Normandie,50.0,4.0,2.0,2,1.0,28,Normandie,76,2,96,LeHavre,166058,1780,167838.0,3.0,7,,0.0,2.0,1.0,0.0
202200032954,1.0,1,1,2,0.0,1.0,-1.0, -1,-1.0,1995.0,B01,20,1,2022,13:50,1,76.0,76351,2,3,1.0,3.0,CHARLES VICTOIRE (rue),"49,5262400000","0,1212600000",,76.076351,76351,Seine-Maritime,28.0,Normandie,50.0,4.0,2.0,2,1.0,28,Normandie,76,2,96,LeHavre,166058,1780,167838.0,3.0,7,,0.0,2.0,3.0,0.0
202200032954,2.0,2,3,2,0.0,1.0,-1.0, -1,-1.0,1988.0,B01,20,1,2022,13:50,1,76.0,76351,2,3,1.0,3.0,CHARLES VICTOIRE (rue),"49,5262400000","0,1212600000",,76.076351,76351,Seine-Maritime,28.0,Normandie,50.0,4.0,2.0,2,1.0,28,Normandie,76,2,96,LeHavre,166058,1780,167838.0,3.0,7,,0.0,2.0,3.0,0.0
202200033006,10.0,3,3,2,5.0,0.0,4.0,3,1.0,1933.0,A01,26,8,2022,10:40,1,76.0,76296,2,2,1.0,6.0,1 Route de Rogerville,"49,5183300000","0,2640100000",,76.076296,76296,Seine-Maritime,28.0,Normandie,50.0,3.0,2.0,2,1.0,28,Normandie,76,2,16,GainnevilLe2511,39,2550,,1.0,7,,0.0,1.0,3.0,16.0
202200033006,1.0,1,1,1,3.0,1.0,-1.0, -1,-1.0,1949.0,A01,26,8,2022,10:40,1,76.0,76296,2,2,1.0,6.0,1 Route de Rogerville,"49,5183300000","0,2640100000",,76.076296,76296,Seine-Maritime,28.0,Normandie,50.0,3.0,2.0,2,1.0,28,Normandie,76,2,16,GainnevilLe2511,39,2550,,1.0,7,,0.0,1.0,3.0,16.0
202200033058,1.0,1,3,1,5.0,1.0,0.0,0,-1.0,1948.0,A01,11,4,2022,14:30,1,76.0,76101,1,1,1.0,6.0,echangeur 5 A28,"49,9288890000","1,6402140000",,76.076101,76101,Seine-Maritime,28.0,Normandie,30.0,1.0,1.0,1,1.0,28,Normandie,76,1,10,Blangy-sur-BresLe2862,28,2890,,1.0,7,,4.0,0.0,8.0,16.0
202200033082,1.0,1,3,1,5.0,8.0,0.0,0,-1.0,1995.0,A01,12,4,2022,17:45,1,76.0,76739,1,1,1.0,7.0,RD49,"49,8384250000","1,7157980000",,76.076739,76739,Seine-Maritime,28.0,Normandie,80.0,3.0,2.0,2,1.0,28,Normandie,76,1,12,Vieux-Rouen-sur-BresLe573,6,579,,1.0,7,,15.0,0.0,1.0,1.0
202200033104,1.0,1,4,2,0.0,8.0,-1.0, -1,-1.0,1989.0,B01,17,6,2022,19:45,2,76.0,76540,2,3,7.0,3.0,Rue de la Republique,"49,4380700000","1,0966300000",,76.076540,76540,Seine-Maritime,28.0,Normandie,50.0,4.0,2.0,1,1.0,28,Normandie,76,3,97,Rouen,114083,1556,115639.0,3.0,1,,0.0,2.0,0.0,1.0
202200033104,1.0,1,1,1,0.0,1.0,-1.0, -1,-1.0,1983.0,A01,17,6,2022,19:45,2,76.0,76540,2,3,7.0,3.0,Rue de la Republique,"49,4380700000","1,0966300000",,76.076540,76540,Seine-Maritime,28.0,Normandie,50.0,4.0,2.0,1,1.0,28,Normandie,76,3,97,Rouen,114083,1556,115639.0,3.0,7,,0.0,9.0,1.0,1.0
202200033381,1.0,1,4,2,5.0,1.0,-1.0, -1,-1.0,2000.0,A01,1,1,2022,02:45,5,76.0,76540,2,2,1.0,3.0,Rue de Bapeaume,"49,4527975868","1,0566276311",,76.076540,76540,Seine-Maritime,28.0,Normandie,50.0,7.0,2.0,3,1.0,28,Normandie,76,3,97,Rouen,114083,1556,115639.0,3.0,7,,0.0,2.0,6.0,19.0
202200033381,1.0,1,1,-1,-1.0,-1.0,-1.0, -1,-1.0,,B01,1,1,2022,02:45,5,76.0,76540,2,2,1.0,3.0,Rue de Bapeaume,"49,4527975868","1,0566276311",,76.076540,76540,Seine-Maritime,28.0,Normandie,50.0,7.0,2.0,3,1.0,28,Normandie,76,3,97,Rouen,114083,1556,115639.0,3.0,7,,0.0,2.0,1.0,0.0
202200033427,1.0,1,4,2,4.0,1.0,0.0,0,-1.0,1994.0,A01,11,4,2022,10:40,1,76.0,76748,1,1,1.0,7.0,Route de Crosville,"49,8122000000","0,6288390000",,76.076748,76748,Seine-Maritime,28.0,Normandie,80.0,3.0,2.0,2,1.0,28,Normandie,76,1,33,Vittefleur,657,8,665.0,1.0,7,,13.0,0.0,1.0,14.0
202200033657,2.0,2,4,1,5.0,1.0,0.0,0,-1.0,1997.0,A01,6,11,2022,12:00,1,76.0,76560,1,1,3.0,7.0,D7,"49,4124880000","1,1734560000",,76.076560,76560,Seine-Maritime,28.0,Normandie,80.0,7.0,2.0,2,2.0,28,Normandie,76,3,6,Saint-Aubin-Épinay,1019,18,1037.0,1.0,7,,13.0,0.0,0.0,1.0