Num_Acc,place,catu,grav,sexe,trajet,secu,locp,actp,etatp,an_nais,num_veh,jour,mois,an,hrmn,lum,dep,com,agg,int,atm,col,adr,lat,long,gps,com_insee_temp,com_insee,departmentName,regionCode,regionName,vma,catr,circ,nbv,surf,Code,Region,Departement,Arrondissement,Code_Canton,Nom_Commune,Population_municipaLe,Population_comptee_a_part,Population_Totale,senc,catv,occutc,obs,obsm,choc,manv
202200033657,1.0,1,3,2,5.0,1.0,0.0,0,-1.0,1998.0,A01,6,11,2022,12:00,1,76.0,76560,1,1,3.0,7.0,D7,"49,4124880000","1,1734560000",,76.076560,76560,Seine-Maritime,28.0,Normandie,80.0,7.0,2.0,2,2.0,28,Normandie,76,3,6,Saint-Aubin-Épinay,1019,18,1037.0,1.0,7,,13.0,0.0,0.0,1.0
202200033902,1.0,1,4,1,5.0,2.0,0.0,0,-1.0,1964.0,A01,18,5,2022,16:05,1,76.0,76684,1,6,1.0,2.0,D982,"49,4824120000","0,4421890000",,76.076684,76684,Seine-Maritime,28.0,Normandie,-1.0,3.0,1.0,1,1.0,28,Normandie,76,2,3,TancarvilLe1218,24,1242,,2.0,33,,0.0,2.0,4.0,1.0
202200033902,1.0,1,1,1,5.0,8.0,0.0,0,-1.0,1965.0,B01,18,5,2022,16:05,1,76.0,76684,1,6,1.0,2.0,D982,"49,4824120000","0,4421890000",,76.076684,76684,Seine-Maritime,28.0,Normandie,-1.0,3.0,1.0,1,1.0,28,Normandie,76,2,3,TancarvilLe1218,24,1242,,2.0,7,,0.0,2.0,3.0,1.0
202200033969,1.0,1,4,1,0.0,8.0,-1.0, -1,-1.0,1977.0,A01,16,5,2022,20:50,1,76.0,76351,2,1,1.0,7.0,ARISTIDE BRIAND,"49,5000600000","0,1313900000",,76.076351,76351,Seine-Maritime,28.0,Normandie,50.0,4.0,2.0,2,1.0,28,Normandie,76,2,96,LeHavre,166058,1780,167838.0,2.0,1,,12.0,0.0,0.0,0.0
202200034086,1.0,1,2,2,5.0,8.0,0.0,0,-1.0,1981.0,A01,1,10,2022,20:56,4,76.0,76705,1,1,1.0,7.0,A13,"49,3298590000","1,0863480000",,76.076705,76705,Seine-Maritime,28.0,Normandie,110.0,1.0,3.0,7,1.0,28,Normandie,76,3,5,Tourville-la-Rivière,2568,19,2587.0,2.0,7,,0.0,0.0,0.0,0.0
202200034108,1.0,1,1,1,4.0,8.0,0.0,0,-1.0,1999.0,B01,8,12,2022,12:00,1,76.0,76540,2,2,1.0,3.0,Route du Havre,"49,4504100000","1,0592100000",,76.076540,76540,Seine-Maritime,28.0,Normandie,50.0,7.0,2.0,2,1.0,28,Normandie,76,3,97,Rouen,114083,1556,115639.0,3.0,37,2.0,0.0,2.0,7.0,1.0
202200034108,7.0,2,4,2,0.0,8.0,0.0,0,-1.0,1988.0,B01,8,12,2022,12:00,1,76.0,76540,2,2,1.0,3.0,Route du Havre,"49,4504100000","1,0592100000",,76.076540,76540,Seine-Maritime,28.0,Normandie,50.0,7.0,2.0,2,1.0,28,Normandie,76,3,97,Rouen,114083,1556,115639.0,3.0,37,2.0,0.0,2.0,7.0,1.0
202200034108,1.0,1,1,1,4.0,8.0,0.0,0,-1.0,1965.0,A01,8,12,2022,12:00,1,76.0,76540,2,2,1.0,3.0,Route du Havre,"49,4504100000","1,0592100000",,76.076540,76540,Seine-Maritime,28.0,Normandie,50.0,7.0,2.0,2,1.0,28,Normandie,76,3,97,Rouen,114083,1556,115639.0,3.0,20,,0.0,2.0,1.0,19.0
202200034110,1.0,1,1,1,1.0,1.0,0.0,0,-1.0,1991.0,A01,7,12,2022,13:00,1,76.0,76351,2,1,1.0,2.0,THEOPHILE GAUTIER,"49,5143400000","0,0908500000",,76.076351,76351,Seine-Maritime,28.0,Normandie,50.0,4.0,2.0,2,1.0,28,Normandie,76,2,96,LeHavre,166058,1780,167838.0,1.0,7,,0.0,2.0,1.0,1.0
202200034110,1.0,1,1,1,4.0,1.0,0.0,0,-1.0,1973.0,B01,7,12,2022,13:00,1,76.0,76351,2,1,1.0,2.0,THEOPHILE GAUTIER,"49,5143400000","0,0908500000",,76.076351,76351,Seine-Maritime,28.0,Normandie,50.0,4.0,2.0,2,1.0,28,Normandie,76,2,96,LeHavre,166058,1780,167838.0,1.0,20,,0.0,2.0,4.0,1.0
202200034110,3.0,2,4,1,4.0,8.0,0.0,0,-1.0,2000.0,B01,7,12,2022,13:00,1,76.0,76351,2,1,1.0,2.0,THEOPHILE GAUTIER,"49,5143400000","0,0908500000",,76.076351,76351,Seine-Maritime,28.0,Normandie,50.0,4.0,2.0,2,1.0,28,Normandie,76,2,96,LeHavre,166058,1780,167838.0,1.0,20,,0.0,2.0,4.0,1.0
202200034112,1.0,1,1,1,0.0,1.0,0.0,0,-1.0,1981.0,A01,7,12,2022,09:30,2,76.0,76351,2,2,2.0,1.0,IRENE JOLIOT CURIE (RUE),"49,5224000000","0,1047000000",,76.076351,76351,Seine-Maritime,28.0,Normandie,50.0,4.0,2.0,2,2.0,28,Normandie,76,2,96,LeHavre,166058,1780,167838.0,2.0,7,,0.0,2.0,3.0,17.0
202200034112,1.0,1,3,1,0.0,2.0,0.0,0,-1.0,1962.0,B01,7,12,2022,09:30,2,76.0,76351,2,2,2.0,1.0,IRENE JOLIOT CURIE (RUE),"49,5224000000","0,1047000000",,76.076351,76351,Seine-Maritime,28.0,Normandie,50.0,4.0,2.0,2,2.0,28,Normandie,76,2,96,LeHavre,166058,1780,167838.0,1.0,31,,0.0,2.0,1.0,1.0
202200034208,2.0,2,1,1,2.0,1.0,0.0,0,-1.0,2003.0,A01,30,9,2022,16:30,1,76.0,76517,1,1,1.0,6.0,A28,"49,5309600000","1,2075520000",,76.076517,76517,Seine-Maritime,28.0,Normandie,110.0,1.0,1.0,2,1.0,28,Normandie,76,3,2,Quincampoix,3110,68,3178.0,1.0,7,,4.0,0.0,1.0,1.0
202200034208,9.0,2,1,2,2.0,1.0,0.0,0,-1.0,2003.0,A01,30,9,2022,16:30,1,76.0,76517,1,1,1.0,6.0,A28,"49,5309600000","1,2075520000",,76.076517,76517,Seine-Maritime,28.0,Normandie,110.0,1.0,1.0,2,1.0,28,Normandie,76,3,2,Quincampoix,3110,68,3178.0,1.0,7,,4.0,0.0,1.0,1.0
202200034208,7.0,2,3,1,2.0,1.0,0.0,0,-1.0,2000.0,A01,30,9,2022,16:30,1,76.0,76517,1,1,1.0,6.0,A28,"49,5309600000","1,2075520000",,76.076517,76517,Seine-Maritime,28.0,Normandie,110.0,1.0,1.0,2,1.0,28,Normandie,76,3,2,Quincampoix,3110,68,3178.0,1.0,7,,4.0,0.0,1.0,1.0
202200034208,1.0,1,1,1,2.0,1.0,0.0,0,-1.0,2002.0,A01,30,9,2022,16:30,1,76.0,76517,1,1,1.0,6.0,A28,"49,5309600000","1,2075520000",,76.076517,76517,Seine-Maritime,28.0,Normandie,110.0,1.0,1.0,2,1.0,28,Normandie,76,3,2,Quincampoix,3110,68,3178.0,1.0,7,,4.0,0.0,1.0,1.0
202200034259,1.0,1,2,2,0.0,8.0,0.0,0,-1.0,2000.0,A01,10,12,2022,00:45,3,76.0,76751,1,1,4.0,6.0,1627 Route de Bolbec,"49,6258800000","0,5188530000",,76.076751,76751,Seine-Maritime,28.0,Normandie,80.0,3.0,2.0,2,7.0,28,Normandie,76,2,33,Yébleron,1278,15,1293.0,3.0,7,,2.0,0.0,2.0,1.0
202200034277,2.0,2,4,2,5.0,1.0,0.0,0,-1.0,1981.0,C01,10,12,2022,19:20,3,76.0,76196,1,4,1.0,5.0,d139,"49,6427830000","0,2556040000",,76.076196,76196,Seine-Maritime,28.0,Normandie,80.0,3.0,2.0,2,1.0,28,Normandie,76,2,26,Criquetot-l'Esneval,2567,82,2649.0,1.0,7,,0.0,2.0,1.0,1.0
202200034277,1.0,1,3,1,5.0,1.0,0.0,0,-1.0,1975.0,C01,10,12,2022,19:20,3,76.0,76196,1,4,1.0,5.0,d139,"49,6427830000","0,2556040000",,76.076196,76196,Seine-Maritime,28.0,Normandie,80.0,3.0,2.0,2,1.0,28,Normandie,76,2,26,Criquetot-l'Esneval,2567,82,2649.0,1.0,7,,0.0,2.0,1.0,1.0
202200034277,1.0,1,3,1,5.0,0.0,0.0,0,-1.0,1999.0,B01,10,12,2022,19:20,3,76.0,76196,1,4,1.0,5.0,d139,"49,6427830000","0,2556040000",,76.076196,76196,Seine-Maritime,28.0,Normandie,80.0,3.0,2.0,2,1.0,28,Normandie,76,2,26,Criquetot-l'Esneval,2567,82,2649.0,2.0,7,,0.0,2.0,1.0,1.0
202200034277,2.0,2,2,2,5.0,1.0,0.0,0,-1.0,2000.0,B01,10,12,2022,19:20,3,76.0,76196,1,4,1.0,5.0,d139,"49,6427830000","0,2556040000",,76.076196,76196,Seine-Maritime,28.0,Normandie,80.0,3.0,2.0,2,1.0,28,Normandie,76,2,26,Criquetot-l'Esneval,2567,82,2649.0,2.0,7,,0.0,2.0,1.0,1.0
202200034277,1.0,1,3,1,5.0,1.0,0.0,0,-1.0,1941.0,A01,10,12,2022,19:20,3,76.0,76196,1,4,1.0,5.0,d139,"49,6427830000","0,2556040000",,76.076196,76196,Seine-Maritime,28.0,Normandie,80.0,3.0,2.0,2,1.0,28,Normandie,76,2,26,Criquetot-l'Esneval,2567,82,2649.0,1.0,7,,0.0,0.0,5.0,15.0
202200034365,1.0,1,1,2,0.0,1.0,0.0,0,-1.0,1956.0,A01,5,12,2022,08:45,1,76.0,76351,2,2,1.0,6.0,INGOUVILLE (RUE),"49,4974800000","0,1093800000",,76.076351,76351,Seine-Maritime,28.0,Normandie,50.0,4.0,2.0,4,1.0,28,Normandie,76,2,96,LeHavre,166058,1780,167838.0,2.0,7,,0.0,1.0,1.0,0.0
202200034365,10.0,3,4,2,0.0,0.0,4.0,3,2.0,2017.0,A01,5,12,2022,08:45,1,76.0,76351,2,2,1.0,6.0,INGOUVILLE (RUE),"49,4974800000","0,1093800000",,76.076351,76351,Seine-Maritime,28.0,Normandie,50.0,4.0,2.0,4,1.0,28,Normandie,76,2,96,LeHavre,166058,1780,167838.0,2.0,7,,0.0,1.0,1.0,0.0
202200034391,7.0,2,4,2,5.0,1.0,0.0,0,-1.0,2015.0,A01,17,7,2022,11:45,1,76.0,76125,1,1,1.0,1.0,D151,"49,6362700000","1,1730400000",,76.076125,76125,Seine-Maritime,28.0,Normandie,80.0,3.0,2.0,2,1.0,28,Normandie,76,3,23,Bosc-le-Hard,1579,18,1597.0,0.0,7,,0.0,2.0,3.0,13.0
202200034391,9.0,2,4,2,5.0,1.0,0.0,0,-1.0,2012.0,A01,17,7,2022,11:45,1,76.0,76125,1,1,1.0,1.0,D151,"49,6362700000","1,1730400000",,76.076125,76125,Seine-Maritime,28.0,Normandie,80.0,3.0,2.0,2,1.0,28,Normandie,76,3,23,Bosc-le-Hard,1579,18,1597.0,0.0,7,,0.0,2.0,3.0,13.0
202200034391,1.0,1,3,2,5.0,1.0,0.0,0,-1.0,1987.0,A01,17,7,2022,11:45,1,76.0,76125,1,1,1.0,1.0,D151,"49,6362700000","1,1730400000",,76.076125,76125,Seine-Maritime,28.0,Normandie,80.0,3.0,2.0,2,1.0,28,Normandie,76,3,23,Bosc-le-Hard,1579,18,1597.0,0.0,7,,0.0,2.0,3.0,13.0
202200034391,1.0,1,3,2,0.0,1.0,0.0,0,-1.0,1956.0,B01,17,7,2022,11:45,1,76.0,76125,1,1,1.0,1.0,D151,"49,6362700000","1,1730400000",,76.076125,76125,Seine-Maritime,28.0,Normandie,80.0,3.0,2.0,2,1.0,28,Normandie,76,3,23,Bosc-le-Hard,1579,18,1597.0,0.0,7,,3.0,2.0,3.0,1.0
202200034505,1.0,1,3,1,5.0,8.0,-1.0, -1,-1.0,1939.0,A01,15,7,2022,16:05,1,76.0,76540,2,3,1.0,6.0,Rue des Carmes,"49,4414100000","1,0943800000",,76.076540,76540,Seine-Maritime,28.0,Normandie,5.0,4.0,2.0,2,1.0,28,Normandie,76,3,97,Rouen,114083,1556,115639.0,3.0,7,,6.0,0.0,1.0,1.0
202200034505,2.0,2,2,2,5.0,8.0,-1.0, -1,-1.0,1943.0,A01,15,7,2022,16:05,1,76.0,76540,2,3,1.0,6.0,Rue des Carmes,"49,4414100000","1,0943800000",,76.076540,76540,Seine-Maritime,28.0,Normandie,5.0,4.0,2.0,2,1.0,28,Normandie,76,3,97,Rouen,114083,1556,115639.0,3.0,7,,6.0,0.0,1.0,1.0
202200034505,10.0,3,3,2,0.0,0.0,9.0,B,1.0,1986.0,A01,15,7,2022,16:05,1,76.0,76540,2,3,1.0,6.0,Rue des Carmes,"49,4414100000","1,0943800000",,76.076540,76540,Seine-Maritime,28.0,Normandie,5.0,4.0,2.0,2,1.0,28,Normandie,76,3,97,Rouen,114083,1556,115639.0,3.0,7,,6.0,0.0,1.0,1.0
202200034668,1.0,1,4,1,4.0,1.0,0.0,0,-1.0,2001.0,A01,26,8,2022,13:00,1,76.0,76648,1,2,1.0,7.0,D12,"49,6550020000","1,2723650000",,76.076648,76648,Seine-Maritime,28.0,Normandie,80.0,3.0,2.0,2,1.0,28,Normandie,76,1,23,Saint-Saëns,2317,20,2337.0,1.0,13,,12.0,0.0,7.0,15.0
202200034826,1.0,1,4,2,0.0,2.0,-1.0, -1,-1.0,1983.0,B01,28,2,2022,19:45,4,76.0,76540,2,1,1.0,2.0,N338 - Sud 3,"49,4349000000","1,0738700000",,76.076540,76540,Seine-Maritime,28.0,Normandie,50.0,2.0,3.0,3,1.0,28,Normandie,76,3,97,Rouen,114083,1556,115639.0,2.0,33,,0.0,2.0,1.0,1.0
202200034826,1.0,1,1,1,4.0,1.0,-1.0, -1,-1.0,1990.0,A01,28,2,2022,19:45,4,76.0,76540,2,1,1.0,2.0,N338 - Sud 3,"49,4349000000","1,0738700000",,76.076540,76540,Seine-Maritime,28.0,Normandie,50.0,2.0,3.0,3,1.0,28,Normandie,76,3,97,Rouen,114083,1556,115639.0,2.0,7,,0.0,2.0,4.0,12.0
202200034830,10.0,3,4,2,0.0,0.0,3.0,3,1.0,1975.0,A01,26,2,2022,17:25,1,76.0,76351,2,2,1.0,6.0,TOURNEVILLE (DE),"49,5003800000","0,1226100000",,76.076351,76351,Seine-Maritime,28.0,Normandie,30.0,4.0,1.0,1,1.0,28,Normandie,76,2,96,LeHavre,166058,1780,167838.0,0.0,7,,0.0,1.0,1.0,1.0
202200034830,1.0,1,1,2,0.0,1.0,-1.0, -1,-1.0,1990.0,A01,26,2,2022,17:25,1,76.0,76351,2,2,1.0,6.0,TOURNEVILLE (DE),"49,5003800000","0,1226100000",,76.076351,76351,Seine-Maritime,28.0,Normandie,30.0,4.0,1.0,1,1.0,28,Normandie,76,2,96,LeHavre,166058,1780,167838.0,0.0,7,,0.0,1.0,1.0,1.0
202200034986,1.0,1,1,1,4.0,1.0,0.0,0,-1.0,1995.0,B01,13,1,2022,07:20,3,76.0,76484,1,1,5.0,2.0,A13,"49,3363820000","1,0751530000",,76.076484,76484,Seine-Maritime,28.0,Normandie,110.0,1.0,3.0,7,1.0,28,Normandie,76,3,31,Oissel,12367,83,12450.0,1.0,17,,0.0,0.0,4.0,1.0
202200034986,1.0,1,3,1,4.0,1.0,0.0,0,-1.0,1999.0,A01,13,1,2022,07:20,3,76.0,76484,1,1,5.0,2.0,A13,"49,3363820000","1,0751530000",,76.076484,76484,Seine-Maritime,28.0,Normandie,110.0,1.0,3.0,7,1.0,28,Normandie,76,3,31,Oissel,12367,83,12450.0,1.0,17,,0.0,2.0,1.0,2.0
202200035125,1.0,1,1,2,5.0,1.0,-1.0, -1,-1.0,1996.0,B01,17,4,2022,22:15,5,76.0,76216,1,1,1.0,2.0,A150,"49,4551078489","1,0517169535",,76.076216,76216,Seine-Maritime,28.0,Normandie,90.0,1.0,3.0,4,1.0,28,Normandie,76,3,22,Déville-lès-Rouen,10745,62,10807.0,1.0,7,,3.0,2.0,6.0,11.0
202200035125,1.0,1,4,1,1.0,2.0,-1.0, -1,-1.0,1998.0,A01,17,4,2022,22:15,5,76.0,76216,1,1,1.0,2.0,A150,"49,4551078489","1,0517169535",,76.076216,76216,Seine-Maritime,28.0,Normandie,90.0,1.0,3.0,4,1.0,28,Normandie,76,3,22,Déville-lès-Rouen,10745,62,10807.0,1.0,33,,3.0,2.0,1.0,17.0
202200035164,1.0,1,3,1,5.0,0.0,0.0,0,-1.0,2008.0,B01,26,8,2022,15:30,1,76.0,76315,1,2,1.0,2.0,Route de Fauville,"49,7583910000","0,6170390000",,76.076315,76315,Seine-Maritime,28.0,Normandie,80.0,3.0,2.0,2,1.0,28,Normandie,76,1,33,Grainville-la-Teinturière,1072,18,1090.0,2.0,1,,0.0,2.0,4.0,15.0
202200035164,1.0,1,1,1,9.0,1.0,0.0,0,-1.0,1994.0,A01,26,8,2022,15:30,1,76.0,76315,1,2,1.0,2.0,Route de Fauville,"49,7583910000","0,6170390000",,76.076315,76315,Seine-Maritime,28.0,Normandie,80.0,3.0,2.0,2,1.0,28,Normandie,76,1,33,Grainville-la-Teinturière,1072,18,1090.0,2.0,7,,0.0,9.0,2.0,17.0
202200035276,1.0,1,4,2,1.0,1.0,0.0,0,-1.0,1991.0,A01,26,2,2022,07:50,2,76.0,76489,1,1,5.0,6.0,N1029,"49,4735340000","0,2699380000",,76.076489,76489,Seine-Maritime,28.0,Normandie,90.0,2.0,3.0,4,7.0,28,Normandie,76,2,32,OudalLe479,12,491,,1.0,7,,3.0,0.0,6.0,1.0
202200035346,2.0,2,4,2,0.0,1.0,-1.0, -1,-1.0,1936.0,C01,8,4,2022,14:40,1,76.0,76410,1,1,3.0,5.0,Cote de la Valette,"49,4882300000","1,0300200000",,76.076410,76410,Seine-Maritime,28.0,Normandie,80.0,7.0,2.0,2,2.0,28,Normandie,76,3,4,Maromme,11024,122,11146.0,1.0,7,,0.0,2.0,6.0,0.0
202200035346,3.0,2,4,2,0.0,1.0,-1.0, -1,-1.0,1936.0,C01,8,4,2022,14:40,1,76.0,76410,1,1,3.0,5.0,Cote de la Valette,"49,4882300000","1,0300200000",,76.076410,76410,Seine-Maritime,28.0,Normandie,80.0,7.0,2.0,2,2.0,28,Normandie,76,3,4,Maromme,11024,122,11146.0,1.0,7,,0.0,2.0,6.0,0.0
202200035346,4.0,2,4,2,9.0,1.0,-1.0, -1,-1.0,2007.0,C01,8,4,2022,14:40,1,76.0,76410,1,1,3.0,5.0,Cote de la Valette,"49,4882300000","1,0300200000",,76.076410,76410,Seine-Maritime,28.0,Normandie,80.0,7.0,2.0,2,2.0,28,Normandie,76,3,4,Maromme,11024,122,11146.0,1.0,7,,0.0,2.0,6.0,0.0
202200035346,1.0,1,4,1,9.0,1.0,-1.0, -1,-1.0,1972.0,C01,8,4,2022,14:40,1,76.0,76410,1,1,3.0,5.0,Cote de la Valette,"49,4882300000","1,0300200000",,76.076410,76410,Seine-Maritime,28.0,Normandie,80.0,7.0,2.0,2,2.0,28,Normandie,76,3,4,Maromme,11024,122,11146.0,1.0,7,,0.0,2.0,6.0,0.0
202200035346,1.0,1,1,1,0.0,1.0,-1.0, -1,-1.0,1952.0,B01,8,4,2022,14:40,1,76.0,76410,1,1,3.0,5.0,Cote de la Valette,"49,4882300000","1,0300200000",,76.076410,76410,Seine-Maritime,28.0,Normandie,80.0,7.0,2.0,2,2.0,28,Normandie,76,3,4,Maromme,11024,122,11146.0,1.0,7,,0.0,2.0,6.0,1.0
202200035346,2.0,2,3,2,0.0,1.0,-1.0, -1,-1.0,1953.0,A01,8,4,2022,14:40,1,76.0,76410,1,1,3.0,5.0,Cote de la Valette,"49,4882300000","1,0300200000",,76.076410,76410,Seine-Maritime,28.0,Normandie,80.0,7.0,2.0,2,2.0,28,Normandie,76,3,4,Maromme,11024,122,11146.0,2.0,7,,0.0,2.0,9.0,13.0
202200035346,1.0,1,4,2,4.0,1.0,-1.0, -1,-1.0,1960.0,A01,8,4,2022,14:40,1,76.0,76410,1,1,3.0,5.0,Cote de la Valette,"49,4882300000","1,0300200000",,76.076410,76410,Seine-Maritime,28.0,Normandie,80.0,7.0,2.0,2,2.0,28,Normandie,76,3,4,Maromme,11024,122,11146.0,2.0,7,,0.0,2.0,9.0,13.0
202200035349,1.0,1,1,1,0.0,1.0,-1.0, -1,-1.0,1993.0,A01,7,4,2022,23:10,5,76.0,76351,2,3,1.0,6.0,VERDUN (RUE DE),"49,5020400000","0,1573100000",,76.076351,76351,Seine-Maritime,28.0,Normandie,50.0,3.0,2.0,3,1.0,28,Normandie,76,2,96,LeHavre,166058,1780,167838.0,2.0,7,,0.0,0.0,0.0,1.0
202200035349,1.0,1,4,1,0.0,1.0,-1.0, -1,-1.0,2000.0,B01,7,4,2022,23:10,5,76.0,76351,2,3,1.0,6.0,VERDUN (RUE DE),"49,5020400000","0,1573100000",,76.076351,76351,Seine-Maritime,28.0,Normandie,50.0,3.0,2.0,3,1.0,28,Normandie,76,2,96,LeHavre,166058,1780,167838.0,2.0,7,,15.0,0.0,0.0,15.0
202200035349,2.0,2,4,2,0.0,1.0,-1.0, -1,-1.0,2002.0,B01,7,4,2022,23:10,5,76.0,76351,2,3,1.0,6.0,VERDUN (RUE DE),"49,5020400000","0,1573100000",,76.076351,76351,Seine-Maritime,28.0,Normandie,50.0,3.0,2.0,3,1.0,28,Normandie,76,2,96,LeHavre,166058,1780,167838.0,2.0,7,,15.0,0.0,0.0,15.0
202200035351,1.0,1,1,1,0.0,1.0,-1.0, -1,-1.0,1979.0,B01,7,4,2022,14:30,1,76.0,76341,2,1,1.0,1.0,LUCIE AUBRAC (RUE),"49,5068400000","0,2059500000",,76.076341,76341,Seine-Maritime,28.0,Normandie,50.0,4.0,2.0,2,1.0,28,Normandie,76,2,15,Harfleur,8315,53,8368.0,2.0,7,,0.0,2.0,3.0,0.0
202200035351,4.0,2,4,2,5.0,1.0,-1.0, -1,-1.0,2005.0,A01,7,4,2022,14:30,1,76.0,76341,2,1,1.0,1.0,LUCIE AUBRAC (RUE),"49,5068400000","0,2059500000",,76.076341,76341,Seine-Maritime,28.0,Normandie,50.0,4.0,2.0,2,1.0,28,Normandie,76,2,15,Harfleur,8315,53,8368.0,1.0,7,,0.0,2.0,3.0,0.0
202200035351,1.0,1,1,2,5.0,1.0,-1.0, -1,-1.0,2001.0,A01,7,4,2022,14:30,1,76.0,76341,2,1,1.0,1.0,LUCIE AUBRAC (RUE),"49,5068400000","0,2059500000",,76.076341,76341,Seine-Maritime,28.0,Normandie,50.0,4.0,2.0,2,1.0,28,Normandie,76,2,15,Harfleur,8315,53,8368.0,1.0,7,,0.0,2.0,3.0,0.0
202200035580,10.0,3,2,2,5.0,0.0,1.0,4,1.0,1929.0,A01,3,11,2022,10:25,1,76.0,76540,2,1,1.0,6.0,Place du Boulingrin,"49,4471500000","1,1064300000",,76.076540,76540,Seine-Maritime,28.0,Normandie,20.0,6.0,-1.0, -1,1.0,28,Normandie,76,3,97,Rouen,114083,1556,115639.0,0.0,7,,0.0,1.0,4.0,4.0
202200035580,1.0,1,1,1,1.0,1.0,-1.0, -1,-1.0,1968.0,A01,3,11,2022,10:25,1,76.0,76540,2,1,1.0,6.0,Place du Boulingrin,"49,4471500000","1,1064300000",,76.076540,76540,Seine-Maritime,28.0,Normandie,20.0,6.0,-1.0, -1,1.0,28,Normandie,76,3,97,Rouen,114083,1556,115639.0,0.0,7,,0.0,1.0,4.0,4.0
202200035602,1.0,1,1,1,0.0,1.0,-1.0, -1,-1.0,2003.0,B01,4,11,2022,00:45,5,76.0,76540,2,2,8.0,3.0,Boulevard de l'Europe,"49,4285338193","1,0946298552",,76.076540,76540,Seine-Maritime,28.0,Normandie,50.0,4.0,2.0,4,2.0,28,Normandie,76,3,97,Rouen,114083,1556,115639.0,0.0,7,,0.0,2.0,1.0,1.0
202200035602,1.0,1,3,1,0.0,8.0,-1.0, -1,-1.0,1981.0,A01,4,11,2022,00:45,5,76.0,76540,2,2,8.0,3.0,Boulevard de l'Europe,"49,4285338193","1,0946298552",,76.076540,76540,Seine-Maritime,28.0,Normandie,50.0,4.0,2.0,4,2.0,28,Normandie,76,3,97,Rouen,114083,1556,115639.0,0.0,7,,0.0,2.0,7.0,15.0
202200035603,1.0,1,1,2,0.0,8.0,0.0,0,-1.0,1973.0,A01,3,11,2022,21:35,5,76.0,76103,2,1,1.0,3.0,Route de Paris,"49,4210500000","1,1269000000",,76.076103,76103,Seine-Maritime,28.0,Normandie,50.0,7.0,2.0,2,1.0,28,Normandie,76,3,6,Bonsecours,6455,95,6550.0,0.0,7,,0.0,2.0,6.0,20.0
202200035603,1.0,1,4,1,4.0,2.0,0.0,0,-1.0,1986.0,B01,3,11,2022,21:35,5,76.0,76103,2,1,1.0,3.0,Route de Paris,"49,4210500000","1,1269000000",,76.076103,76103,Seine-Maritime,28.0,Normandie,50.0,7.0,2.0,2,1.0,28,Normandie,76,3,6,Bonsecours,6455,95,6550.0,0.0,2,,0.0,2.0,1.0,1.0
202200035678,1.0,1,4,1,0.0,1.0,-1.0, -1,-1.0,2000.0,A01,1,11,2022,19:00,3,76.0,76481,1,1,3.0,6.0,RD 6382,"49,5329600000","0,1144300000",,76.076481,76481,Seine-Maritime,28.0,Normandie,90.0,3.0,3.0,4,2.0,28,Normandie,76,2,26,Octeville-sur-Mer,6122,119,6241.0,2.0,7,,0.0,2.0,2.0,1.0
202200035678,2.0,2,4,1,0.0,1.0,-1.0, -1,-1.0,2002.0,A01,1,11,2022,19:00,3,76.0,76481,1,1,3.0,6.0,RD 6382,"49,5329600000","0,1144300000",,76.076481,76481,Seine-Maritime,28.0,Normandie,90.0,3.0,3.0,4,2.0,28,Normandie,76,2,26,Octeville-sur-Mer,6122,119,6241.0,2.0,7,,0.0,2.0,2.0,1.0
202200035678,1.0,1,1,-1,-1.0,-1.0,-1.0, -1,-1.0,,Z01,1,11,2022,19:00,3,76.0,76481,1,1,3.0,6.0,RD 6382,"49,5329600000","0,1144300000",,76.076481,76481,Seine-Maritime,28.0,Normandie,90.0,3.0,3.0,4,2.0,28,Normandie,76,2,26,Octeville-sur-Mer,6122,119,6241.0,2.0,10,,0.0,0.0,0.0,0.0
202200035795,1.0,1,3,1,5.0,1.0,0.0,0,-1.0,1944.0,A01,17,5,2022,15:45,1,76.0,76258,1,1,1.0,6.0,A 29,"49,6299855578","0,6401935592",,76.076258,76258,Seine-Maritime,28.0,Normandie,130.0,1.0,1.0,2,1.0,28,Normandie,76,2,33,Terres-de-Caux,4208,112,4320.0,2.0,7,,3.0,0.0,2.0,2.0
202200035807,1.0,1,3,2,5.0,0.0,0.0,0,-1.0,1965.0,A01,17,5,2022,14:08,1,76.0,76641,1,1,1.0,6.0,Rue d Orimont,"49,8525110000","0,9043550000",,76.076641,76641,Seine-Maritime,28.0,Normandie,80.0,9.0,2.0,2,1.0,28,Normandie,76,1,33,Saint-Pierre-le-Vieux,194,5,199.0,0.0,1,,15.0,0.0,0.0,0.0
202200035894,1.0,1,1,1,0.0,1.0,-1.0, -1,-1.0,1999.0,A01,6,5,2022,06:20,1,76.0,76497,1,1,1.0,6.0,N138 - Sud 3,"49,3697400000","1,0420100000",,76.076497,76497,Seine-Maritime,28.0,Normandie,110.0,2.0,3.0,6,1.0,28,Normandie,76,3,13,Petit-Couronne,8688,175,8863.0,2.0,7,,0.0,2.0,0.0,11.0