Num_Acc,place,catu,grav,sexe,trajet,secu,locp,actp,etatp,an_nais,num_veh,jour,mois,an,hrmn,lum,dep,com,agg,int,atm,col,adr,lat,long,gps,com_insee_temp,com_insee,departmentName,regionCode,regionName,vma,catr,circ,nbv,surf,Code,Region,Departement,Arrondissement,Code_Canton,Nom_Commune,Population_municipaLe,Population_comptee_a_part,Population_Totale,senc,catv,occutc,obs,obsm,choc,manv
202200038446,2.0,2,4,1,0.0,1.0,-1.0, -1,-1.0,1999.0,B01,14,7,2022,21:10,1,76.0,76484,1,6,1.0,3.0,Route des Essarts,"49,3514700000","1,0286670000",,76.076484,76484,Seine-Maritime,28.0,Normandie,80.0,7.0,1.0,2,1.0,28,Normandie,76,3,31,Oissel,12367,83,12450.0,3.0,7,,0.0,2.0,2.0,1.0
202200038446,1.0,1,4,1,0.0,1.0,-1.0, -1,-1.0,1971.0,B01,14,7,2022,21:10,1,76.0,76484,1,6,1.0,3.0,Route des Essarts,"49,3514700000","1,0286670000",,76.076484,76484,Seine-Maritime,28.0,Normandie,80.0,7.0,1.0,2,1.0,28,Normandie,76,3,31,Oissel,12367,83,12450.0,3.0,7,,0.0,2.0,2.0,1.0
202200038446,1.0,1,1,1,0.0,1.0,-1.0, -1,-1.0,1966.0,A01,14,7,2022,21:10,1,76.0,76484,1,6,1.0,3.0,Route des Essarts,"49,3514700000","1,0286670000",,76.076484,76484,Seine-Maritime,28.0,Normandie,80.0,7.0,1.0,2,1.0,28,Normandie,76,3,31,Oissel,12367,83,12450.0,3.0,7,,0.0,2.0,3.0,26.0
202200038448,1.0,1,4,1,5.0,8.0,-1.0, -1,-1.0,1996.0,A01,14,7,2022,16:40,1,76.0,76497,1,1,1.0,7.0,N338 - Sud 3,"49,3910525364","1,0418002397",,76.076497,76497,Seine-Maritime,28.0,Normandie,110.0,2.0,3.0,4,9.0,28,Normandie,76,3,13,Petit-Couronne,8688,175,8863.0,1.0,99,,0.0,0.0,9.0,1.0
202200038448,2.0,2,4,1,0.0,1.0,-1.0, -1,-1.0,1991.0,A01,14,7,2022,16:40,1,76.0,76497,1,1,1.0,7.0,N338 - Sud 3,"49,3910525364","1,0418002397",,76.076497,76497,Seine-Maritime,28.0,Normandie,110.0,2.0,3.0,4,9.0,28,Normandie,76,3,13,Petit-Couronne,8688,175,8863.0,1.0,99,,0.0,0.0,9.0,1.0
202200038577,1.0,1,1,1,5.0,1.0,-1.0, -1,-1.0,1960.0,A01,23,8,2022,08:25,1,76.0,76540,2,2,1.0,3.0,Quai Pierre Corneille,"49,4381100000","1,0919300000",,76.076540,76540,Seine-Maritime,28.0,Normandie,50.0,4.0,2.0,2,1.0,28,Normandie,76,3,97,Rouen,114083,1556,115639.0,3.0,7,,0.0,2.0,1.0,15.0
202200038577,1.0,1,4,1,9.0,2.0,-1.0, -1,-1.0,1995.0,B01,23,8,2022,08:25,1,76.0,76540,2,2,1.0,3.0,Quai Pierre Corneille,"49,4381100000","1,0919300000",,76.076540,76540,Seine-Maritime,28.0,Normandie,50.0,4.0,2.0,2,1.0,28,Normandie,76,3,97,Rouen,114083,1556,115639.0,3.0,32,,0.0,2.0,8.0,1.0
202200038590,1.0,1,2,1,1.0,2.0,0.0,0,-1.0,1970.0,A01,15,7,2022,00:10,3,76.0,76615,1,1,1.0,6.0,Route de la Garenne,"49,5970610000","0,2026780000",,76.076615,76615,Seine-Maritime,28.0,Normandie,80.0,3.0,2.0,2,1.0,28,Normandie,76,2,26,Saint-Martin-du-Bec,643,24,667.0,1.0,33,,2.0,0.0,1.0,1.0
202200038994,2.0,2,1,1,0.0,1.0,-1.0, -1,-1.0,1998.0,A01,20,8,2022,15:05,1,76.0,76351,2,4,1.0,3.0,LOUIS BLANC,"49,5088200000","0,1351000000",,76.076351,76351,Seine-Maritime,28.0,Normandie,50.0,4.0,2.0,4,1.0,28,Normandie,76,2,96,LeHavre,166058,1780,167838.0,2.0,20,,0.0,2.0,1.0,16.0
202200038994,6.0,2,1,1,4.0,1.0,-1.0, -1,-1.0,2001.0,A01,20,8,2022,15:05,1,76.0,76351,2,4,1.0,3.0,LOUIS BLANC,"49,5088200000","0,1351000000",,76.076351,76351,Seine-Maritime,28.0,Normandie,50.0,4.0,2.0,4,1.0,28,Normandie,76,2,96,LeHavre,166058,1780,167838.0,2.0,20,,0.0,2.0,1.0,16.0
202200038994,1.0,1,1,1,4.0,1.0,-1.0, -1,-1.0,1965.0,A01,20,8,2022,15:05,1,76.0,76351,2,4,1.0,3.0,LOUIS BLANC,"49,5088200000","0,1351000000",,76.076351,76351,Seine-Maritime,28.0,Normandie,50.0,4.0,2.0,4,1.0,28,Normandie,76,2,96,LeHavre,166058,1780,167838.0,2.0,20,,0.0,2.0,1.0,16.0
202200038994,2.0,2,4,2,0.0,8.0,-1.0, -1,-1.0,2005.0,B01,20,8,2022,15:05,1,76.0,76351,2,4,1.0,3.0,LOUIS BLANC,"49,5088200000","0,1351000000",,76.076351,76351,Seine-Maritime,28.0,Normandie,50.0,4.0,2.0,4,1.0,28,Normandie,76,2,96,LeHavre,166058,1780,167838.0,2.0,50,,0.0,2.0,8.0,1.0
202200038994,1.0,1,4,1,5.0,8.0,-1.0, -1,-1.0,2003.0,B01,20,8,2022,15:05,1,76.0,76351,2,4,1.0,3.0,LOUIS BLANC,"49,5088200000","0,1351000000",,76.076351,76351,Seine-Maritime,28.0,Normandie,50.0,4.0,2.0,4,1.0,28,Normandie,76,2,96,LeHavre,166058,1780,167838.0,2.0,50,,0.0,2.0,8.0,1.0
202200039060,1.0,1,2,1,5.0,1.0,0.0,0,-1.0,1937.0,A01,26,2,2022,15:50,1,76.0,76113,2,3,7.0,3.0,D93,"49,5195010000","1,3568760000",,76.076113,76113,Seine-Maritime,28.0,Normandie,50.0,3.0,2.0,2,1.0,28,Normandie,76,3,21,Boissay,415,7,422.0,1.0,7,,0.0,2.0,1.0,1.0
202200039060,1.0,1,1,1,4.0,1.0,0.0,0,-1.0,1978.0,B01,26,2,2022,15:50,1,76.0,76113,2,3,7.0,3.0,D93,"49,5195010000","1,3568760000",,76.076113,76113,Seine-Maritime,28.0,Normandie,50.0,3.0,2.0,2,1.0,28,Normandie,76,3,21,Boissay,415,7,422.0,2.0,20,,0.0,2.0,8.0,15.0
202200039078,2.0,2,4,1,0.0,1.0,-1.0, -1,-1.0,2013.0,B01,14,6,2022,21:30,1,76.0,76540,2,1,7.0,1.0,Avenue de la Grand Mare,"49,4601000000","1,1330000000",,76.076540,76540,Seine-Maritime,28.0,Normandie,30.0,7.0,2.0,2,1.0,28,Normandie,76,3,97,Rouen,114083,1556,115639.0,3.0,7,,0.0,2.0,3.0,1.0
202200039078,1.0,1,1,2,0.0,1.0,-1.0, -1,-1.0,1987.0,B01,14,6,2022,21:30,1,76.0,76540,2,1,7.0,1.0,Avenue de la Grand Mare,"49,4601000000","1,1330000000",,76.076540,76540,Seine-Maritime,28.0,Normandie,30.0,7.0,2.0,2,1.0,28,Normandie,76,3,97,Rouen,114083,1556,115639.0,3.0,7,,0.0,2.0,3.0,1.0
202200039078,1.0,1,1,1,0.0,8.0,-1.0, -1,-1.0,1968.0,A01,14,6,2022,21:30,1,76.0,76540,2,1,7.0,1.0,Avenue de la Grand Mare,"49,4601000000","1,1330000000",,76.076540,76540,Seine-Maritime,28.0,Normandie,30.0,7.0,2.0,2,1.0,28,Normandie,76,3,97,Rouen,114083,1556,115639.0,3.0,7,,0.0,2.0,3.0,1.0
202200039083,1.0,1,1,2,0.0,1.0,-1.0, -1,-1.0,1966.0,B01,14,6,2022,11:25,1,76.0,76351,2,2,1.0,3.0,DENFERT ROCHEREAU (RUE),"49,4878000000","0,1382600000",,76.076351,76351,Seine-Maritime,28.0,Normandie,50.0,4.0,2.0,2,1.0,28,Normandie,76,2,96,LeHavre,166058,1780,167838.0,1.0,7,,0.0,2.0,3.0,23.0
202200039083,1.0,1,4,1,0.0,1.0,-1.0, -1,-1.0,1963.0,A01,14,6,2022,11:25,1,76.0,76351,2,2,1.0,3.0,DENFERT ROCHEREAU (RUE),"49,4878000000","0,1382600000",,76.076351,76351,Seine-Maritime,28.0,Normandie,50.0,4.0,2.0,2,1.0,28,Normandie,76,2,96,LeHavre,166058,1780,167838.0,2.0,7,,0.0,2.0,3.0,0.0
202200039085,1.0,1,2,1,1.0,2.0,-1.0, -1,-1.0,1963.0,B01,13,6,2022,13:40,1,76.0,76351,2,9,1.0,1.0,PONT VII (ROUTE DU),"49,4907600000","0,1817600000",,76.076351,76351,Seine-Maritime,28.0,Normandie,50.0,4.0,2.0,2,1.0,28,Normandie,76,2,96,LeHavre,166058,1780,167838.0,3.0,33,,0.0,2.0,3.0,1.0
202200039085,1.0,1,1,1,4.0,1.0,-1.0, -1,-1.0,1987.0,A01,13,6,2022,13:40,1,76.0,76351,2,9,1.0,1.0,PONT VII (ROUTE DU),"49,4907600000","0,1817600000",,76.076351,76351,Seine-Maritime,28.0,Normandie,50.0,4.0,2.0,2,1.0,28,Normandie,76,2,96,LeHavre,166058,1780,167838.0,3.0,14,,0.0,2.0,3.0,15.0
202200039087,1.0,1,1,1,5.0,1.0,-1.0, -1,-1.0,1984.0,A01,10,4,2022,16:20,1,76.0,76351,2,1,1.0,1.0,JULES DURAND (BD),"49,4918400000","0,1654000000",,76.076351,76351,Seine-Maritime,28.0,Normandie,50.0,3.0,2.0,2,1.0,28,Normandie,76,2,96,LeHavre,166058,1780,167838.0,1.0,7,,0.0,2.0,1.0,0.0
202200039087,1.0,1,4,2,5.0,1.0,-1.0, -1,-1.0,1990.0,B01,10,4,2022,16:20,1,76.0,76351,2,1,1.0,1.0,JULES DURAND (BD),"49,4918400000","0,1654000000",,76.076351,76351,Seine-Maritime,28.0,Normandie,50.0,3.0,2.0,2,1.0,28,Normandie,76,2,96,LeHavre,166058,1780,167838.0,2.0,7,,0.0,2.0,8.0,1.0
202200039090,1.0,1,1,1,4.0,1.0,-1.0, -1,-1.0,1977.0,A01,14,6,2022,07:18,2,76.0,76576,1,6,1.0,6.0,D6015,"49,5540780000","0,4426400000",,76.076576,76576,Seine-Maritime,28.0,Normandie,80.0,3.0,2.0,2,1.0,28,Normandie,76,2,3,Saint-Eustache-la-Forêt,1233,16,1249.0,2.0,7,,0.0,1.0,3.0,16.0
202200039090,10.0,3,4,1,0.0,0.0,3.0,3,1.0,2008.0,A01,14,6,2022,07:18,2,76.0,76576,1,6,1.0,6.0,D6015,"49,5540780000","0,4426400000",,76.076576,76576,Seine-Maritime,28.0,Normandie,80.0,3.0,2.0,2,1.0,28,Normandie,76,2,3,Saint-Eustache-la-Forêt,1233,16,1249.0,2.0,7,,0.0,1.0,3.0,16.0
202200039136,1.0,1,1,-1,-1.0,-1.0,-1.0, -1,-1.0,,A01,6,4,2022,21:55,5,76.0,76497,2,1,2.0,6.0,Rue Aristide Briand,"49,3895500000","1,0230600000",,76.076497,76497,Seine-Maritime,28.0,Normandie,50.0,7.0,2.0,2,2.0,28,Normandie,76,3,13,Petit-Couronne,8688,175,8863.0,1.0,7,,0.0,1.0,0.0,26.0
202200039136,10.0,3,4,2,9.0,0.0,0.0,0,-1.0,1960.0,A01,6,4,2022,21:55,5,76.0,76497,2,1,2.0,6.0,Rue Aristide Briand,"49,3895500000","1,0230600000",,76.076497,76497,Seine-Maritime,28.0,Normandie,50.0,7.0,2.0,2,2.0,28,Normandie,76,3,13,Petit-Couronne,8688,175,8863.0,1.0,7,,0.0,1.0,0.0,26.0
202200039185,1.0,1,3,1,0.0,8.0,-1.0, -1,-1.0,1967.0,B01,5,4,2022,17:25,1,76.0,76351,2,1,1.0,6.0,VERDUN (RUE DE),"49,5022600000","0,1848500000",,76.076351,76351,Seine-Maritime,28.0,Normandie,50.0,3.0,1.0,2,1.0,28,Normandie,76,2,96,LeHavre,166058,1780,167838.0,3.0,1,,0.0,2.0,0.0,1.0
202200039185,1.0,1,1,1,0.0,1.0,-1.0, -1,-1.0,1966.0,A01,5,4,2022,17:25,1,76.0,76351,2,1,1.0,6.0,VERDUN (RUE DE),"49,5022600000","0,1848500000",,76.076351,76351,Seine-Maritime,28.0,Normandie,50.0,3.0,1.0,2,1.0,28,Normandie,76,2,96,LeHavre,166058,1780,167838.0,3.0,7,,0.0,2.0,8.0,11.0
202200039384,1.0,1,3,1,5.0,1.0,0.0,0,-1.0,2000.0,A01,7,4,2022,00:01,3,76.0,76464,1,1,2.0,7.0,Rue de la Vente Pouchet,"49,3799280000","1,2622150000",,76.076464,76464,Seine-Maritime,28.0,Normandie,80.0,4.0,2.0,2,2.0,28,Normandie,76,3,21,La Neuville-Chant-d'Oisel,2377,38,2415.0,3.0,7,,0.0,0.0,2.0,1.0
202200039386,1.0,1,3,1,3.0,2.0,0.0,0,-1.0,1987.0,B01,1,4,2022,20:00,1,76.0,76448,2,1,1.0,2.0,Rue de la Mairie,"49,4076520000","1,2405950000",,76.076448,76448,Seine-Maritime,28.0,Normandie,30.0,4.0,2.0,2,1.0,28,Normandie,76,3,21,Montmain,1448,36,1484.0,1.0,33,,0.0,2.0,3.0,2.0
202200039386,1.0,1,1,1,3.0,1.0,0.0,0,-1.0,1992.0,A01,1,4,2022,20:00,1,76.0,76448,2,1,1.0,2.0,Rue de la Mairie,"49,4076520000","1,2405950000",,76.076448,76448,Seine-Maritime,28.0,Normandie,30.0,4.0,2.0,2,1.0,28,Normandie,76,3,21,Montmain,1448,36,1484.0,1.0,7,,0.0,0.0,5.0,15.0
202200039444,10.0,3,3,2,0.0,0.0,2.0,3,1.0,2003.0,A01,29,10,2022,05:55,5,76.0,76351,2,4,1.0,6.0,RENE PERROCHON,"49,5059600000","0,1217400000",,76.076351,76351,Seine-Maritime,28.0,Normandie,50.0,4.0,2.0,2,2.0,28,Normandie,76,2,96,LeHavre,166058,1780,167838.0,0.0,7,,0.0,1.0,1.0,1.0
202200039444,1.0,1,1,1,0.0,1.0,-1.0, -1,-1.0,1987.0,A01,29,10,2022,05:55,5,76.0,76351,2,4,1.0,6.0,RENE PERROCHON,"49,5059600000","0,1217400000",,76.076351,76351,Seine-Maritime,28.0,Normandie,50.0,4.0,2.0,2,2.0,28,Normandie,76,2,96,LeHavre,166058,1780,167838.0,0.0,7,,0.0,1.0,1.0,1.0
202200039446,1.0,1,1,2,0.0,1.0,-1.0, -1,-1.0,1980.0,B01,29,10,2022,14:00,1,76.0,76351,2,3,1.0,3.0,PAUL LUCAS,"49,4972100000","0,0959300000",,76.076351,76351,Seine-Maritime,28.0,Normandie,50.0,4.0,1.0,1,1.0,28,Normandie,76,2,96,LeHavre,166058,1780,167838.0,2.0,7,,0.0,2.0,2.0,15.0
202200039446,1.0,1,3,1,0.0,2.0,-1.0, -1,-1.0,1999.0,A01,29,10,2022,14:00,1,76.0,76351,2,3,1.0,3.0,PAUL LUCAS,"49,4972100000","0,0959300000",,76.076351,76351,Seine-Maritime,28.0,Normandie,50.0,4.0,1.0,1,1.0,28,Normandie,76,2,96,LeHavre,166058,1780,167838.0,1.0,30,,0.0,2.0,2.0,1.0
202200039837,1.0,1,4,2,1.0,1.0,0.0,0,-1.0,2002.0,A01,15,1,2022,20:45,3,76.0,76618,1,1,1.0,7.0,D113,"49,9575710000","1,2141180000",,76.076618,76618,Seine-Maritime,28.0,Normandie,80.0,3.0,2.0,2,1.0,28,Normandie,76,1,8,Petit-Caux,9625,210,9835.0,1.0,7,,13.0,0.0,0.0,1.0
202200040114,1.0,1,4,1,0.0,8.0,0.0,0,-1.0,1990.0,A01,5,12,2022,18:00,5,76.0,76322,1,1,1.0,2.0,N338 - Sud 3,"49,4125000000","1,0419000000",,76.076322,76322,Seine-Maritime,28.0,Normandie,90.0,2.0,3.0,5,1.0,28,Normandie,76,3,13,LeGrand-Quevilly,25975,225,26200.0,2.0,7,,0.0,2.0,3.0,9.0
202200040114,1.0,1,1,1,4.0,8.0,0.0,0,-1.0,1975.0,B01,5,12,2022,18:00,5,76.0,76322,1,1,1.0,2.0,N338 - Sud 3,"49,4125000000","1,0419000000",,76.076322,76322,Seine-Maritime,28.0,Normandie,90.0,2.0,3.0,5,1.0,28,Normandie,76,3,13,LeGrand-Quevilly,25975,225,26200.0,2.0,15,,0.0,2.0,5.0,1.0
202200040185,2.0,2,3,2,3.0,1.0,-1.0, -1,-1.0,1959.0,B01,23,9,2022,19:40,1,76.0,76481,1,1,2.0,2.0,RD 6382,"49,5325080000","0,1173930000",,76.076481,76481,Seine-Maritime,28.0,Normandie,90.0,3.0,3.0,4,3.0,28,Normandie,76,2,26,Octeville-sur-Mer,6122,119,6241.0,2.0,7,,0.0,2.0,4.0,1.0
202200040185,1.0,1,4,2,3.0,1.0,-1.0, -1,-1.0,1953.0,B01,23,9,2022,19:40,1,76.0,76481,1,1,2.0,2.0,RD 6382,"49,5325080000","0,1173930000",,76.076481,76481,Seine-Maritime,28.0,Normandie,90.0,3.0,3.0,4,3.0,28,Normandie,76,2,26,Octeville-sur-Mer,6122,119,6241.0,2.0,7,,0.0,2.0,4.0,1.0
202200040185,1.0,1,1,1,0.0,1.0,-1.0, -1,-1.0,1977.0,A01,23,9,2022,19:40,1,76.0,76481,1,1,2.0,2.0,RD 6382,"49,5325080000","0,1173930000",,76.076481,76481,Seine-Maritime,28.0,Normandie,90.0,3.0,3.0,4,3.0,28,Normandie,76,2,26,Octeville-sur-Mer,6122,119,6241.0,2.0,10,,0.0,2.0,1.0,1.0
202200040189,1.0,1,4,2,0.0,1.0,-1.0, -1,-1.0,1982.0,A01,23,9,2022,12:40,1,76.0,76341,1,4,1.0,3.0,RD 6382,"49,5222400000","0,1858300000",,76.076341,76341,Seine-Maritime,28.0,Normandie,70.0,3.0,3.0,4,1.0,28,Normandie,76,2,15,Harfleur,8315,53,8368.0,1.0,7,,0.0,2.0,2.0,1.0
202200040189,1.0,1,1,-1,-1.0,-1.0,-1.0, -1,-1.0,,Z01,23,9,2022,12:40,1,76.0,76341,1,4,1.0,3.0,RD 6382,"49,5222400000","0,1858300000",,76.076341,76341,Seine-Maritime,28.0,Normandie,70.0,3.0,3.0,4,1.0,28,Normandie,76,2,15,Harfleur,8315,53,8368.0,1.0,7,,0.0,2.0,6.0,0.0
202200040193,1.0,1,4,1,0.0,1.0,-1.0, -1,-1.0,1977.0,B01,11,9,2022,17:00,1,76.0,76341,1,1,1.0,2.0,RD 6015,"49,5082900000","0,1964500000",,76.076341,76341,Seine-Maritime,28.0,Normandie,70.0,3.0,3.0,9,1.0,28,Normandie,76,2,15,Harfleur,8315,53,8368.0,2.0,7,,0.0,2.0,4.0,1.0
202200040193,1.0,1,1,-1,-1.0,-1.0,-1.0, -1,-1.0,,Z01,11,9,2022,17:00,1,76.0,76341,1,1,1.0,2.0,RD 6015,"49,5082900000","0,1964500000",,76.076341,76341,Seine-Maritime,28.0,Normandie,70.0,3.0,3.0,9,1.0,28,Normandie,76,2,15,Harfleur,8315,53,8368.0,2.0,7,,0.0,2.0,1.0,2.0
202200040239,1.0,1,1,-1,-1.0,-1.0,0.0,0,-1.0,,B01,4,12,2022,18:55,5,76.0,76540,2,3,1.0,3.0,Pont Jeanne d'Arc,"49,4387662913","1,0885262489",,76.076540,76540,Seine-Maritime,28.0,Normandie,50.0,7.0,2.0,5,1.0,28,Normandie,76,3,97,Rouen,114083,1556,115639.0,3.0,7,,0.0,2.0,3.0,1.0
202200040239,1.0,1,4,1,1.0,2.0,0.0,0,-1.0,1998.0,A01,4,12,2022,18:55,5,76.0,76540,2,3,1.0,3.0,Pont Jeanne d'Arc,"49,4387662913","1,0885262489",,76.076540,76540,Seine-Maritime,28.0,Normandie,50.0,7.0,2.0,5,1.0,28,Normandie,76,3,97,Rouen,114083,1556,115639.0,3.0,80,,0.0,2.0,7.0,1.0
202200040240,1.0,1,1,1,3.0,1.0,0.0,0,-1.0,2002.0,A01,3,12,2022,20:05,5,76.0,76259,2,1,1.0,6.0,BERIGNY (QUAI),"49,7599800000","0,3691600000",,76.076259,76259,Seine-Maritime,28.0,Normandie,30.0,3.0,2.0,0,1.0,28,Normandie,76,2,11,Fécamp,18016,269,18285.0,1.0,7,,0.0,1.0,1.0,19.0
202200040240,2.0,2,1,1,3.0,1.0,0.0,0,-1.0,2004.0,A01,3,12,2022,20:05,5,76.0,76259,2,1,1.0,6.0,BERIGNY (QUAI),"49,7599800000","0,3691600000",,76.076259,76259,Seine-Maritime,28.0,Normandie,30.0,3.0,2.0,0,1.0,28,Normandie,76,2,11,Fécamp,18016,269,18285.0,1.0,7,,0.0,1.0,1.0,19.0
202200040240,10.0,3,3,1,0.0,0.0,3.0,3,1.0,1962.0,A01,3,12,2022,20:05,5,76.0,76259,2,1,1.0,6.0,BERIGNY (QUAI),"49,7599800000","0,3691600000",,76.076259,76259,Seine-Maritime,28.0,Normandie,30.0,3.0,2.0,0,1.0,28,Normandie,76,2,11,Fécamp,18016,269,18285.0,1.0,7,,0.0,1.0,1.0,19.0
202200040241,1.0,1,4,1,5.0,2.0,0.0,0,-1.0,1965.0,A01,4,12,2022,15:00,1,76.0,76026,2,1,1.0,7.0,CHAUSSEE (RUE DE LA),"49,8808900000","1,1326900000",,76.076026,76026,Seine-Maritime,28.0,Normandie,50.0,3.0,2.0,3,1.0,28,Normandie,76,1,8,Arques-la-BatailLe2480,44,2524,,2.0,36,,0.0,0.0,3.0,26.0
202200040260,1.0,1,4,1,0.0,2.0,-1.0, -1,-1.0,1961.0,A01,12,7,2022,19:10,1,76.0,76447,1,1,1.0,7.0,E0489A4,"49,5316300000","0,1858800000",,76.076447,76447,Seine-Maritime,28.0,Normandie,70.0,3.0,3.0,4,1.0,28,Normandie,76,2,15,Montivilliers,15457,203,15660.0,1.0,33,,0.0,0.0,8.0,13.0
202200040263,1.0,1,4,1,0.0,1.0,-1.0, -1,-1.0,1995.0,A01,12,7,2022,02:10,5,76.0,76351,2,1,1.0,6.0,PONT ROUGE,"49,4878300000","0,1849000000",,76.076351,76351,Seine-Maritime,28.0,Normandie,50.0,4.0,2.0,2,1.0,28,Normandie,76,2,96,LeHavre,166058,1780,167838.0,0.0,3,,8.0,0.0,2.0,14.0
202200040461,1.0,1,3,2,5.0,0.0,0.0,0,-1.0,1985.0,A01,22,8,2022,20:50,2,76.0,76224,2,1,1.0,6.0,257 Route de Criquetot,"49,6498980000","0,3224230000",,76.076224,76224,Seine-Maritime,28.0,Normandie,50.0,3.0,2.0,2,1.0,28,Normandie,76,2,32,ÉcrainvilLe969,19,988,,2.0,7,,6.0,0.0,3.0,1.0
202200040489,1.0,1,1,1,5.0,1.0,0.0,0,-1.0,1949.0,B01,13,7,2022,08:30,1,76.0,76517,2,2,1.0,3.0,Route de Neufchâtel,"49,5187871310","1,1793792844",,76.076517,76517,Seine-Maritime,28.0,Normandie,80.0,3.0,-1.0,2,1.0,28,Normandie,76,3,2,Quincampoix,3110,68,3178.0,2.0,7,,0.0,2.0,3.0,15.0
202200040489,1.0,1,3,1,0.0,2.0,0.0,0,-1.0,2004.0,A01,13,7,2022,08:30,1,76.0,76517,2,2,1.0,3.0,Route de Neufchâtel,"49,5187871310","1,1793792844",,76.076517,76517,Seine-Maritime,28.0,Normandie,80.0,3.0,-1.0,2,1.0,28,Normandie,76,3,2,Quincampoix,3110,68,3178.0,2.0,31,,0.0,2.0,2.0,17.0
202200040508,1.0,1,3,1,2.0,1.0,0.0,0,-1.0,1999.0,A01,25,2,2022,21:20,3,76.0,76714,1,1,1.0,1.0,route Départementale 6015,"49,5519720000","0,4131890000",,76.076714,76714,Seine-Maritime,28.0,Normandie,80.0,3.0,2.0,2,1.0,28,Normandie,76,2,32,LesTrois-Pierres,797,15,812.0,1.0,7,,0.0,2.0,1.0,13.0
202200040508,1.0,1,3,1,1.0,1.0,0.0,0,-1.0,1974.0,B01,25,2,2022,21:20,3,76.0,76714,1,1,1.0,1.0,route Départementale 6015,"49,5519720000","0,4131890000",,76.076714,76714,Seine-Maritime,28.0,Normandie,80.0,3.0,2.0,2,1.0,28,Normandie,76,2,32,LesTrois-Pierres,797,15,812.0,2.0,7,,0.0,2.0,1.0,1.0
202200040556,10.0,3,4,1,0.0,0.0,8.0,B,1.0,1982.0,A01,24,2,2022,13:50,1,76.0,76540,2,1,2.0,6.0,Boulevard de l'Europe,"49,4278200000","1,0823500000",,76.076540,76540,Seine-Maritime,28.0,Normandie,50.0,4.0,2.0,5,2.0,28,Normandie,76,3,97,Rouen,114083,1556,115639.0,1.0,13,,0.0,1.0,7.0,1.0
202200040556,1.0,1,1,1,4.0,1.0,-1.0, -1,-1.0,1993.0,A01,24,2,2022,13:50,1,76.0,76540,2,1,2.0,6.0,Boulevard de l'Europe,"49,4278200000","1,0823500000",,76.076540,76540,Seine-Maritime,28.0,Normandie,50.0,4.0,2.0,5,2.0,28,Normandie,76,3,97,Rouen,114083,1556,115639.0,1.0,13,,0.0,1.0,7.0,1.0
202200040632,1.0,1,3,1,0.0,8.0,-1.0, -1,-1.0,1989.0,A01,21,8,2022,10:00,1,76.0,76451,2,1,1.0,6.0,72 Avenue du Mont aux Malades,"49,4688530000","1,0667110000",,76.076451,76451,Seine-Maritime,28.0,Normandie,50.0,4.0,2.0,2,1.0,28,Normandie,76,3,22,Mont-Saint-Aignan,20066,415,20481.0,2.0,7,,3.0,0.0,9.0,13.0
202200040761,1.0,1,1,1,5.0,1.0,-1.0, -1,-1.0,1956.0,A01,11,7,2022,11:05,1,76.0,76351,2,2,1.0,3.0,PIERRE GUILLAUME PETIT,"49,5184400000","0,0967500000",,76.076351,76351,Seine-Maritime,28.0,Normandie,30.0,4.0,2.0,1,1.0,28,Normandie,76,2,96,LeHavre,166058,1780,167838.0,1.0,7,,0.0,2.0,8.0,15.0
202200040761,1.0,1,4,1,5.0,2.0,-1.0, -1,-1.0,1958.0,B01,11,7,2022,11:05,1,76.0,76351,2,2,1.0,3.0,PIERRE GUILLAUME PETIT,"49,5184400000","0,0967500000",,76.076351,76351,Seine-Maritime,28.0,Normandie,30.0,4.0,2.0,1,1.0,28,Normandie,76,2,96,LeHavre,166058,1780,167838.0,2.0,1,,0.0,2.0,1.0,1.0
202200040769,1.0,1,1,1,4.0,1.0,-1.0, -1,-1.0,1989.0,A01,11,7,2022,16:37,1,76.0,76414,1,1,1.0,2.0,D1,"49,8962700000","1,1401500000",,76.076414,76414,Seine-Maritime,28.0,Normandie,80.0,3.0,2.0,2,1.0,28,Normandie,76,1,8,Martin-Église,1600,55,1655.0,2.0,10,,0.0,2.0,2.0,17.0
202200040769,1.0,1,4,1,5.0,2.0,-1.0, -1,-1.0,1956.0,B01,11,7,2022,16:37,1,76.0,76414,1,1,1.0,2.0,D1,"49,8962700000","1,1401500000",,76.076414,76414,Seine-Maritime,28.0,Normandie,80.0,3.0,2.0,2,1.0,28,Normandie,76,1,8,Martin-Église,1600,55,1655.0,2.0,80,,0.0,0.0,6.0,2.0
202200040798,2.0,2,3,2,5.0,1.0,0.0,0,-1.0,1969.0,B01,22,8,2022,16:15,1,76.0,76291,1,1,1.0,1.0,RD 104,"49,7158230000","0,3529570000",,76.076291,76291,Seine-Maritime,28.0,Normandie,80.0,3.0,2.0,2,1.0,28,Normandie,76,2,11,FrobervilLe1164,25,1189,,1.0,7,,0.0,2.0,1.0,1.0