Num_Acc,place,catu,grav,sexe,trajet,secu,locp,actp,etatp,an_nais,num_veh,jour,mois,an,hrmn,lum,dep,com,agg,int,atm,col,adr,lat,long,gps,com_insee_temp,com_insee,departmentName,regionCode,regionName,vma,catr,circ,nbv,surf,Code,Region,Departement,Arrondissement,Code_Canton,Nom_Commune,Population_municipaLe,Population_comptee_a_part,Population_Totale,senc,catv,occutc,obs,obsm,choc,manv
202200041830,1.0,1,1,1,4.0,1.0,0.0,0,-1.0,1957.0,B01,11,1,2022,10:00,1,76.0,76244,1,1,1.0,2.0,A28,"49,6967000000","1,3591500000",,76.076244,76244,Seine-Maritime,28.0,Normandie,130.0,1.0,3.0,4,2.0,28,Normandie,76,1,23,EsclavelLes386,6,392,,1.0,17,,0.0,0.0,6.0,1.0
202200041830,1.0,1,3,1,4.0,0.0,0.0,0,-1.0,2000.0,A01,11,1,2022,10:00,1,76.0,76244,1,1,1.0,2.0,A28,"49,6967000000","1,3591500000",,76.076244,76244,Seine-Maritime,28.0,Normandie,130.0,1.0,3.0,4,2.0,28,Normandie,76,1,23,EsclavelLes386,6,392,,1.0,10,,0.0,2.0,2.0,14.0
202200041834,1.0,1,4,2,9.0,1.0,0.0,0,-1.0,1943.0,A01,13,1,2022,16:45,1,76.0,76007,2,1,7.0,6.0,Route des Cambres,"49,5733110000","1,0615750000",,76.076007,76007,Seine-Maritime,28.0,Normandie,50.0,4.0,2.0,2,1.0,28,Normandie,76,3,2,AnceaumevilLe685,10,695,,3.0,7,,15.0,0.0,7.0,2.0
202200041906,1.0,1,1,1,5.0,1.0,0.0,0,-1.0,1979.0,A01,13,1,2022,16:40,2,76.0,76250,1,1,1.0,6.0,384 Route du Ponant,"49,5641210000","0,3063810000",,76.076250,76250,Seine-Maritime,28.0,Normandie,80.0,3.0,2.0,2,1.0,28,Normandie,76,2,32,Étainhus,1210,28,1238.0,2.0,7,,0.0,1.0,2.0,1.0
202200041906,10.0,3,4,1,5.0,0.0,6.0,2,1.0,1988.0,A01,13,1,2022,16:40,2,76.0,76250,1,1,1.0,6.0,384 Route du Ponant,"49,5641210000","0,3063810000",,76.076250,76250,Seine-Maritime,28.0,Normandie,80.0,3.0,2.0,2,1.0,28,Normandie,76,2,32,Étainhus,1210,28,1238.0,2.0,7,,0.0,1.0,2.0,1.0
202200042019,1.0,1,4,1,5.0,2.0,0.0,0,-1.0,2006.0,A01,26,9,2022,21:00,5,76.0,76196,2,4,1.0,3.0,Place du Général Leclerc,"49,6434950000","0,2659730000",,76.076196,76196,Seine-Maritime,28.0,Normandie,30.0,3.0,2.0,2,1.0,28,Normandie,76,2,26,Criquetot-l'Esneval,2567,82,2649.0,0.0,2,,0.0,2.0,1.0,1.0
202200042019,1.0,1,1,1,5.0,1.0,0.0,0,-1.0,1971.0,B01,26,9,2022,21:00,5,76.0,76196,2,4,1.0,3.0,Place du Général Leclerc,"49,6434950000","0,2659730000",,76.076196,76196,Seine-Maritime,28.0,Normandie,30.0,3.0,2.0,2,1.0,28,Normandie,76,2,26,Criquetot-l'Esneval,2567,82,2649.0,0.0,7,,0.0,2.0,1.0,15.0
202200042367,1.0,1,3,1,5.0,1.0,0.0,0,-1.0,2002.0,B01,20,8,2022,03:45,3,76.0,76517,1,1,1.0,6.0,A 28 - PK 093+400,"49,5119330000","1,1885400000",,76.076517,76517,Seine-Maritime,28.0,Normandie,110.0,1.0,3.0,4,1.0,28,Normandie,76,3,2,Quincampoix,3110,68,3178.0,1.0,7,,14.0,0.0,1.0,1.0
202200042367,2.0,2,1,1,5.0,1.0,0.0,0,-1.0,2003.0,B01,20,8,2022,03:45,3,76.0,76517,1,1,1.0,6.0,A 28 - PK 093+400,"49,5119330000","1,1885400000",,76.076517,76517,Seine-Maritime,28.0,Normandie,110.0,1.0,3.0,4,1.0,28,Normandie,76,3,2,Quincampoix,3110,68,3178.0,1.0,7,,14.0,0.0,1.0,1.0
202200042367,7.0,2,4,2,5.0,1.0,0.0,0,-1.0,2003.0,B01,20,8,2022,03:45,3,76.0,76517,1,1,1.0,6.0,A 28 - PK 093+400,"49,5119330000","1,1885400000",,76.076517,76517,Seine-Maritime,28.0,Normandie,110.0,1.0,3.0,4,1.0,28,Normandie,76,3,2,Quincampoix,3110,68,3178.0,1.0,7,,14.0,0.0,1.0,1.0
202200042367,9.0,2,1,1,5.0,1.0,0.0,0,-1.0,2005.0,B01,20,8,2022,03:45,3,76.0,76517,1,1,1.0,6.0,A 28 - PK 093+400,"49,5119330000","1,1885400000",,76.076517,76517,Seine-Maritime,28.0,Normandie,110.0,1.0,3.0,4,1.0,28,Normandie,76,3,2,Quincampoix,3110,68,3178.0,1.0,7,,14.0,0.0,1.0,1.0
202200042367,1.0,1,1,1,5.0,1.0,0.0,0,-1.0,2001.0,A01,20,8,2022,03:45,3,76.0,76517,1,1,1.0,6.0,A 28 - PK 093+400,"49,5119330000","1,1885400000",,76.076517,76517,Seine-Maritime,28.0,Normandie,110.0,1.0,3.0,4,1.0,28,Normandie,76,3,2,Quincampoix,3110,68,3178.0,2.0,7,,4.0,0.0,3.0,13.0
202200042376,1.0,1,1,1,0.0,1.0,0.0,0,-1.0,2000.0,A01,1,12,2022,17:35,1,76.0,76351,2,1,1.0,3.0,LESUEUR (RUE),"49,4948500000","0,1226400000",,76.076351,76351,Seine-Maritime,28.0,Normandie,50.0,4.0,1.0,1,1.0,28,Normandie,76,2,96,LeHavre,166058,1780,167838.0,0.0,7,,0.0,2.0,2.0,1.0
202200042376,1.0,1,4,1,5.0,8.0,0.0,0,-1.0,2011.0,B01,1,12,2022,17:35,1,76.0,76351,2,1,1.0,3.0,LESUEUR (RUE),"49,4948500000","0,1226400000",,76.076351,76351,Seine-Maritime,28.0,Normandie,50.0,4.0,1.0,1,1.0,28,Normandie,76,2,96,LeHavre,166058,1780,167838.0,0.0,50,,0.0,2.0,1.0,19.0
202200042384,1.0,1,2,1,5.0,2.0,0.0,0,-1.0,1950.0,A01,21,8,2022,14:20,1,76.0,76748,2,1,1.0,7.0,Rue de Janville,"49,8216980000","0,6400660000",,76.076748,76748,Seine-Maritime,28.0,Normandie,50.0,4.0,2.0,2,1.0,28,Normandie,76,1,33,Vittefleur,657,8,665.0,3.0,1,,0.0,0.0,1.0,2.0
202200042473,1.0,1,1,1,1.0,1.0,0.0,0,-1.0,1976.0,B01,12,7,2022,19:00,1,76.0,76541,2,9,7.0,3.0,1582 Route de Duclair,"49,4998220000","0,9622380000",,76.076541,76541,Seine-Maritime,28.0,Normandie,50.0,3.0,2.0,2,1.0,28,Normandie,76,3,24,Roumare,1549,27,1576.0,2.0,7,,0.0,2.0,2.0,15.0
202200042473,1.0,1,3,1,5.0,2.0,0.0,0,-1.0,1995.0,A01,12,7,2022,19:00,1,76.0,76541,2,9,7.0,3.0,1582 Route de Duclair,"49,4998220000","0,9622380000",,76.076541,76541,Seine-Maritime,28.0,Normandie,50.0,3.0,2.0,2,1.0,28,Normandie,76,3,24,Roumare,1549,27,1576.0,1.0,32,,0.0,2.0,1.0,1.0
202200042553,10.0,3,3,1,1.0,0.0,1.0,5,1.0,1984.0,A01,22,2,2022,08:00,1,76.0,76341,1,1,2.0,6.0,RD 982,"49,5039467791","0,1939318209",,76.076341,76341,Seine-Maritime,28.0,Normandie,50.0,3.0,2.0,4,2.0,28,Normandie,76,2,15,Harfleur,8315,53,8368.0,1.0,10,,0.0,1.0,2.0,1.0
202200042553,1.0,1,1,1,4.0,1.0,-1.0, -1,-1.0,2002.0,A01,22,2,2022,08:00,1,76.0,76341,1,1,2.0,6.0,RD 982,"49,5039467791","0,1939318209",,76.076341,76341,Seine-Maritime,28.0,Normandie,50.0,3.0,2.0,4,2.0,28,Normandie,76,2,15,Harfleur,8315,53,8368.0,1.0,10,,0.0,1.0,2.0,1.0
202200042560,1.0,1,1,2,0.0,1.0,-1.0, -1,-1.0,1963.0,A01,21,2,2022,20:20,5,76.0,76351,2,1,1.0,6.0,VAL AUX CORNEILLES (AVENUE DU)°,"49,5091600000","0,1490600000",,76.076351,76351,Seine-Maritime,28.0,Normandie,50.0,4.0,2.0,2,1.0,28,Normandie,76,2,96,LeHavre,166058,1780,167838.0,2.0,7,,0.0,1.0,2.0,1.0
202200042560,10.0,3,3,2,0.0,0.0,3.0,3,1.0,2003.0,A01,21,2,2022,20:20,5,76.0,76351,2,1,1.0,6.0,VAL AUX CORNEILLES (AVENUE DU)°,"49,5091600000","0,1490600000",,76.076351,76351,Seine-Maritime,28.0,Normandie,50.0,4.0,2.0,2,1.0,28,Normandie,76,2,96,LeHavre,166058,1780,167838.0,2.0,7,,0.0,1.0,2.0,1.0
202200042602,1.0,1,3,1,1.0,2.0,-1.0, -1,-1.0,1974.0,A01,19,8,2022,17:30,1,76.0,76540,2,1,1.0,7.0,Pont Pierre Corneille,"49,4350700000","1,0942800000",,76.076540,76540,Seine-Maritime,28.0,Normandie,50.0,7.0,1.0,3,2.0,28,Normandie,76,3,97,Rouen,114083,1556,115639.0,3.0,32,,0.0,0.0,7.0,1.0
202200042612,1.0,1,1,1,0.0,1.0,-1.0, -1,-1.0,2002.0,A01,18,8,2022,18:50,1,76.0,76351,2,4,1.0,1.0,FLANDRES DUNKERQUE,"49,5124600000","0,1718600000",,76.076351,76351,Seine-Maritime,28.0,Normandie,50.0,4.0,2.0,1,1.0,28,Normandie,76,2,96,LeHavre,166058,1780,167838.0,1.0,7,,0.0,2.0,1.0,1.0
202200042612,1.0,1,3,1,1.0,2.0,-1.0, -1,-1.0,2006.0,B01,18,8,2022,18:50,1,76.0,76351,2,4,1.0,1.0,FLANDRES DUNKERQUE,"49,5124600000","0,1718600000",,76.076351,76351,Seine-Maritime,28.0,Normandie,50.0,4.0,2.0,1,1.0,28,Normandie,76,2,96,LeHavre,166058,1780,167838.0,2.0,30,,0.0,2.0,1.0,16.0
202200042640,1.0,1,1,2,0.0,1.0,-1.0, -1,-1.0,1993.0,B01,22,2,2022,16:00,1,76.0,76217,2,1,1.0,2.0,AVE CHARLES NICOLLE,"49,9250800000","1,1086500000",,76.076217,76217,Seine-Maritime,28.0,Normandie,50.0,9.0,2.0,4,1.0,28,Normandie,76,1,95,Dieppe,28358,455,28813.0,3.0,7,,0.0,2.0,6.0,26.0
202200042640,1.0,1,4,1,1.0,2.0,-1.0, -1,-1.0,1965.0,A01,22,2,2022,16:00,1,76.0,76217,2,1,1.0,2.0,AVE CHARLES NICOLLE,"49,9250800000","1,1086500000",,76.076217,76217,Seine-Maritime,28.0,Normandie,50.0,9.0,2.0,4,1.0,28,Normandie,76,1,95,Dieppe,28358,455,28813.0,3.0,30,,0.0,2.0,1.0,23.0
202200042871,1.0,1,1,1,4.0,1.0,0.0,0,-1.0,1978.0,B01,9,2,2022,04:00,3,76.0,76225,1,1,1.0,2.0,A29 pk063.500 direction le havre,"49,6348550000","0,6701230000",,76.076225,76225,Seine-Maritime,28.0,Normandie,130.0,1.0,3.0,4,2.0,28,Normandie,76,3,35,Écretteville-lès-Baons,360,5,365.0,2.0,17,,0.0,0.0,4.0,2.0
202200042871,1.0,1,3,2,9.0,1.0,0.0,0,-1.0,1997.0,A01,9,2,2022,04:00,3,76.0,76225,1,1,1.0,2.0,A29 pk063.500 direction le havre,"49,6348550000","0,6701230000",,76.076225,76225,Seine-Maritime,28.0,Normandie,130.0,1.0,3.0,4,2.0,28,Normandie,76,3,35,Écretteville-lès-Baons,360,5,365.0,2.0,7,,0.0,2.0,1.0,2.0
202200042963,1.0,1,4,1,0.0,8.0,-1.0, -1,-1.0,1988.0,A01,3,4,2022,02:15,5,76.0,76540,2,9,1.0,6.0,Avenue du Mont Riboudet,"49,4493279208","1,0642649978",,76.076540,76540,Seine-Maritime,28.0,Normandie,50.0,7.0,1.0,4,1.0,28,Normandie,76,3,97,Rouen,114083,1556,115639.0,1.0,7,,14.0,0.0,1.0,0.0
202200043036,2.0,2,1,1,5.0,1.0,0.0,0,-1.0,1969.0,B01,13,6,2022,19:50,1,76.0,76533,1,1,1.0,2.0,A29,"49,4803240000","0,2641870000",,76.076533,76533,Seine-Maritime,28.0,Normandie,110.0,1.0,3.0,4,1.0,28,Normandie,76,2,16,RogervilLe1706,19,1725,,2.0,7,,0.0,0.0,6.0,1.0
202200043036,9.0,2,1,1,5.0,1.0,0.0,0,-1.0,2002.0,B01,13,6,2022,19:50,1,76.0,76533,1,1,1.0,2.0,A29,"49,4803240000","0,2641870000",,76.076533,76533,Seine-Maritime,28.0,Normandie,110.0,1.0,3.0,4,1.0,28,Normandie,76,2,16,RogervilLe1706,19,1725,,2.0,7,,0.0,0.0,6.0,1.0
202200043036,1.0,1,1,2,5.0,1.0,0.0,0,-1.0,1974.0,B01,13,6,2022,19:50,1,76.0,76533,1,1,1.0,2.0,A29,"49,4803240000","0,2641870000",,76.076533,76533,Seine-Maritime,28.0,Normandie,110.0,1.0,3.0,4,1.0,28,Normandie,76,2,16,RogervilLe1706,19,1725,,2.0,7,,0.0,0.0,6.0,1.0
202200043036,1.0,1,3,1,0.0,2.0,0.0,0,-1.0,1980.0,A01,13,6,2022,19:50,1,76.0,76533,1,1,1.0,2.0,A29,"49,4803240000","0,2641870000",,76.076533,76533,Seine-Maritime,28.0,Normandie,110.0,1.0,3.0,4,1.0,28,Normandie,76,2,16,RogervilLe1706,19,1725,,2.0,33,,0.0,2.0,1.0,1.0
202200043205,1.0,1,1,1,0.0,1.0,-1.0, -1,-1.0,1999.0,A01,2,4,2022,11:15,1,76.0,76575,1,1,1.0,6.0,D418,"49,3737500000","1,0840200000",,76.076575,76575,Seine-Maritime,28.0,Normandie,110.0,7.0,3.0,5,1.0,28,Normandie,76,3,98,Saint-Étienne-du-Rouvray,28508,225,28733.0,2.0,7,,0.0,0.0,9.0,2.0
202200043205,2.0,2,3,2,0.0,1.0,-1.0, -1,-1.0,1998.0,A01,2,4,2022,11:15,1,76.0,76575,1,1,1.0,6.0,D418,"49,3737500000","1,0840200000",,76.076575,76575,Seine-Maritime,28.0,Normandie,110.0,7.0,3.0,5,1.0,28,Normandie,76,3,98,Saint-Étienne-du-Rouvray,28508,225,28733.0,2.0,7,,0.0,0.0,9.0,2.0
202200043301,10.0,3,2,2,1.0,0.0,5.0,1,1.0,1988.0,A01,1,4,2022,19:45,2,76.0,76711,2,1,1.0,6.0,1 Rue du Docteur Pépin,"50,0591133422","1,3788941503",,76.076711,76711,Seine-Maritime,28.0,Normandie,30.0,4.0,2.0,2,1.0,28,Normandie,76,1,10,LeTréport,4424,91,4515.0,0.0,7,,1.0,1.0,2.0,1.0
202200043301,1.0,1,1,1,5.0,1.0,0.0,0,-1.0,1993.0,A01,1,4,2022,19:45,2,76.0,76711,2,1,1.0,6.0,1 Rue du Docteur Pépin,"50,0591133422","1,3788941503",,76.076711,76711,Seine-Maritime,28.0,Normandie,30.0,4.0,2.0,2,1.0,28,Normandie,76,1,10,LeTréport,4424,91,4515.0,0.0,7,,1.0,1.0,2.0,1.0
202200043328,1.0,1,1,1,5.0,1.0,0.0,0,-1.0,1998.0,A01,3,4,2022,02:40,3,76.0,76082,1,1,1.0,6.0,"A29, Pk 47.500","49,6038690000","0,4801370000",,76.076082,76082,Seine-Maritime,28.0,Normandie,130.0,1.0,3.0,4,1.0,28,Normandie,76,2,3,Bernières,637,11,648.0,1.0,7,,3.0,0.0,0.0,1.0
202200043328,2.0,2,3,1,5.0,1.0,0.0,0,-1.0,1994.0,A01,3,4,2022,02:40,3,76.0,76082,1,1,1.0,6.0,"A29, Pk 47.500","49,6038690000","0,4801370000",,76.076082,76082,Seine-Maritime,28.0,Normandie,130.0,1.0,3.0,4,1.0,28,Normandie,76,2,3,Bernières,637,11,648.0,1.0,7,,3.0,0.0,0.0,1.0
202200043370,1.0,1,1,1,4.0,2.0,-1.0, -1,-1.0,1964.0,A01,27,10,2022,15:00,1,76.0,76231,2,1,1.0,3.0,Rue du Port,"49,2921800000","1,0209400000",,76.076231,76231,Seine-Maritime,28.0,Normandie,50.0,7.0,2.0,2,1.0,28,Normandie,76,3,9,Elbeuf,15951,138,16089.0,3.0,33,,0.0,9.0,1.0,17.0
202200043370,1.0,1,4,2,5.0,0.0,0.0,0,-1.0,2013.0,B01,27,10,2022,15:00,1,76.0,76231,2,1,1.0,3.0,Rue du Port,"49,2921800000","1,0209400000",,76.076231,76231,Seine-Maritime,28.0,Normandie,50.0,7.0,2.0,2,1.0,28,Normandie,76,3,9,Elbeuf,15951,138,16089.0,3.0,1,,0.0,2.0,0.0,0.0
202200043372,1.0,1,1,1,4.0,8.0,-1.0, -1,-1.0,1999.0,B01,28,10,2022,06:20,5,76.0,76540,2,3,1.0,2.0,Quai du Havre (Haut),"49,4408000000","1,0829700000",,76.076540,76540,Seine-Maritime,28.0,Normandie,50.0,7.0,1.0,2,1.0,28,Normandie,76,3,97,Rouen,114083,1556,115639.0,1.0,15,,0.0,2.0,0.0,0.0
202200043372,1.0,1,4,2,0.0,8.0,-1.0, -1,-1.0,1985.0,A01,28,10,2022,06:20,5,76.0,76540,2,3,1.0,2.0,Quai du Havre (Haut),"49,4408000000","1,0829700000",,76.076540,76540,Seine-Maritime,28.0,Normandie,50.0,7.0,1.0,2,1.0,28,Normandie,76,3,97,Rouen,114083,1556,115639.0,1.0,7,,14.0,0.0,2.0,1.0
202200043507,1.0,1,4,2,0.0,1.0,-1.0, -1,-1.0,1960.0,B01,11,5,2022,08:40,1,76.0,76351,2,2,1.0,3.0,IRENE JOLIOT CURIE (RUE),"49,5154100000","0,1053200000",,76.076351,76351,Seine-Maritime,28.0,Normandie,50.0,4.0,2.0,2,1.0,28,Normandie,76,2,96,LeHavre,166058,1780,167838.0,3.0,7,,0.0,2.0,1.0,1.0
202200043507,1.0,1,1,2,0.0,1.0,-1.0, -1,-1.0,1989.0,A01,11,5,2022,08:40,1,76.0,76351,2,2,1.0,3.0,IRENE JOLIOT CURIE (RUE),"49,5154100000","0,1053200000",,76.076351,76351,Seine-Maritime,28.0,Normandie,50.0,4.0,2.0,2,1.0,28,Normandie,76,2,96,LeHavre,166058,1780,167838.0,3.0,7,,0.0,2.0,1.0,1.0
202200043652,1.0,1,3,2,5.0,1.0,-1.0, -1,-1.0,1942.0,A01,12,1,2022,11:05,1,76.0,76157,1,1,2.0,7.0,Cote Guy de Maupassant,"49,4454100000","1,0415600000",,76.076157,76157,Seine-Maritime,28.0,Normandie,70.0,7.0,2.0,2,2.0,28,Normandie,76,3,4,Canteleu,13966,360,14326.0,0.0,7,,16.0,0.0,0.0,0.0
202200043653,1.0,1,1,-1,-1.0,-1.0,-1.0, -1,-1.0,,Z01,11,1,2022,21:40,5,76.0,76351,2,2,1.0,3.0,ANATOLE FRANCE,"49,4960300000","0,1191400000",,76.076351,76351,Seine-Maritime,28.0,Normandie,50.0,4.0,2.0,2,2.0,28,Normandie,76,2,96,LeHavre,166058,1780,167838.0,0.0,7,,0.0,2.0,1.0,1.0
202200043653,1.0,1,4,1,4.0,2.0,-1.0, -1,-1.0,1993.0,A01,11,1,2022,21:40,5,76.0,76351,2,2,1.0,3.0,ANATOLE FRANCE,"49,4960300000","0,1191400000",,76.076351,76351,Seine-Maritime,28.0,Normandie,50.0,4.0,2.0,2,2.0,28,Normandie,76,2,96,LeHavre,166058,1780,167838.0,0.0,2,,0.0,2.0,1.0,1.0
202200043756,2.0,2,1,1,4.0,1.0,0.0,0,-1.0,1982.0,B01,12,1,2022,08:25,2,76.0,76424,1,1,5.0,1.0,Rue Bernard Leger,"49,7658610000","1,4881970000",,76.076424,76424,Seine-Maritime,28.0,Normandie,80.0,3.0,2.0,2,1.0,28,Normandie,76,1,23,Ménonval,231,2,233.0,1.0,10,,0.0,2.0,1.0,1.0
202200043756,1.0,1,3,1,4.0,1.0,0.0,0,-1.0,1992.0,B01,12,1,2022,08:25,2,76.0,76424,1,1,5.0,1.0,Rue Bernard Leger,"49,7658610000","1,4881970000",,76.076424,76424,Seine-Maritime,28.0,Normandie,80.0,3.0,2.0,2,1.0,28,Normandie,76,1,23,Ménonval,231,2,233.0,1.0,10,,0.0,2.0,1.0,1.0
202200043756,1.0,1,4,1,2.0,1.0,0.0,0,-1.0,2003.0,A01,12,1,2022,08:25,2,76.0,76424,1,1,5.0,1.0,Rue Bernard Leger,"49,7658610000","1,4881970000",,76.076424,76424,Seine-Maritime,28.0,Normandie,80.0,3.0,2.0,2,1.0,28,Normandie,76,1,23,Ménonval,231,2,233.0,2.0,7,,0.0,2.0,1.0,5.0
202200043786,1.0,1,1,2,5.0,1.0,-1.0, -1,-1.0,1946.0,A01,11,1,2022,07:40,5,76.0,76351,2,1,1.0,6.0,Rue de la Cavée Verte,"49,5072000000","0,1222500000",,76.076351,76351,Seine-Maritime,28.0,Normandie,30.0,4.0,2.0,2,1.0,28,Normandie,76,2,96,LeHavre,166058,1780,167838.0,0.0,7,,0.0,1.0,1.0,1.0
202200043786,10.0,3,4,2,2.0,0.0,3.0,3,2.0,2018.0,A01,11,1,2022,07:40,5,76.0,76351,2,1,1.0,6.0,Rue de la Cavée Verte,"49,5072000000","0,1222500000",,76.076351,76351,Seine-Maritime,28.0,Normandie,30.0,4.0,2.0,2,1.0,28,Normandie,76,2,96,LeHavre,166058,1780,167838.0,0.0,7,,0.0,1.0,1.0,1.0
202200043787,1.0,1,3,1,0.0,2.0,-1.0, -1,-1.0,1989.0,A01,10,1,2022,19:20,5,76.0,76351,1,1,1.0,6.0,route de l'estuaire,"49,4617181021","0,1812580973",,76.076351,76351,Seine-Maritime,28.0,Normandie,50.0,5.0,2.0,4,1.0,28,Normandie,76,2,96,LeHavre,166058,1780,167838.0,3.0,30,,12.0,0.0,0.0,0.0
202200043788,1.0,1,1,1,0.0,1.0,-1.0, -1,-1.0,1969.0,A01,7,1,2022,14:00,1,76.0,76351,2,2,1.0,4.0,Rue Louis Lumière,"49,5241600000","0,1229400000",,76.076351,76351,Seine-Maritime,28.0,Normandie,50.0,3.0,2.0,2,1.0,28,Normandie,76,2,96,LeHavre,166058,1780,167838.0,1.0,7,,0.0,2.0,1.0,0.0
202200043788,2.0,2,1,2,5.0,1.0,-1.0, -1,-1.0,1976.0,B01,7,1,2022,14:00,1,76.0,76351,2,2,1.0,4.0,Rue Louis Lumière,"49,5241600000","0,1229400000",,76.076351,76351,Seine-Maritime,28.0,Normandie,50.0,3.0,2.0,2,1.0,28,Normandie,76,2,96,LeHavre,166058,1780,167838.0,1.0,7,,0.0,2.0,4.0,0.0
202200043788,1.0,1,4,1,5.0,1.0,-1.0, -1,-1.0,1956.0,B01,7,1,2022,14:00,1,76.0,76351,2,2,1.0,4.0,Rue Louis Lumière,"49,5241600000","0,1229400000",,76.076351,76351,Seine-Maritime,28.0,Normandie,50.0,3.0,2.0,2,1.0,28,Normandie,76,2,96,LeHavre,166058,1780,167838.0,1.0,7,,0.0,2.0,4.0,0.0
202200043788,1.0,1,1,1,5.0,1.0,-1.0, -1,-1.0,1999.0,C01,7,1,2022,14:00,1,76.0,76351,2,2,1.0,4.0,Rue Louis Lumière,"49,5241600000","0,1229400000",,76.076351,76351,Seine-Maritime,28.0,Normandie,50.0,3.0,2.0,2,1.0,28,Normandie,76,2,96,LeHavre,166058,1780,167838.0,1.0,7,,0.0,2.0,4.0,0.0
202200043788,1.0,1,4,1,1.0,1.0,-1.0, -1,-1.0,1965.0,D01,7,1,2022,14:00,1,76.0,76351,2,2,1.0,4.0,Rue Louis Lumière,"49,5241600000","0,1229400000",,76.076351,76351,Seine-Maritime,28.0,Normandie,50.0,3.0,2.0,2,1.0,28,Normandie,76,2,96,LeHavre,166058,1780,167838.0,1.0,7,,0.0,2.0,0.0,0.0
202200043789,1.0,1,1,1,0.0,1.0,-1.0, -1,-1.0,1988.0,A01,11,1,2022,13:00,1,76.0,76217,2,2,1.0,6.0,AVENUE JEAN JAURES,"49,9136400000","1,0724900000",,76.076217,76217,Seine-Maritime,28.0,Normandie,50.0,4.0,2.0,2,1.0,28,Normandie,76,1,95,Dieppe,28358,455,28813.0,3.0,7,,0.0,1.0,1.0,15.0
202200043789,10.0,3,4,2,2.0,0.0,4.0,3,3.0,2007.0,A01,11,1,2022,13:00,1,76.0,76217,2,2,1.0,6.0,AVENUE JEAN JAURES,"49,9136400000","1,0724900000",,76.076217,76217,Seine-Maritime,28.0,Normandie,50.0,4.0,2.0,2,1.0,28,Normandie,76,1,95,Dieppe,28358,455,28813.0,3.0,7,,0.0,1.0,1.0,15.0
202200043789,10.0,3,4,2,2.0,0.0,4.0,3,3.0,2008.0,A01,11,1,2022,13:00,1,76.0,76217,2,2,1.0,6.0,AVENUE JEAN JAURES,"49,9136400000","1,0724900000",,76.076217,76217,Seine-Maritime,28.0,Normandie,50.0,4.0,2.0,2,1.0,28,Normandie,76,1,95,Dieppe,28358,455,28813.0,3.0,7,,0.0,1.0,1.0,15.0
202200043789,10.0,3,4,2,2.0,0.0,4.0,3,3.0,2007.0,A01,11,1,2022,13:00,1,76.0,76217,2,2,1.0,6.0,AVENUE JEAN JAURES,"49,9136400000","1,0724900000",,76.076217,76217,Seine-Maritime,28.0,Normandie,50.0,4.0,2.0,2,1.0,28,Normandie,76,1,95,Dieppe,28358,455,28813.0,3.0,7,,0.0,1.0,1.0,15.0
202200043833,1.0,1,1,1,4.0,1.0,-1.0, -1,-1.0,1989.0,A01,24,9,2022,15:00,1,76.0,76540,2,1,8.0,6.0,Route de Darnetal,"49,4410452402","1,1235746741",,76.076540,76540,Seine-Maritime,28.0,Normandie,50.0,7.0,2.0,2,2.0,28,Normandie,76,3,97,Rouen,114083,1556,115639.0,2.0,37,1.0,9.0,2.0,5.0,1.0
202200043833,10.0,3,3,1,3.0,0.0,5.0,9,1.0,1956.0,A01,24,9,2022,15:00,1,76.0,76540,2,1,8.0,6.0,Route de Darnetal,"49,4410452402","1,1235746741",,76.076540,76540,Seine-Maritime,28.0,Normandie,50.0,7.0,2.0,2,2.0,28,Normandie,76,3,97,Rouen,114083,1556,115639.0,2.0,37,1.0,9.0,2.0,5.0,1.0
202200043919,1.0,1,3,1,5.0,0.0,0.0,0,-1.0,1991.0,A01,24,9,2022,21:00,5,76.0,76709,2,1,1.0,7.0,Rue Raymond Brétéché,"49,4851630000","0,8060800000",,76.076709,76709,Seine-Maritime,28.0,Normandie,50.0,7.0,2.0,2,2.0,28,Normandie,76,3,1,LeTrait,4780,38,4818.0,0.0,50,,0.0,0.0,0.0,1.0
202200044141,1.0,1,1,2,0.0,1.0,-1.0, -1,-1.0,2002.0,A01,11,7,2022,15:50,1,76.0,76103,2,3,1.0,3.0,Route de Paris,"49,4279900000","1,1176000000",,76.076103,76103,Seine-Maritime,28.0,Normandie,30.0,7.0,2.0,2,1.0,28,Normandie,76,3,6,Bonsecours,6455,95,6550.0,0.0,7,,0.0,2.0,3.0,16.0
202200044141,1.0,1,4,1,0.0,2.0,-1.0, -1,-1.0,2001.0,B01,11,7,2022,15:50,1,76.0,76103,2,3,1.0,3.0,Route de Paris,"49,4279900000","1,1176000000",,76.076103,76103,Seine-Maritime,28.0,Normandie,30.0,7.0,2.0,2,1.0,28,Normandie,76,3,6,Bonsecours,6455,95,6550.0,0.0,33,,0.0,2.0,2.0,1.0
202200044143,1.0,1,1,1,5.0,1.0,-1.0, -1,-1.0,1996.0,C01,10,7,2022,01:30,3,76.0,76270,1,1,1.0,4.0,D6382,"49,5292300000","0,1479100000",,76.076270,76270,Seine-Maritime,28.0,Normandie,90.0,3.0,3.0,4,1.0,28,Normandie,76,2,26,Fontaine-la-Mallet,2635,54,2689.0,1.0,7,,0.0,2.0,4.0,23.0