Num_Acc,place,catu,grav,sexe,trajet,secu,locp,actp,etatp,an_nais,num_veh,jour,mois,an,hrmn,lum,dep,com,agg,int,atm,col,adr,lat,long,gps,com_insee_temp,com_insee,departmentName,regionCode,regionName,vma,catr,circ,nbv,surf,Code,Region,Departement,Arrondissement,Code_Canton,Nom_Commune,Population_municipaLe,Population_comptee_a_part,Population_Totale,senc,catv,occutc,obs,obsm,choc,manv
202200050257,2.0,2,2,2,5.0,8.0,0.0,0,-1.0,1990.0,A01,27,11,2022,04:15,5,76.0,76178,2,2,2.0,3.0,Rue de Tourville,"49,3087500000","1,0383300000",,76.076178,76178,Seine-Maritime,28.0,Normandie,50.0,7.0,2.0,4,2.0,28,Normandie,76,3,5,Cléon,4907,30,4937.0,3.0,7,,0.0,2.0,7.0,15.0
202200050264,1.0,1,1,1,0.0,8.0,0.0,0,-1.0,1972.0,A01,26,11,2022,11:20,1,76.0,76447,2,1,1.0,6.0, ECARTS (CHEM DES ),"49,5649200000","0,1994700000",,76.076447,76447,Seine-Maritime,28.0,Normandie,50.0,4.0,-1.0,1,1.0,28,Normandie,76,2,15,Montivilliers,15457,203,15660.0,1.0,1,,0.0,2.0,0.0,1.0
202200050264,1.0,1,3,1,0.0,8.0,0.0,0,-1.0,1960.0,B01,26,11,2022,11:20,1,76.0,76447,2,1,1.0,6.0, ECARTS (CHEM DES ),"49,5649200000","0,1994700000",,76.076447,76447,Seine-Maritime,28.0,Normandie,50.0,4.0,-1.0,1,1.0,28,Normandie,76,2,15,Montivilliers,15457,203,15660.0,1.0,1,,0.0,2.0,0.0,1.0
202200050269,1.0,1,1,-1,-1.0,-1.0,-1.0, -1,-1.0,,Z01,25,11,2022,09:15,1,76.0,76447,2,1,1.0,6.0,René Coty,"49,5438100000","0,1913400000",,76.076447,76447,Seine-Maritime,28.0,Normandie,30.0,4.0,1.0,1,1.0,28,Normandie,76,2,15,Montivilliers,15457,203,15660.0,2.0,7,,0.0,1.0,0.0,0.0
202200050269,10.0,3,4,2,0.0,0.0,3.0,3,1.0,1980.0,Z01,25,11,2022,09:15,1,76.0,76447,2,1,1.0,6.0,René Coty,"49,5438100000","0,1913400000",,76.076447,76447,Seine-Maritime,28.0,Normandie,30.0,4.0,1.0,1,1.0,28,Normandie,76,2,15,Montivilliers,15457,203,15660.0,2.0,7,,0.0,1.0,0.0,0.0
202200050356,1.0,1,4,2,5.0,1.0,0.0,0,-1.0,1948.0,A01,30,3,2022,14:20,1,76.0,76684,1,1,2.0,6.0,D39,"49,4853010000","0,4633030000",,76.076684,76684,Seine-Maritime,28.0,Normandie,70.0,3.0,2.0,2,2.0,28,Normandie,76,2,3,TancarvilLe1218,24,1242,,1.0,7,,2.0,0.0,1.0,1.0
202200050455,10.0,3,3,1,5.0,0.0,1.0,3,1.0,1978.0,A01,25,10,2022,08:45,1,76.0,76452,2,9,1.0,6.0,Place de l Abbe Kerebel,"49,5476030000","1,0735950000",,76.076452,76452,Seine-Maritime,28.0,Normandie,10.0,9.0,1.0,2,2.0,28,Normandie,76,3,2,MontvilLe4595,51,4646,,3.0,7,,0.0,0.0,2.0,1.0
202200050455,1.0,1,1,1,5.0,1.0,0.0,0,-1.0,1986.0,A01,25,10,2022,08:45,1,76.0,76452,2,9,1.0,6.0,Place de l Abbe Kerebel,"49,5476030000","1,0735950000",,76.076452,76452,Seine-Maritime,28.0,Normandie,10.0,9.0,1.0,2,2.0,28,Normandie,76,3,2,MontvilLe4595,51,4646,,3.0,7,,0.0,0.0,2.0,1.0
202200050455,2.0,2,1,1,5.0,1.0,0.0,0,-1.0,2012.0,A01,25,10,2022,08:45,1,76.0,76452,2,9,1.0,6.0,Place de l Abbe Kerebel,"49,5476030000","1,0735950000",,76.076452,76452,Seine-Maritime,28.0,Normandie,10.0,9.0,1.0,2,2.0,28,Normandie,76,3,2,MontvilLe4595,51,4646,,3.0,7,,0.0,0.0,2.0,1.0
202200050468,10.0,3,4,2,5.0,0.0,4.0,5,1.0,2004.0,A01,27,3,2022,19:30,1,76.0,76351,2,1,1.0,6.0,ALBERT 1ER,"49,4974400000","0,0923300000",,76.076351,76351,Seine-Maritime,28.0,Normandie,50.0,4.0,3.0,4,1.0,28,Normandie,76,2,96,LeHavre,166058,1780,167838.0,2.0,7,,0.0,1.0,2.0,0.0
202200050468,1.0,1,1,2,0.0,1.0,-1.0, -1,-1.0,2004.0,A01,27,3,2022,19:30,1,76.0,76351,2,1,1.0,6.0,ALBERT 1ER,"49,4974400000","0,0923300000",,76.076351,76351,Seine-Maritime,28.0,Normandie,50.0,4.0,3.0,4,1.0,28,Normandie,76,2,96,LeHavre,166058,1780,167838.0,2.0,7,,0.0,1.0,2.0,0.0
202200050640,1.0,1,1,1,5.0,8.0,-1.0, -1,-1.0,1999.0,B01,13,8,2022,00:10,5,76.0,76484,1,1,1.0,1.0,Route des Roches,"49,3262800000","1,0418100000",,76.076484,76484,Seine-Maritime,28.0,Normandie,50.0,7.0,2.0,2,1.0,28,Normandie,76,3,31,Oissel,12367,83,12450.0,3.0,7,,0.0,2.0,0.0,0.0
202200050640,1.0,1,3,1,5.0,2.0,-1.0, -1,-1.0,1992.0,A01,13,8,2022,00:10,5,76.0,76484,1,1,1.0,1.0,Route des Roches,"49,3262800000","1,0418100000",,76.076484,76484,Seine-Maritime,28.0,Normandie,50.0,7.0,2.0,2,1.0,28,Normandie,76,3,31,Oissel,12367,83,12450.0,3.0,33,,0.0,2.0,3.0,1.0
202200050647,1.0,1,1,1,0.0,1.0,0.0,0,-1.0,1998.0,B01,11,8,2022,14:15,1,76.0,76351,2,2,1.0,3.0,MARECHAL JOFFRE (RUE),"49,5000000000","0,1298300000",,76.076351,76351,Seine-Maritime,28.0,Normandie,50.0,4.0,2.0,2,1.0,28,Normandie,76,2,96,LeHavre,166058,1780,167838.0,0.0,7,,0.0,2.0,1.0,1.0
202200050647,1.0,1,4,2,0.0,2.0,0.0,0,-1.0,2004.0,A01,11,8,2022,14:15,1,76.0,76351,2,2,1.0,3.0,MARECHAL JOFFRE (RUE),"49,5000000000","0,1298300000",,76.076351,76351,Seine-Maritime,28.0,Normandie,50.0,4.0,2.0,2,1.0,28,Normandie,76,2,96,LeHavre,166058,1780,167838.0,0.0,50,,0.0,2.0,1.0,1.0
202200050658,1.0,1,3,1,0.0,8.0,-1.0, -1,-1.0,2005.0,A01,28,3,2022,07:45,1,76.0,76552,2,1,1.0,6.0,PRESIDENT FELIX FAURE (BD),"49,5048800000","0,0803500000",,76.076552,76552,Seine-Maritime,28.0,Normandie,50.0,3.0,2.0,2,1.0,28,Normandie,76,2,19,Sainte-Adresse,7116,188,7304.0,2.0,60,,0.0,0.0,0.0,0.0
202200050666,1.0,1,1,1,5.0,2.0,-1.0, -1,-1.0,1990.0,A01,25,3,2022,22:35,5,76.0,76447,2,1,1.0,1.0,D6382,"49,5254504862","0,1830781402",,76.076447,76447,Seine-Maritime,28.0,Normandie,50.0,3.0,2.0,2,1.0,28,Normandie,76,2,15,Montivilliers,15457,203,15660.0,1.0,30,,0.0,2.0,1.0,13.0
202200050666,1.0,1,3,1,1.0,0.0,-1.0, -1,-1.0,1977.0,B01,25,3,2022,22:35,5,76.0,76447,2,1,1.0,1.0,D6382,"49,5254504862","0,1830781402",,76.076447,76447,Seine-Maritime,28.0,Normandie,50.0,3.0,2.0,2,1.0,28,Normandie,76,2,15,Montivilliers,15457,203,15660.0,2.0,1,,0.0,2.0,1.0,1.0
202200050766,2.0,2,1,1,0.0,8.0,-1.0, -1,-1.0,2002.0,A01,20,9,2022,16:20,1,76.0,76322,2,1,1.0,6.0,Avenue Léon Blum,"49,4072300000","1,0484900000",,76.076322,76322,Seine-Maritime,28.0,Normandie,50.0,4.0,2.0,2,1.0,28,Normandie,76,3,13,LeGrand-Quevilly,25975,225,26200.0,3.0,7,,0.0,1.0,2.0,26.0
202200050766,10.0,3,3,2,0.0,0.0,4.0,3,2.0,2017.0,A01,20,9,2022,16:20,1,76.0,76322,2,1,1.0,6.0,Avenue Léon Blum,"49,4072300000","1,0484900000",,76.076322,76322,Seine-Maritime,28.0,Normandie,50.0,4.0,2.0,2,1.0,28,Normandie,76,3,13,LeGrand-Quevilly,25975,225,26200.0,3.0,7,,0.0,1.0,2.0,26.0
202200050766,1.0,1,1,1,5.0,8.0,-1.0, -1,-1.0,2001.0,A01,20,9,2022,16:20,1,76.0,76322,2,1,1.0,6.0,Avenue Léon Blum,"49,4072300000","1,0484900000",,76.076322,76322,Seine-Maritime,28.0,Normandie,50.0,4.0,2.0,2,1.0,28,Normandie,76,3,13,LeGrand-Quevilly,25975,225,26200.0,3.0,7,,0.0,1.0,2.0,26.0
202200050782,1.0,1,4,1,0.0,1.0,-1.0, -1,-1.0,1990.0,A01,19,9,2022,14:27,1,76.0,76341,2,6,1.0,4.0,RD 6015,"49,5109900000","0,1995400000",,76.076341,76341,Seine-Maritime,28.0,Normandie,50.0,3.0,3.0,6,1.0,28,Normandie,76,2,15,Harfleur,8315,53,8368.0,1.0,7,,0.0,2.0,2.0,12.0
202200050782,1.0,1,4,1,0.0,1.0,-1.0, -1,-1.0,1968.0,B01,19,9,2022,14:27,1,76.0,76341,2,6,1.0,4.0,RD 6015,"49,5109900000","0,1995400000",,76.076341,76341,Seine-Maritime,28.0,Normandie,50.0,3.0,3.0,6,1.0,28,Normandie,76,2,15,Harfleur,8315,53,8368.0,1.0,10,,0.0,2.0,3.0,2.0
202200050782,1.0,1,4,2,0.0,1.0,-1.0, -1,-1.0,1999.0,C01,19,9,2022,14:27,1,76.0,76341,2,6,1.0,4.0,RD 6015,"49,5109900000","0,1995400000",,76.076341,76341,Seine-Maritime,28.0,Normandie,50.0,3.0,3.0,6,1.0,28,Normandie,76,2,15,Harfleur,8315,53,8368.0,1.0,7,,0.0,2.0,4.0,2.0
202200050782,1.0,1,1,1,4.0,1.0,-1.0, -1,-1.0,1978.0,D01,19,9,2022,14:27,1,76.0,76341,2,6,1.0,4.0,RD 6015,"49,5109900000","0,1995400000",,76.076341,76341,Seine-Maritime,28.0,Normandie,50.0,3.0,3.0,6,1.0,28,Normandie,76,2,15,Harfleur,8315,53,8368.0,1.0,17,,0.0,2.0,4.0,1.0
202200050791,1.0,1,1,1,1.0,1.0,-1.0, -1,-1.0,1983.0,A01,19,9,2022,08:27,1,76.0,76351,2,1,1.0,3.0,Boulevard Jules Durand,"49,4897400000","0,1549200000",,76.076351,76351,Seine-Maritime,28.0,Normandie,50.0,3.0,2.0,2,1.0,28,Normandie,76,2,96,LeHavre,166058,1780,167838.0,1.0,7,,0.0,2.0,3.0,16.0
202200050791,1.0,1,3,1,1.0,2.0,-1.0, -1,-1.0,1981.0,B01,19,9,2022,08:27,1,76.0,76351,2,1,1.0,3.0,Boulevard Jules Durand,"49,4897400000","0,1549200000",,76.076351,76351,Seine-Maritime,28.0,Normandie,50.0,3.0,2.0,2,1.0,28,Normandie,76,2,96,LeHavre,166058,1780,167838.0,2.0,1,,0.0,2.0,1.0,1.0
202200050990,1.0,1,1,1,3.0,1.0,0.0,0,-1.0,1947.0,A01,10,5,2022,15:50,1,76.0,76517,1,2,1.0,1.0,Route de la Mare aux Loups,"49,5222000000","1,1363120000",,76.076517,76517,Seine-Maritime,28.0,Normandie,80.0,3.0,-1.0,2,1.0,28,Normandie,76,3,2,Quincampoix,3110,68,3178.0,1.0,7,,0.0,2.0,1.0,19.0
202200050990,1.0,1,3,1,3.0,2.0,0.0,0,-1.0,1952.0,B01,10,5,2022,15:50,1,76.0,76517,1,2,1.0,1.0,Route de la Mare aux Loups,"49,5222000000","1,1363120000",,76.076517,76517,Seine-Maritime,28.0,Normandie,80.0,3.0,-1.0,2,1.0,28,Normandie,76,3,2,Quincampoix,3110,68,3178.0,2.0,32,,0.0,2.0,8.0,1.0
202200051044,1.0,1,1,1,5.0,1.0,-1.0, -1,-1.0,2003.0,A01,6,1,2022,18:50,5,76.0,76402,2,1,1.0,1.0,Rue Georges Pellerin,"49,5260700000","1,0362000000",,76.076402,76402,Seine-Maritime,28.0,Normandie,50.0,7.0,2.0,2,1.0,28,Normandie,76,3,24,Malaunay,6143,49,6192.0,1.0,7,,0.0,1.0,3.0,1.0
202200051044,10.0,3,3,2,5.0,0.0,1.0,4,1.0,1990.0,A01,6,1,2022,18:50,5,76.0,76402,2,1,1.0,1.0,Rue Georges Pellerin,"49,5260700000","1,0362000000",,76.076402,76402,Seine-Maritime,28.0,Normandie,50.0,7.0,2.0,2,1.0,28,Normandie,76,3,24,Malaunay,6143,49,6192.0,1.0,7,,0.0,1.0,3.0,1.0
202200051044,1.0,1,1,1,5.0,1.0,-1.0, -1,-1.0,1988.0,B01,6,1,2022,18:50,5,76.0,76402,2,1,1.0,1.0,Rue Georges Pellerin,"49,5260700000","1,0362000000",,76.076402,76402,Seine-Maritime,28.0,Normandie,50.0,7.0,2.0,2,1.0,28,Normandie,76,3,24,Malaunay,6143,49,6192.0,2.0,7,,0.0,2.0,3.0,1.0
202200051048,1.0,1,4,1,0.0,2.0,-1.0, -1,-1.0,1970.0,B01,6,1,2022,15:05,1,76.0,76095,2,1,1.0,3.0,Route de Neufchatel,"49,4576466867","1,1081765592",,76.076095,76095,Seine-Maritime,28.0,Normandie,50.0,7.0,2.0,2,1.0,28,Normandie,76,3,2,Bihorel,8199,164,8363.0,0.0,33,,0.0,2.0,1.0,1.0
202200051048,1.0,1,1,1,5.0,1.0,-1.0, -1,-1.0,1964.0,A01,6,1,2022,15:05,1,76.0,76095,2,1,1.0,3.0,Route de Neufchatel,"49,4576466867","1,1081765592",,76.076095,76095,Seine-Maritime,28.0,Normandie,50.0,7.0,2.0,2,1.0,28,Normandie,76,3,2,Bihorel,8199,164,8363.0,0.0,7,,0.0,2.0,1.0,10.0
202200051093,1.0,1,1,1,1.0,1.0,0.0,0,-1.0,1980.0,A01,13,8,2022,12:35,1,76.0,76456,1,1,1.0,1.0,Rue du Bois Saint-Jacques,"49,6433527520","0,8429217337",,76.076456,76456,Seine-Maritime,28.0,Normandie,80.0,3.0,2.0,2,1.0,28,Normandie,76,3,35,MottevilLe771,11,782,,1.0,7,,0.0,2.0,1.0,13.0
202200051093,1.0,1,2,1,5.0,2.0,0.0,0,-1.0,1987.0,B01,13,8,2022,12:35,1,76.0,76456,1,1,1.0,1.0,Rue du Bois Saint-Jacques,"49,6433527520","0,8429217337",,76.076456,76456,Seine-Maritime,28.0,Normandie,80.0,3.0,2.0,2,1.0,28,Normandie,76,3,35,MottevilLe771,11,782,,2.0,1,,0.0,2.0,1.0,1.0
202200051144,1.0,1,1,1,5.0,1.0,-1.0, -1,-1.0,1970.0,C01,27,3,2022,15:30,1,76.0,76728,1,1,1.0,3.0,A150 PK 006+500,"49,4876430000","1,0018160000",,76.076728,76728,Seine-Maritime,28.0,Normandie,130.0,1.0,3.0,2,1.0,28,Normandie,76,3,24,La Vaupalière,1192,21,1213.0,1.0,15,,0.0,0.0,6.0,2.0
202200051144,1.0,1,1,1,5.0,1.0,0.0,0,-1.0,1988.0,A01,27,3,2022,15:30,1,76.0,76728,1,1,1.0,3.0,A150 PK 006+500,"49,4876430000","1,0018160000",,76.076728,76728,Seine-Maritime,28.0,Normandie,130.0,1.0,3.0,2,1.0,28,Normandie,76,3,24,La Vaupalière,1192,21,1213.0,1.0,7,,0.0,2.0,7.0,2.0
202200051144,2.0,2,3,1,5.0,1.0,0.0,0,-1.0,2000.0,A01,27,3,2022,15:30,1,76.0,76728,1,1,1.0,3.0,A150 PK 006+500,"49,4876430000","1,0018160000",,76.076728,76728,Seine-Maritime,28.0,Normandie,130.0,1.0,3.0,2,1.0,28,Normandie,76,3,24,La Vaupalière,1192,21,1213.0,1.0,7,,0.0,2.0,7.0,2.0
202200051156,1.0,1,1,1,0.0,1.0,0.0,0,-1.0,1967.0,B01,16,3,2022,17:40,1,76.0,76392,2,3,1.0,3.0,Rue du Maréchal Leclerc,"49,8331754155","1,4021435380",,76.076392,76392,Seine-Maritime,28.0,Normandie,50.0,3.0,2.0,2,1.0,28,Normandie,76,1,23,Londinières,1243,20,1263.0,1.0,7,,0.0,2.0,3.0,9.0
202200051156,1.0,1,4,1,0.0,2.0,0.0,0,-1.0,2004.0,A01,16,3,2022,17:40,1,76.0,76392,2,3,1.0,3.0,Rue du Maréchal Leclerc,"49,8331754155","1,4021435380",,76.076392,76392,Seine-Maritime,28.0,Normandie,50.0,3.0,2.0,2,1.0,28,Normandie,76,1,23,Londinières,1243,20,1263.0,2.0,31,,0.0,2.0,7.0,1.0
202200051351,2.0,2,3,2,5.0,2.0,0.0,0,-1.0,1997.0,A01,8,5,2022,18:00,1,76.0,76528,1,9,1.0,6.0,Rue du Poteau Maitre Jean,"49,9174090000","1,5877390000",,76.076528,76528,Seine-Maritime,28.0,Normandie,50.0,9.0,-1.0,1,9.0,28,Normandie,76,1,10,Rieux,603,12,615.0,0.0,36,,2.0,0.0,1.0,0.0
202200051351,1.0,1,1,2,5.0,2.0,0.0,0,-1.0,1995.0,A01,8,5,2022,18:00,1,76.0,76528,1,9,1.0,6.0,Rue du Poteau Maitre Jean,"49,9174090000","1,5877390000",,76.076528,76528,Seine-Maritime,28.0,Normandie,50.0,9.0,-1.0,1,9.0,28,Normandie,76,1,10,Rieux,603,12,615.0,0.0,36,,2.0,0.0,1.0,0.0
202200051422,1.0,1,4,1,1.0,2.0,-1.0, -1,-1.0,1986.0,B01,5,1,2022,16:35,1,76.0,76322,2,1,1.0,1.0,Chemin de la Voute,"49,4080000000","1,0350000000",,76.076322,76322,Seine-Maritime,28.0,Normandie,50.0,7.0,2.0,2,1.0,28,Normandie,76,3,13,LeGrand-Quevilly,25975,225,26200.0,2.0,33,,0.0,2.0,1.0,1.0
202200051422,1.0,1,1,1,9.0,1.0,-1.0, -1,-1.0,1966.0,A01,5,1,2022,16:35,1,76.0,76322,2,1,1.0,1.0,Chemin de la Voute,"49,4080000000","1,0350000000",,76.076322,76322,Seine-Maritime,28.0,Normandie,50.0,7.0,2.0,2,1.0,28,Normandie,76,3,13,LeGrand-Quevilly,25975,225,26200.0,1.0,7,,0.0,2.0,3.0,15.0
202200051424,1.0,1,4,1,5.0,8.0,-1.0, -1,-1.0,2003.0,A01,3,1,2022,22:20,5,76.0,76540,2,2,2.0,7.0,Quai Pierre Corneille,"49,4381500000","1,0919300000",,76.076540,76540,Seine-Maritime,28.0,Normandie,50.0,7.0,2.0,3,2.0,28,Normandie,76,3,97,Rouen,114083,1556,115639.0,3.0,7,,12.0,0.0,1.0,7.0
202200051424,2.0,2,1,1,5.0,8.0,-1.0, -1,-1.0,2004.0,A01,3,1,2022,22:20,5,76.0,76540,2,2,2.0,7.0,Quai Pierre Corneille,"49,4381500000","1,0919300000",,76.076540,76540,Seine-Maritime,28.0,Normandie,50.0,7.0,2.0,3,2.0,28,Normandie,76,3,97,Rouen,114083,1556,115639.0,3.0,7,,12.0,0.0,1.0,7.0
202200051424,3.0,2,4,2,5.0,8.0,-1.0, -1,-1.0,2001.0,A01,3,1,2022,22:20,5,76.0,76540,2,2,2.0,7.0,Quai Pierre Corneille,"49,4381500000","1,0919300000",,76.076540,76540,Seine-Maritime,28.0,Normandie,50.0,7.0,2.0,3,2.0,28,Normandie,76,3,97,Rouen,114083,1556,115639.0,3.0,7,,12.0,0.0,1.0,7.0
202200051425,10.0,3,3,1,2.0,0.0,1.0,3,1.0,2004.0,A01,3,1,2022,08:10,5,76.0,76447,2,1,1.0,6.0,CLAUDE DEBUSSY,"49,5454700000","0,1674000000",,76.076447,76447,Seine-Maritime,28.0,Normandie,50.0,4.0,2.0,1,1.0,28,Normandie,76,2,15,Montivilliers,15457,203,15660.0,0.0,7,,0.0,1.0,1.0,15.0
202200051425,1.0,1,1,1,5.0,1.0,-1.0, -1,-1.0,1945.0,A01,3,1,2022,08:10,5,76.0,76447,2,1,1.0,6.0,CLAUDE DEBUSSY,"49,5454700000","0,1674000000",,76.076447,76447,Seine-Maritime,28.0,Normandie,50.0,4.0,2.0,1,1.0,28,Normandie,76,2,15,Montivilliers,15457,203,15660.0,0.0,7,,0.0,1.0,1.0,15.0
202200051513,1.0,1,3,2,4.0,2.0,-1.0, -1,-1.0,1972.0,B01,11,2,2022,10:10,1,76.0,76351,2,6,1.0,3.0,SOUVENIR FRANCAIS (ROND POINT),"49,5200600000","0,0883900000",,76.076351,76351,Seine-Maritime,28.0,Normandie,50.0,3.0,2.0,2,1.0,28,Normandie,76,2,96,LeHavre,166058,1780,167838.0,0.0,80,,0.0,2.0,7.0,1.0
202200051513,1.0,1,1,2,0.0,1.0,-1.0, -1,-1.0,1945.0,A01,11,2,2022,10:10,1,76.0,76351,2,6,1.0,3.0,SOUVENIR FRANCAIS (ROND POINT),"49,5200600000","0,0883900000",,76.076351,76351,Seine-Maritime,28.0,Normandie,50.0,3.0,2.0,2,1.0,28,Normandie,76,2,96,LeHavre,166058,1780,167838.0,2.0,7,,0.0,2.0,1.0,9.0
202200051684,1.0,1,2,1,5.0,1.0,0.0,0,-1.0,1929.0,A01,8,7,2022,22:00,2,76.0,76698,1,1,1.0,6.0,D915,"49,8069000000","1,1843600000",,76.076698,76698,Seine-Maritime,28.0,Normandie,80.0,3.0,2.0,3,1.0,28,Normandie,76,1,20,Torcy-le-Petit,508,8,516.0,2.0,7,,2.0,0.0,1.0,13.0
202200051782,1.0,1,4,1,1.0,1.0,0.0,0,-1.0,1985.0,B01,7,6,2022,05:45,1,76.0,76592,1,1,1.0,3.0,D 982,"49,4907510000","0,4711460000",,76.076592,76592,Seine-Maritime,28.0,Normandie,90.0,3.0,2.0,2,1.0,28,Normandie,76,2,3,Saint-Jean-de-FollevilLe800,26,826,,1.0,7,,0.0,2.0,8.0,1.0
202200051782,1.0,1,4,1,1.0,1.0,0.0,0,-1.0,1975.0,A01,7,6,2022,05:45,1,76.0,76592,1,1,1.0,3.0,D 982,"49,4907510000","0,4711460000",,76.076592,76592,Seine-Maritime,28.0,Normandie,90.0,3.0,2.0,2,1.0,28,Normandie,76,2,3,Saint-Jean-de-FollevilLe800,26,826,,2.0,7,,0.0,2.0,8.0,13.0
202200051850,1.0,1,4,1,0.0,1.0,0.0,0,-1.0,1992.0,A01,28,4,2022,00:50,3,76.0,76222,1,1,1.0,6.0,Route du Havre,"49,4666600000","0,8538650000",,76.076222,76222,Seine-Maritime,28.0,Normandie,50.0,7.0,2.0,2,1.0,28,Normandie,76,3,1,Duclair,4020,52,4072.0,0.0,7,,2.0,0.0,1.0,13.0
202200051948,2.0,2,4,1,9.0,1.0,0.0,0,-1.0,2001.0,A01,15,2,2022,23:50,3,76.0,76663,1,9,3.0,6.0,D17,"49,7893410000","0,5285080000",,76.076663,76663,Seine-Maritime,28.0,Normandie,70.0,3.0,2.0,2,2.0,28,Normandie,76,2,11,Sassetot-le-Mauconduit,1011,19,1030.0,3.0,7,,2.0,0.0,6.0,1.0
202200051948,8.0,2,1,1,5.0,1.0,0.0,0,-1.0,2001.0,A01,15,2,2022,23:50,3,76.0,76663,1,9,3.0,6.0,D17,"49,7893410000","0,5285080000",,76.076663,76663,Seine-Maritime,28.0,Normandie,70.0,3.0,2.0,2,2.0,28,Normandie,76,2,11,Sassetot-le-Mauconduit,1011,19,1030.0,3.0,7,,2.0,0.0,6.0,1.0
202200051948,1.0,1,1,2,5.0,1.0,0.0,0,-1.0,2000.0,A01,15,2,2022,23:50,3,76.0,76663,1,9,3.0,6.0,D17,"49,7893410000","0,5285080000",,76.076663,76663,Seine-Maritime,28.0,Normandie,70.0,3.0,2.0,2,2.0,28,Normandie,76,2,11,Sassetot-le-Mauconduit,1011,19,1030.0,3.0,7,,2.0,0.0,6.0,1.0
202200051972,10.0,3,4,2,5.0,0.0,3.0,3,1.0,2000.0,Z01,27,11,2022,20:25,5,76.0,76540,2,2,2.0,6.0,Rue Grieu,"49,4403500000","1,1285000000",,76.076540,76540,Seine-Maritime,28.0,Normandie,50.0,7.0,2.0,2,2.0,28,Normandie,76,3,97,Rouen,114083,1556,115639.0,0.0,7,,0.0,1.0,2.0,15.0
202200051972,1.0,1,1,-1,-1.0,-1.0,-1.0, -1,-1.0,,Z01,27,11,2022,20:25,5,76.0,76540,2,2,2.0,6.0,Rue Grieu,"49,4403500000","1,1285000000",,76.076540,76540,Seine-Maritime,28.0,Normandie,50.0,7.0,2.0,2,2.0,28,Normandie,76,3,97,Rouen,114083,1556,115639.0,0.0,7,,0.0,1.0,2.0,15.0
202200051989,4.0,2,1,2,3.0,1.0,0.0,0,-1.0,1964.0,C01,27,11,2022,14:25,1,76.0,76540,2,9,2.0,4.0,Route du Havre,"49,4508300000","1,0577100000",,76.076540,76540,Seine-Maritime,28.0,Normandie,50.0,7.0,1.0,4,2.0,28,Normandie,76,3,97,Rouen,114083,1556,115639.0,3.0,7,,0.0,2.0,4.0,2.0
202200051989,2.0,2,4,2,3.0,1.0,0.0,0,-1.0,1941.0,C01,27,11,2022,14:25,1,76.0,76540,2,9,2.0,4.0,Route du Havre,"49,4508300000","1,0577100000",,76.076540,76540,Seine-Maritime,28.0,Normandie,50.0,7.0,1.0,4,2.0,28,Normandie,76,3,97,Rouen,114083,1556,115639.0,3.0,7,,0.0,2.0,4.0,2.0
202200051989,1.0,1,1,1,3.0,1.0,0.0,0,-1.0,1944.0,C01,27,11,2022,14:25,1,76.0,76540,2,9,2.0,4.0,Route du Havre,"49,4508300000","1,0577100000",,76.076540,76540,Seine-Maritime,28.0,Normandie,50.0,7.0,1.0,4,2.0,28,Normandie,76,3,97,Rouen,114083,1556,115639.0,3.0,7,,0.0,2.0,4.0,2.0
202200051989,1.0,1,4,1,0.0,1.0,0.0,0,-1.0,1964.0,B01,27,11,2022,14:25,1,76.0,76540,2,9,2.0,4.0,Route du Havre,"49,4508300000","1,0577100000",,76.076540,76540,Seine-Maritime,28.0,Normandie,50.0,7.0,1.0,4,2.0,28,Normandie,76,3,97,Rouen,114083,1556,115639.0,3.0,7,,0.0,2.0,9.0,1.0
202200051989,1.0,1,1,1,0.0,1.0,0.0,0,-1.0,1959.0,A01,27,11,2022,14:25,1,76.0,76540,2,9,2.0,4.0,Route du Havre,"49,4508300000","1,0577100000",,76.076540,76540,Seine-Maritime,28.0,Normandie,50.0,7.0,1.0,4,2.0,28,Normandie,76,3,97,Rouen,114083,1556,115639.0,3.0,10,,0.0,2.0,1.0,2.0
202200052138,1.0,1,3,1,0.0,2.0,-1.0, -1,-1.0,2001.0,A01,27,3,2022,09:00,1,76.0,76540,2,1,1.0,6.0,Quai de la Bourse (Bas),"49,4380600000","1,0912000000",,76.076540,76540,Seine-Maritime,28.0,Normandie,50.0,4.0,1.0,1,1.0,28,Normandie,76,3,97,Rouen,114083,1556,115639.0,0.0,2,,4.0,0.0,7.0,2.0
202200052146,1.0,1,3,1,9.0,2.0,0.0,0,-1.0,1988.0,A01,23,10,2022,19:50,3,76.0,76484,1,1,1.0,5.0,A13,"49,3436350000","1,0565760000",,76.076484,76484,Seine-Maritime,28.0,Normandie,110.0,1.0,3.0,5,1.0,28,Normandie,76,3,31,Oissel,12367,83,12450.0,1.0,32,,0.0,0.0,4.0,0.0