Num_Acc,place,catu,grav,sexe,trajet,secu,locp,actp,etatp,an_nais,num_veh,jour,mois,an,hrmn,lum,dep,com,agg,int,atm,col,adr,lat,long,gps,com_insee_temp,com_insee,departmentName,regionCode,regionName,vma,catr,circ,nbv,surf,Code,Region,Departement,Arrondissement,Code_Canton,Nom_Commune,Population_municipaLe,Population_comptee_a_part,Population_Totale,senc,catv,occutc,obs,obsm,choc,manv
202200054283,1.0,1,4,1,5.0,8.0,-1.0, -1,-1.0,1970.0,A01,2,1,2022,23:12,5,76.0,76540,1,1,1.0,6.0,N28,"49,4383300000","1,1297400000",,76.076540,76540,Seine-Maritime,28.0,Normandie,70.0,2.0,3.0,2,1.0,28,Normandie,76,3,97,Rouen,114083,1556,115639.0,1.0,7,,14.0,0.0,1.0,1.0
202200054481,10.0,3,3,1,0.0,0.0,3.0,3,1.0,2002.0,A01,20,10,2022,17:35,1,76.0,76640,2,2,1.0,6.0,Avenue de Bonport,"49,2889100000","1,0414000000",,76.076640,76640,Seine-Maritime,28.0,Normandie,50.0,4.0,2.0,2,1.0,28,Normandie,76,3,5,Saint-Pierre-lès-Elbeuf,8285,87,8372.0,3.0,7,,0.0,1.0,2.0,1.0
202200054481,1.0,1,1,1,1.0,1.0,-1.0, -1,-1.0,1967.0,A01,20,10,2022,17:35,1,76.0,76640,2,2,1.0,6.0,Avenue de Bonport,"49,2889100000","1,0414000000",,76.076640,76640,Seine-Maritime,28.0,Normandie,50.0,4.0,2.0,2,1.0,28,Normandie,76,3,5,Saint-Pierre-lès-Elbeuf,8285,87,8372.0,3.0,7,,0.0,1.0,2.0,1.0
202200054635,10.0,3,3,2,2.0,0.0,5.0,1,2.0,2014.0,A01,25,3,2022,08:20,1,76.0,76351,2,9,1.0,6.0,BIGNE A FOSSE,"49,5260700000","0,1122100000",,76.076351,76351,Seine-Maritime,28.0,Normandie,50.0,4.0,2.0,2,1.0,28,Normandie,76,2,96,LeHavre,166058,1780,167838.0,3.0,7,,15.0,1.0,1.0,16.0
202200054635,1.0,1,1,1,2.0,1.0,-1.0, -1,-1.0,1979.0,A01,25,3,2022,08:20,1,76.0,76351,2,9,1.0,6.0,BIGNE A FOSSE,"49,5260700000","0,1122100000",,76.076351,76351,Seine-Maritime,28.0,Normandie,50.0,4.0,2.0,2,1.0,28,Normandie,76,2,96,LeHavre,166058,1780,167838.0,3.0,7,,15.0,1.0,1.0,16.0
202200054665,1.0,1,3,2,3.0,1.0,0.0,0,-1.0,1942.0,A01,4,6,2022,16:00,1,76.0,76240,1,1,1.0,1.0,Route du Havre,"49,7155030000","0,3661540000",,76.076240,76240,Seine-Maritime,28.0,Normandie,80.0,3.0,2.0,2,1.0,28,Normandie,76,2,11,ÉprevilLe1052,28,1080,,2.0,7,,0.0,2.0,3.0,1.0
202200054665,2.0,2,3,1,3.0,1.0,0.0,0,-1.0,2007.0,A01,4,6,2022,16:00,1,76.0,76240,1,1,1.0,1.0,Route du Havre,"49,7155030000","0,3661540000",,76.076240,76240,Seine-Maritime,28.0,Normandie,80.0,3.0,2.0,2,1.0,28,Normandie,76,2,11,ÉprevilLe1052,28,1080,,2.0,7,,0.0,2.0,3.0,1.0
202200054665,4.0,2,3,2,3.0,1.0,0.0,0,-1.0,2017.0,A01,4,6,2022,16:00,1,76.0,76240,1,1,1.0,1.0,Route du Havre,"49,7155030000","0,3661540000",,76.076240,76240,Seine-Maritime,28.0,Normandie,80.0,3.0,2.0,2,1.0,28,Normandie,76,2,11,ÉprevilLe1052,28,1080,,2.0,7,,0.0,2.0,3.0,1.0
202200054665,1.0,1,4,1,1.0,1.0,0.0,0,-1.0,1959.0,B01,4,6,2022,16:00,1,76.0,76240,1,1,1.0,1.0,Route du Havre,"49,7155030000","0,3661540000",,76.076240,76240,Seine-Maritime,28.0,Normandie,80.0,3.0,2.0,2,1.0,28,Normandie,76,2,11,ÉprevilLe1052,28,1080,,1.0,7,,0.0,2.0,3.0,13.0
202200054673,1.0,1,2,2,5.0,1.0,0.0,0,-1.0,1972.0,A01,2,6,2022,17:05,1,76.0,76101,2,1,1.0,6.0,14 Rue du Chant des Oiseaux,"49,9285990000","1,6272470000",,76.076101,76101,Seine-Maritime,28.0,Normandie,50.0,4.0,2.0,2,1.0,28,Normandie,76,1,10,Blangy-sur-BresLe2862,28,2890,,1.0,7,,8.0,0.0,3.0,0.0
202200054972,1.0,1,3,2,1.0,2.0,-1.0, -1,-1.0,1979.0,B01,1,1,2022,07:20,5,76.0,76410,2,1,1.0,2.0,Route de Dieppe,"49,4789300000","1,0470100000",,76.076410,76410,Seine-Maritime,28.0,Normandie,50.0,7.0,2.0,2,1.0,28,Normandie,76,3,4,Maromme,11024,122,11146.0,2.0,1,,0.0,2.0,4.0,1.0
202200054972,1.0,1,1,1,5.0,8.0,-1.0, -1,-1.0,1993.0,A01,1,1,2022,07:20,5,76.0,76410,2,1,1.0,2.0,Route de Dieppe,"49,4789300000","1,0470100000",,76.076410,76410,Seine-Maritime,28.0,Normandie,50.0,7.0,2.0,2,1.0,28,Normandie,76,3,4,Maromme,11024,122,11146.0,2.0,7,,0.0,2.0,1.0,2.0
202200055071,1.0,1,1,2,0.0,1.0,-1.0, -1,-1.0,1972.0,A01,12,2,2022,20:50,5,76.0,76108,2,2,6.0,3.0,Rue Girot,"49,4609700000","1,1106090000",,76.076108,76108,Seine-Maritime,28.0,Normandie,50.0,7.0,2.0,2,1.0,28,Normandie,76,3,2,Bois-Guillaume,14262,361,14623.0,1.0,7,,0.0,2.0,3.0,15.0
202200055071,1.0,1,4,1,0.0,2.0,-1.0, -1,-1.0,1999.0,B01,12,2,2022,20:50,5,76.0,76108,2,2,6.0,3.0,Rue Girot,"49,4609700000","1,1106090000",,76.076108,76108,Seine-Maritime,28.0,Normandie,50.0,7.0,2.0,2,1.0,28,Normandie,76,3,2,Bois-Guillaume,14262,361,14623.0,1.0,33,,0.0,2.0,1.0,2.0
202200055071,2.0,2,4,1,0.0,2.0,-1.0, -1,-1.0,1996.0,B01,12,2,2022,20:50,5,76.0,76108,2,2,6.0,3.0,Rue Girot,"49,4609700000","1,1106090000",,76.076108,76108,Seine-Maritime,28.0,Normandie,50.0,7.0,2.0,2,1.0,28,Normandie,76,3,2,Bois-Guillaume,14262,361,14623.0,1.0,33,,0.0,2.0,1.0,2.0
202200055074,1.0,1,4,1,0.0,2.0,-1.0, -1,-1.0,2004.0,A01,6,8,2022,07:20,1,76.0,76351,2,1,1.0,7.0,LAMARTINE,"49,4911600000","0,1417500000",,76.076351,76351,Seine-Maritime,28.0,Normandie,50.0,4.0,2.0,2,1.0,28,Normandie,76,2,96,LeHavre,166058,1780,167838.0,0.0,30,,0.0,0.0,0.0,0.0
202100000005,1.0,1,4,2,1.0,1.0,-1.0, -1,-1.0,1997.0,A01,25,2,2021,07:20,5,76.0,76429,2,1,1.0,2.0,PARIS. ROUTE DE,"49,4083800000","1,1458100000",,76.076429,76429,Seine-Maritime,28.0,Normandie,50.0,7.0,2.0,2,1.0,28,Normandie,76,3,21,LeMesnil-Esnard,7980,353,8333.0,2.0,7,,0.0,2.0,4.0,1.0
202100000005,1.0,1,-1,-1,-1.0,8.0,-1.0, -1,-1.0,,Z01,25,2,2021,07:20,5,76.0,76429,2,1,1.0,2.0,PARIS. ROUTE DE,"49,4083800000","1,1458100000",,76.076429,76429,Seine-Maritime,28.0,Normandie,50.0,7.0,2.0,2,1.0,28,Normandie,76,3,21,LeMesnil-Esnard,7980,353,8333.0,2.0,7,,0.0,2.0,1.0,0.0
202100000081,1.0,1,4,1,0.0,1.0,-1.0, -1,-1.0,1997.0,A01,11,12,2021,02:00,5,76.0,76322,2,1,1.0,6.0,Boulevard Jules Dumont d’Urville,"49,3982000000","1,0460100000",,76.076322,76322,Seine-Maritime,28.0,Normandie,50.0,4.0,2.0,2,1.0,28,Normandie,76,3,13,LeGrand-Quevilly,25975,225,26200.0,0.0,7,,2.0,0.0,1.0,1.0
202100000081,2.0,2,4,1,0.0,1.0,-1.0, -1,-1.0,1998.0,A01,11,12,2021,02:00,5,76.0,76322,2,1,1.0,6.0,Boulevard Jules Dumont d’Urville,"49,3982000000","1,0460100000",,76.076322,76322,Seine-Maritime,28.0,Normandie,50.0,4.0,2.0,2,1.0,28,Normandie,76,3,13,LeGrand-Quevilly,25975,225,26200.0,0.0,7,,2.0,0.0,1.0,1.0
202100000081,3.0,2,4,1,0.0,1.0,-1.0, -1,-1.0,1997.0,A01,11,12,2021,02:00,5,76.0,76322,2,1,1.0,6.0,Boulevard Jules Dumont d’Urville,"49,3982000000","1,0460100000",,76.076322,76322,Seine-Maritime,28.0,Normandie,50.0,4.0,2.0,2,1.0,28,Normandie,76,3,13,LeGrand-Quevilly,25975,225,26200.0,0.0,7,,2.0,0.0,1.0,1.0
202100000081,4.0,2,4,1,0.0,1.0,-1.0, -1,-1.0,1997.0,A01,11,12,2021,02:00,5,76.0,76322,2,1,1.0,6.0,Boulevard Jules Dumont d’Urville,"49,3982000000","1,0460100000",,76.076322,76322,Seine-Maritime,28.0,Normandie,50.0,4.0,2.0,2,1.0,28,Normandie,76,3,13,LeGrand-Quevilly,25975,225,26200.0,0.0,7,,2.0,0.0,1.0,1.0
202100000081,5.0,2,4,1,0.0,1.0,-1.0, -1,-1.0,1997.0,A01,11,12,2021,02:00,5,76.0,76322,2,1,1.0,6.0,Boulevard Jules Dumont d’Urville,"49,3982000000","1,0460100000",,76.076322,76322,Seine-Maritime,28.0,Normandie,50.0,4.0,2.0,2,1.0,28,Normandie,76,3,13,LeGrand-Quevilly,25975,225,26200.0,0.0,7,,2.0,0.0,1.0,1.0
202100000491,1.0,1,1,2,0.0,1.0,-1.0, -1,-1.0,1990.0,A01,29,10,2021,17:45,1,76.0,76351,2,1,1.0,4.0,VERDUN (RUE DE),"49,5017868881","0,1546383607",,76.076351,76351,Seine-Maritime,28.0,Normandie,50.0,3.0,2.0,2,1.0,28,Normandie,76,2,96,LeHavre,166058,1780,167838.0,2.0,7,,0.0,2.0,1.0,2.0
202100000491,1.0,1,4,1,0.0,2.0,-1.0, -1,-1.0,1963.0,B01,29,10,2021,17:45,1,76.0,76351,2,1,1.0,4.0,VERDUN (RUE DE),"49,5017868881","0,1546383607",,76.076351,76351,Seine-Maritime,28.0,Normandie,50.0,3.0,2.0,2,1.0,28,Normandie,76,2,96,LeHavre,166058,1780,167838.0,2.0,33,,0.0,2.0,4.0,23.0
202100000491,1.0,1,4,2,0.0,1.0,-1.0, -1,-1.0,1986.0,C01,29,10,2021,17:45,1,76.0,76351,2,1,1.0,4.0,VERDUN (RUE DE),"49,5017868881","0,1546383607",,76.076351,76351,Seine-Maritime,28.0,Normandie,50.0,3.0,2.0,2,1.0,28,Normandie,76,2,96,LeHavre,166058,1780,167838.0,2.0,7,,0.0,2.0,4.0,23.0
202100000492,1.0,1,1,1,4.0,1.0,-1.0, -1,-1.0,1999.0,B01,27,10,2021,16:20,1,76.0,76351,2,1,1.0,2.0,SEIZIEME PORT (AVENUE DU),"49,4821030652","0,1601892332",,76.076351,76351,Seine-Maritime,28.0,Normandie,50.0,4.0,3.0,3,1.0,28,Normandie,76,2,96,LeHavre,166058,1780,167838.0,0.0,15,,0.0,2.0,4.0,23.0
202100000492,1.0,1,3,1,0.0,2.0,-1.0, -1,-1.0,1982.0,A01,27,10,2021,16:20,1,76.0,76351,2,1,1.0,2.0,SEIZIEME PORT (AVENUE DU),"49,4821030652","0,1601892332",,76.076351,76351,Seine-Maritime,28.0,Normandie,50.0,4.0,3.0,3,1.0,28,Normandie,76,2,96,LeHavre,166058,1780,167838.0,0.0,33,,0.0,2.0,1.0,1.0
202100000493,1.0,1,1,2,0.0,1.0,-1.0, -1,-1.0,1997.0,Z01,19,10,2021,13:30,1,76.0,76351,2,1,1.0,2.0,STRASBOURG (BD),"49,4927600000","0,1201600000",,76.076351,76351,Seine-Maritime,28.0,Normandie,50.0,4.0,2.0,2,1.0,28,Normandie,76,2,96,LeHavre,166058,1780,167838.0,0.0,7,,0.0,2.0,1.0,1.0
202100000493,1.0,1,4,2,5.0,1.0,-1.0, -1,-1.0,1968.0,A01,19,10,2021,13:30,1,76.0,76351,2,1,1.0,2.0,STRASBOURG (BD),"49,4927600000","0,1201600000",,76.076351,76351,Seine-Maritime,28.0,Normandie,50.0,4.0,2.0,2,1.0,28,Normandie,76,2,96,LeHavre,166058,1780,167838.0,0.0,7,,0.0,2.0,4.0,23.0
202100000494,1.0,1,4,1,0.0,2.0,-1.0, -1,-1.0,1966.0,B01,17,10,2021,21:25,4,76.0,76351,2,2,1.0,3.0,VERDUN (RUE DE),"49,5013935778","0,1500253379",,76.076351,76351,Seine-Maritime,28.0,Normandie,50.0,3.0,2.0,2,1.0,28,Normandie,76,2,96,LeHavre,166058,1780,167838.0,1.0,2,,0.0,2.0,1.0,1.0
202100000494,1.0,1,4,1,4.0,2.0,-1.0, -1,-1.0,2002.0,A01,17,10,2021,21:25,4,76.0,76351,2,2,1.0,3.0,VERDUN (RUE DE),"49,5013935778","0,1500253379",,76.076351,76351,Seine-Maritime,28.0,Normandie,50.0,3.0,2.0,2,1.0,28,Normandie,76,2,96,LeHavre,166058,1780,167838.0,2.0,1,,0.0,2.0,2.0,15.0
202100000495,1.0,1,1,1,0.0,1.0,-1.0, -1,-1.0,1994.0,B01,16,10,2021,19:30,5,76.0,76351,2,1,1.0,1.0,LAFAYETTE ( COURS),"49,4917610000","0,1252000000",,76.076351,76351,Seine-Maritime,28.0,Normandie,50.0,4.0,3.0,5,1.0,28,Normandie,76,2,96,LeHavre,166058,1780,167838.0,0.0,7,,0.0,2.0,1.0,1.0
202100000495,1.0,1,3,1,0.0,2.0,-1.0, -1,-1.0,1968.0,A01,16,10,2021,19:30,5,76.0,76351,2,1,1.0,1.0,LAFAYETTE ( COURS),"49,4917610000","0,1252000000",,76.076351,76351,Seine-Maritime,28.0,Normandie,50.0,4.0,3.0,5,1.0,28,Normandie,76,2,96,LeHavre,166058,1780,167838.0,0.0,1,,0.0,2.0,8.0,19.0
202100000536,1.0,1,1,1,4.0,1.0,-1.0, -1,-1.0,1999.0,A01,10,11,2021,15:40,1,76.0,76351,2,2,1.0,6.0,VOLTAIRE,"49,4899000000","0,1041000000",,76.076351,76351,Seine-Maritime,28.0,Normandie,50.0,4.0,2.0,2,1.0,28,Normandie,76,2,96,LeHavre,166058,1780,167838.0,3.0,10,,0.0,1.0,2.0,16.0
202100000536,10.0,3,3,2,5.0,0.0,2.0,3,1.0,1926.0,A01,10,11,2021,15:40,1,76.0,76351,2,2,1.0,6.0,VOLTAIRE,"49,4899000000","0,1041000000",,76.076351,76351,Seine-Maritime,28.0,Normandie,50.0,4.0,2.0,2,1.0,28,Normandie,76,2,96,LeHavre,166058,1780,167838.0,3.0,10,,0.0,1.0,2.0,16.0
202100000726,10.0,3,4,1,0.0,0.0,4.0,3,1.0,1989.0,A01,29,12,2021,19:30,5,76.0,76540,2,2,2.0,6.0,BELGES. BOULEVARD DES,"49,4458400000","1,0863500000",,76.076540,76540,Seine-Maritime,28.0,Normandie,50.0,7.0,1.0,2,2.0,28,Normandie,76,3,97,Rouen,114083,1556,115639.0,2.0,7,,0.0,1.0,1.0,1.0
202100000726,1.0,1,1,1,0.0,8.0,-1.0, -1,-1.0,1995.0,A01,29,12,2021,19:30,5,76.0,76540,2,2,2.0,6.0,BELGES. BOULEVARD DES,"49,4458400000","1,0863500000",,76.076540,76540,Seine-Maritime,28.0,Normandie,50.0,7.0,1.0,2,2.0,28,Normandie,76,3,97,Rouen,114083,1556,115639.0,2.0,7,,0.0,1.0,1.0,1.0
202100000739,1.0,1,1,2,0.0,1.0,-1.0, -1,-1.0,1988.0,A01,22,12,2021,12:32,1,76.0,76351,2,2,1.0,6.0,ANATOLE FRANCE,"49,4948400000","0,1111500000",,76.076351,76351,Seine-Maritime,28.0,Normandie,50.0,4.0,2.0,4,1.0,28,Normandie,76,2,96,LeHavre,166058,1780,167838.0,3.0,7,,0.0,1.0,0.0,0.0
202100000739,10.0,3,4,1,3.0,0.0,4.0,3,2.0,2016.0,A01,22,12,2021,12:32,1,76.0,76351,2,2,1.0,6.0,ANATOLE FRANCE,"49,4948400000","0,1111500000",,76.076351,76351,Seine-Maritime,28.0,Normandie,50.0,4.0,2.0,4,1.0,28,Normandie,76,2,96,LeHavre,166058,1780,167838.0,3.0,7,,0.0,1.0,0.0,0.0
202100000754,1.0,1,1,2,0.0,1.0,-1.0, -1,-1.0,1999.0,B01,28,12,2021,17:25,3,76.0,76351,2,2,1.0,3.0,LENINGRAD (BD DE),"49,4997900000","0,1714100000",,76.076351,76351,Seine-Maritime,28.0,Normandie,50.0,4.0,2.0,6,1.0,28,Normandie,76,2,96,LeHavre,166058,1780,167838.0,1.0,7,,0.0,2.0,1.0,1.0
202100000754,1.0,1,4,1,0.0,8.0,-1.0, -1,-1.0,1998.0,A01,28,12,2021,17:25,3,76.0,76351,2,2,1.0,3.0,LENINGRAD (BD DE),"49,4997900000","0,1714100000",,76.076351,76351,Seine-Maritime,28.0,Normandie,50.0,4.0,2.0,6,1.0,28,Normandie,76,2,96,LeHavre,166058,1780,167838.0,3.0,50,,0.0,2.0,7.0,19.0
202100000828,1.0,1,1,1,0.0,8.0,-1.0, -1,-1.0,1963.0,A01,17,12,2021,16:50,5,76.0,76540,2,1,1.0,6.0,LECLERC. RUE DU GENERAL,"49,4397000000","1,0912900000",,76.076540,76540,Seine-Maritime,28.0,Normandie,10.0,4.0,-1.0,1,1.0,28,Normandie,76,3,97,Rouen,114083,1556,115639.0,0.0,7,,0.0,1.0,0.0,0.0
202100000828,10.0,3,4,2,0.0,0.0,9.0,B,1.0,1965.0,A01,17,12,2021,16:50,5,76.0,76540,2,1,1.0,6.0,LECLERC. RUE DU GENERAL,"49,4397000000","1,0912900000",,76.076540,76540,Seine-Maritime,28.0,Normandie,10.0,4.0,-1.0,1,1.0,28,Normandie,76,3,97,Rouen,114083,1556,115639.0,0.0,7,,0.0,1.0,0.0,0.0
202100000985,1.0,1,3,1,0.0,2.0,-1.0, -1,-1.0,1986.0,B01,29,12,2021,18:00,5,76.0,76575,2,1,1.0,3.0,SAINT YON. AVENUE DE,"49,3972230000","1,1027740000",,76.076575,76575,Seine-Maritime,28.0,Normandie,50.0,4.0,2.0,2,2.0,28,Normandie,76,3,98,Saint-Étienne-du-Rouvray,28508,225,28733.0,3.0,2,,0.0,2.0,1.0,1.0
202100000985,1.0,1,1,1,3.0,1.0,-1.0, -1,-1.0,1985.0,A01,29,12,2021,18:00,5,76.0,76575,2,1,1.0,3.0,SAINT YON. AVENUE DE,"49,3972230000","1,1027740000",,76.076575,76575,Seine-Maritime,28.0,Normandie,50.0,4.0,2.0,2,2.0,28,Normandie,76,3,98,Saint-Étienne-du-Rouvray,28508,225,28733.0,3.0,7,,0.0,2.0,3.0,15.0
202100000986,1.0,1,1,1,4.0,8.0,-1.0, -1,-1.0,1971.0,A01,28,12,2021,10:30,1,76.0,76351,2,1,1.0,6.0,VAL AUX CORNEILLES (AVENUE DU)°,"49,5093500000","0,1501000000",,76.076351,76351,Seine-Maritime,28.0,Normandie,50.0,4.0,2.0,4,1.0,28,Normandie,76,2,96,LeHavre,166058,1780,167838.0,2.0,40,,0.0,1.0,1.0,0.0
202100000986,10.0,3,4,2,0.0,0.0,3.0,3,1.0,1959.0,A01,28,12,2021,10:30,1,76.0,76351,2,1,1.0,6.0,VAL AUX CORNEILLES (AVENUE DU)°,"49,5093500000","0,1501000000",,76.076351,76351,Seine-Maritime,28.0,Normandie,50.0,4.0,2.0,4,1.0,28,Normandie,76,2,96,LeHavre,166058,1780,167838.0,2.0,40,,0.0,1.0,1.0,0.0
202100000987,1.0,1,4,1,0.0,2.0,-1.0, -1,-1.0,1962.0,B01,21,12,2021,16:50,1,76.0,76447,2,3,1.0,3.0,PABLO NERUDA,"49,5484700000","0,1728500000",,76.076447,76447,Seine-Maritime,28.0,Normandie,50.0,4.0,2.0,2,1.0,28,Normandie,76,2,15,Montivilliers,15457,203,15660.0,2.0,33,,0.0,2.0,0.0,1.0
202100000987,1.0,1,1,1,0.0,1.0,-1.0, -1,-1.0,1992.0,A01,21,12,2021,16:50,1,76.0,76447,2,3,1.0,3.0,PABLO NERUDA,"49,5484700000","0,1728500000",,76.076447,76447,Seine-Maritime,28.0,Normandie,50.0,4.0,2.0,2,1.0,28,Normandie,76,2,15,Montivilliers,15457,203,15660.0,1.0,7,,0.0,2.0,7.0,15.0
202100001169,1.0,1,4,1,0.0,2.0,-1.0, -1,-1.0,2002.0,A01,27,12,2021,17:45,5,76.0,76217,2,1,1.0,1.0,DUMAS (ALEXANDRE),"49,9352600000","1,1087500000",,76.076217,76217,Seine-Maritime,28.0,Normandie,50.0,3.0,2.0,2,1.0,28,Normandie,76,1,95,Dieppe,28358,455,28813.0,0.0,32,,0.0,2.0,1.0,0.0
202100001169,1.0,1,1,1,1.0,1.0,-1.0, -1,-1.0,1968.0,B01,27,12,2021,17:45,5,76.0,76217,2,1,1.0,1.0,DUMAS (ALEXANDRE),"49,9352600000","1,1087500000",,76.076217,76217,Seine-Maritime,28.0,Normandie,50.0,3.0,2.0,2,1.0,28,Normandie,76,1,95,Dieppe,28358,455,28813.0,0.0,20,,0.0,2.0,1.0,15.0
202100001279,1.0,1,1,1,4.0,1.0,-1.0, -1,-1.0,2002.0,A01,26,12,2021,23:00,5,76.0,76540,2,1,1.0,3.0,Avenue de la Grand Mare,"49,4406935215","1,1310017108",,76.076540,76540,Seine-Maritime,28.0,Normandie,50.0,7.0,2.0,3,1.0,28,Normandie,76,3,97,Rouen,114083,1556,115639.0,3.0,7,,0.0,2.0,2.0,10.0
202100001279,1.0,1,4,1,5.0,2.0,-1.0, -1,-1.0,1997.0,B01,26,12,2021,23:00,5,76.0,76540,2,1,1.0,3.0,Avenue de la Grand Mare,"49,4406935215","1,1310017108",,76.076540,76540,Seine-Maritime,28.0,Normandie,50.0,7.0,2.0,3,1.0,28,Normandie,76,3,97,Rouen,114083,1556,115639.0,3.0,2,,0.0,2.0,9.0,1.0
202100001304,1.0,1,1,1,4.0,1.0,0.0,0,-1.0,1968.0,C01,27,12,2021,06:00,3,76.0,76517,1,9,2.0,4.0,a.28 PK .94.000,"49,5050360000","1,1779400000",,76.076517,76517,Seine-Maritime,28.0,Normandie,110.0,1.0,1.0,4,2.0,28,Normandie,76,3,2,Quincampoix,3110,68,3178.0,1.0,17,,0.0,0.0,4.0,24.0
202100001304,1.0,1,1,1,0.0,1.0,-1.0, -1,-1.0,1960.0,D01,27,12,2021,06:00,3,76.0,76517,1,9,2.0,4.0,a.28 PK .94.000,"49,5050360000","1,1779400000",,76.076517,76517,Seine-Maritime,28.0,Normandie,110.0,1.0,1.0,4,2.0,28,Normandie,76,3,2,Quincampoix,3110,68,3178.0,1.0,7,,14.0,0.0,3.0,2.0
202100001304,1.0,1,4,2,1.0,1.0,0.0,0,-1.0,1971.0,B01,27,12,2021,06:00,3,76.0,76517,1,9,2.0,4.0,a.28 PK .94.000,"49,5050360000","1,1779400000",,76.076517,76517,Seine-Maritime,28.0,Normandie,110.0,1.0,1.0,4,2.0,28,Normandie,76,3,2,Quincampoix,3110,68,3178.0,1.0,7,,1.0,2.0,1.0,1.0
202100001304,1.0,1,4,2,1.0,1.0,0.0,0,-1.0,1986.0,A01,27,12,2021,06:00,3,76.0,76517,1,9,2.0,4.0,a.28 PK .94.000,"49,5050360000","1,1779400000",,76.076517,76517,Seine-Maritime,28.0,Normandie,110.0,1.0,1.0,4,2.0,28,Normandie,76,3,2,Quincampoix,3110,68,3178.0,1.0,7,,4.0,0.0,1.0,0.0
202100001370,1.0,1,3,1,5.0,2.0,-1.0, -1,-1.0,1962.0,A01,25,12,2021,12:25,1,76.0,76217,2,1,1.0,7.0,TOUSTAIN,"49,9233452925","1,0720789433",,76.076217,76217,Seine-Maritime,28.0,Normandie,50.0,3.0,1.0,2,1.0,28,Normandie,76,1,95,Dieppe,28358,455,28813.0,1.0,32,,0.0,0.0,8.0,26.0
202100001370,3.0,2,4,2,5.0,2.0,-1.0, -1,-1.0,1964.0,A01,25,12,2021,12:25,1,76.0,76217,2,1,1.0,7.0,TOUSTAIN,"49,9233452925","1,0720789433",,76.076217,76217,Seine-Maritime,28.0,Normandie,50.0,3.0,1.0,2,1.0,28,Normandie,76,1,95,Dieppe,28358,455,28813.0,1.0,32,,0.0,0.0,8.0,26.0
202100001454,1.0,1,4,1,0.0,1.0,-1.0, -1,-1.0,1956.0,A01,24,12,2021,19:45,5,76.0,76231,2,1,2.0,7.0,SAUSSAYE. RUE DE LA,"49,2735300000","0,9975000000",,76.076231,76231,Seine-Maritime,28.0,Normandie,50.0,7.0,2.0,2,2.0,28,Normandie,76,3,9,Elbeuf,15951,138,16089.0,3.0,7,,1.0,0.0,1.0,1.0
202100001455,1.0,1,1,1,0.0,8.0,-1.0, -1,-1.0,1942.0,B01,24,12,2021,09:50,1,76.0,76540,2,1,1.0,1.0,LA FAYETTE. RUE,"49,4326100000","1,0895700000",,76.076540,76540,Seine-Maritime,28.0,Normandie,50.0,4.0,2.0,2,2.0,28,Normandie,76,3,97,Rouen,114083,1556,115639.0,3.0,7,,0.0,2.0,0.0,16.0
202100001455,1.0,1,4,1,0.0,2.0,-1.0, -1,-1.0,2002.0,A01,24,12,2021,09:50,1,76.0,76540,2,1,1.0,1.0,LA FAYETTE. RUE,"49,4326100000","1,0895700000",,76.076540,76540,Seine-Maritime,28.0,Normandie,50.0,4.0,2.0,2,2.0,28,Normandie,76,3,97,Rouen,114083,1556,115639.0,3.0,30,,0.0,2.0,0.0,1.0
202100001649,1.0,1,2,1,0.0,0.0,0.0,0,-1.0,1967.0,A01,25,12,2021,11:05,1,76.0,76550,1,1,1.0,6.0,Route de la Forêt,"49,3743960000","0,9596510000",,76.076550,76550,Seine-Maritime,28.0,Normandie,80.0,7.0,2.0,2,2.0,28,Normandie,76,3,4,Sahurs,1219,17,1236.0,1.0,7,,0.0,0.0,0.0,15.0
202100001657,1.0,1,1,1,1.0,1.0,0.0,0,-1.0,1976.0,A01,24,12,2021,11:50,1,76.0,76660,1,1,1.0,2.0,A131 pk 28.300,"49,4912035293","0,2883857489",,76.076660,76660,Seine-Maritime,28.0,Normandie,130.0,1.0,3.0,4,1.0,28,Normandie,76,2,32,SandouvilLe800,11,811,,2.0,7,,0.0,2.0,2.0,1.0
202100001657,1.0,1,4,1,9.0,1.0,0.0,0,-1.0,1946.0,B01,24,12,2021,11:50,1,76.0,76660,1,1,1.0,2.0,A131 pk 28.300,"49,4912035293","0,2883857489",,76.076660,76660,Seine-Maritime,28.0,Normandie,130.0,1.0,3.0,4,1.0,28,Normandie,76,2,32,SandouvilLe800,11,811,,2.0,7,,0.0,0.0,6.0,1.0
202100001851,1.0,1,1,1,0.0,1.0,-1.0, -1,-1.0,1961.0,B01,21,12,2021,11:15,1,76.0,76474,1,1,1.0,2.0,CD 43 (AVENUE DU BOIS DES DAMES),"49,4766400000","1,0655270000",,76.076474,76474,Seine-Maritime,28.0,Normandie,90.0,7.0,2.0,-1,1.0,28,Normandie,76,3,24,Notre-Dame-de-BondevilLe6957,82,7039,,3.0,15,,0.0,2.0,4.0,11.0