Num_Acc,place,catu,grav,sexe,trajet,secu,locp,actp,etatp,an_nais,num_veh,jour,mois,an,hrmn,lum,dep,com,agg,int,atm,col,adr,lat,long,gps,com_insee_temp,com_insee,departmentName,regionCode,regionName,vma,catr,circ,nbv,surf,Code,Region,Departement,Arrondissement,Code_Canton,Nom_Commune,Population_municipaLe,Population_comptee_a_part,Population_Totale,senc,catv,occutc,obs,obsm,choc,manv
202100011453,1.0,1,3,1,5.0,8.0,0.0,0,-1.0,1996.0,A01,24,10,2021,12:00,1,76.0,76709,1,1,1.0,3.0,rue worms route de la marre pigeonniere,"49,4800038175","0,8181484043",,76.076709,76709,Seine-Maritime,28.0,Normandie,-1.0,9.0,-1.0,2,6.0,28,Normandie,76,3,1,LeTrait,4780,38,4818.0,0.0,33,,0.0,0.0,0.0,1.0
202100011453,1.0,1,1,1,5.0,8.0,0.0,0,-1.0,2002.0,B01,24,10,2021,12:00,1,76.0,76709,1,1,1.0,3.0,rue worms route de la marre pigeonniere,"49,4800038175","0,8181484043",,76.076709,76709,Seine-Maritime,28.0,Normandie,-1.0,9.0,-1.0,2,6.0,28,Normandie,76,3,1,LeTrait,4780,38,4818.0,3.0,33,,0.0,2.0,0.0,2.0
202100011553,10.0,3,1,1,5.0,0.0,8.0,1,2.0,1938.0,A01,22,10,2021,15:59,1,76.0,76540,2,1,1.0,6.0,BOISGUILBERT. QUAI DE,"49,4420700000","1,0776200000",,76.076540,76540,Seine-Maritime,28.0,Normandie,30.0,4.0,1.0,1,1.0,28,Normandie,76,3,97,Rouen,114083,1556,115639.0,0.0,50,,0.0,1.0,1.0,1.0
202100011553,10.0,3,4,1,5.0,0.0,8.0,1,2.0,1943.0,A01,22,10,2021,15:59,1,76.0,76540,2,1,1.0,6.0,BOISGUILBERT. QUAI DE,"49,4420700000","1,0776200000",,76.076540,76540,Seine-Maritime,28.0,Normandie,30.0,4.0,1.0,1,1.0,28,Normandie,76,3,97,Rouen,114083,1556,115639.0,0.0,50,,0.0,1.0,1.0,1.0
202100011553,2.0,2,1,1,5.0,8.0,-1.0, -1,-1.0,2001.0,A01,22,10,2021,15:59,1,76.0,76540,2,1,1.0,6.0,BOISGUILBERT. QUAI DE,"49,4420700000","1,0776200000",,76.076540,76540,Seine-Maritime,28.0,Normandie,30.0,4.0,1.0,1,1.0,28,Normandie,76,3,97,Rouen,114083,1556,115639.0,0.0,50,,0.0,1.0,1.0,1.0
202100011553,1.0,1,1,1,5.0,8.0,-1.0, -1,-1.0,2003.0,A01,22,10,2021,15:59,1,76.0,76540,2,1,1.0,6.0,BOISGUILBERT. QUAI DE,"49,4420700000","1,0776200000",,76.076540,76540,Seine-Maritime,28.0,Normandie,30.0,4.0,1.0,1,1.0,28,Normandie,76,3,97,Rouen,114083,1556,115639.0,0.0,50,,0.0,1.0,1.0,1.0
202100011554,10.0,3,3,2,2.0,0.0,2.0,3,2.0,2010.0,A01,22,10,2021,07:45,5,76.0,76575,2,2,1.0,6.0,RENAN. RUE ERNEST,"49,3985260000","1,0741400000",,76.076575,76575,Seine-Maritime,28.0,Normandie,50.0,4.0,2.0,2,1.0,28,Normandie,76,3,98,Saint-Étienne-du-Rouvray,28508,225,28733.0,3.0,7,,0.0,1.0,2.0,1.0
202100011554,1.0,1,1,2,5.0,1.0,-1.0, -1,-1.0,1992.0,A01,22,10,2021,07:45,5,76.0,76575,2,2,1.0,6.0,RENAN. RUE ERNEST,"49,3985260000","1,0741400000",,76.076575,76575,Seine-Maritime,28.0,Normandie,50.0,4.0,2.0,2,1.0,28,Normandie,76,3,98,Saint-Étienne-du-Rouvray,28508,225,28733.0,3.0,7,,0.0,1.0,2.0,1.0
202100011754,1.0,1,1,1,5.0,1.0,-1.0, -1,-1.0,1959.0,A01,20,10,2021,17:55,1,76.0,76351,2,1,1.0,6.0,FELIX FAURE,"49,5000600000","0,1006700000",,76.076351,76351,Seine-Maritime,28.0,Normandie,50.0,4.0,2.0,2,1.0,28,Normandie,76,2,96,LeHavre,166058,1780,167838.0,2.0,7,,0.0,1.0,1.0,0.0
202100011754,10.0,3,4,2,1.0,0.0,3.0,3,1.0,1973.0,A01,20,10,2021,17:55,1,76.0,76351,2,1,1.0,6.0,FELIX FAURE,"49,5000600000","0,1006700000",,76.076351,76351,Seine-Maritime,28.0,Normandie,50.0,4.0,2.0,2,1.0,28,Normandie,76,2,96,LeHavre,166058,1780,167838.0,2.0,7,,0.0,1.0,1.0,0.0
202100011785,1.0,1,4,2,0.0,1.0,-1.0, -1,-1.0,1984.0,A01,20,10,2021,10:30,1,76.0,76391,1,1,1.0,7.0,CD 132,"49,3091043973","0,9789617483",,76.076391,76391,Seine-Maritime,28.0,Normandie,80.0,7.0,2.0,2,2.0,28,Normandie,76,3,9,La Londe,2362,71,2433.0,1.0,7,,12.0,0.0,1.0,1.0
202100011786,1.0,1,1,1,0.0,1.0,-1.0, -1,-1.0,1990.0,B01,20,10,2021,11:00,1,76.0,76351,2,3,1.0,3.0,EDITH PIAF (RUE),"49,5232000000","0,1138200000",,76.076351,76351,Seine-Maritime,28.0,Normandie,30.0,4.0,1.0,1,1.0,28,Normandie,76,2,96,LeHavre,166058,1780,167838.0,0.0,7,,0.0,2.0,3.0,15.0
202100011786,1.0,1,4,1,1.0,8.0,-1.0, -1,-1.0,1997.0,A01,20,10,2021,11:00,1,76.0,76351,2,3,1.0,3.0,EDITH PIAF (RUE),"49,5232000000","0,1138200000",,76.076351,76351,Seine-Maritime,28.0,Normandie,30.0,4.0,1.0,1,1.0,28,Normandie,76,2,96,LeHavre,166058,1780,167838.0,0.0,50,,0.0,2.0,3.0,5.0
202100011787,1.0,1,1,2,0.0,1.0,-1.0, -1,-1.0,1995.0,A01,19,10,2021,16:45,1,76.0,76351,2,3,1.0,3.0,VERDUN (RUE DE),"49,5022000000","0,1846800000",,76.076351,76351,Seine-Maritime,28.0,Normandie,50.0,3.0,2.0,3,1.0,28,Normandie,76,2,96,LeHavre,166058,1780,167838.0,1.0,7,,0.0,2.0,2.0,15.0
202100011787,2.0,2,4,2,0.0,1.0,-1.0, -1,-1.0,1998.0,A01,19,10,2021,16:45,1,76.0,76351,2,3,1.0,3.0,VERDUN (RUE DE),"49,5022000000","0,1846800000",,76.076351,76351,Seine-Maritime,28.0,Normandie,50.0,3.0,2.0,3,1.0,28,Normandie,76,2,96,LeHavre,166058,1780,167838.0,1.0,7,,0.0,2.0,2.0,15.0
202100011787,1.0,1,4,1,0.0,1.0,-1.0, -1,-1.0,1983.0,B01,19,10,2021,16:45,1,76.0,76351,2,3,1.0,3.0,VERDUN (RUE DE),"49,5022000000","0,1846800000",,76.076351,76351,Seine-Maritime,28.0,Normandie,50.0,3.0,2.0,3,1.0,28,Normandie,76,2,96,LeHavre,166058,1780,167838.0,2.0,7,,0.0,2.0,3.0,1.0
202100011787,2.0,2,4,1,0.0,1.0,-1.0, -1,-1.0,1976.0,B01,19,10,2021,16:45,1,76.0,76351,2,3,1.0,3.0,VERDUN (RUE DE),"49,5022000000","0,1846800000",,76.076351,76351,Seine-Maritime,28.0,Normandie,50.0,3.0,2.0,3,1.0,28,Normandie,76,2,96,LeHavre,166058,1780,167838.0,2.0,7,,0.0,2.0,3.0,1.0
202100011787,3.0,2,4,2,0.0,1.0,-1.0, -1,-1.0,2009.0,B01,19,10,2021,16:45,1,76.0,76351,2,3,1.0,3.0,VERDUN (RUE DE),"49,5022000000","0,1846800000",,76.076351,76351,Seine-Maritime,28.0,Normandie,50.0,3.0,2.0,3,1.0,28,Normandie,76,2,96,LeHavre,166058,1780,167838.0,2.0,7,,0.0,2.0,3.0,1.0
202100011787,4.0,2,4,1,0.0,1.0,-1.0, -1,-1.0,2017.0,B01,19,10,2021,16:45,1,76.0,76351,2,3,1.0,3.0,VERDUN (RUE DE),"49,5022000000","0,1846800000",,76.076351,76351,Seine-Maritime,28.0,Normandie,50.0,3.0,2.0,3,1.0,28,Normandie,76,2,96,LeHavre,166058,1780,167838.0,2.0,7,,0.0,2.0,3.0,1.0
202100011788,10.0,3,3,2,5.0,0.0,5.0,1,1.0,1930.0,A01,20,10,2021,16:20,1,76.0,76217,2,1,1.0,6.0,DUMAS (ALEXANDRE),"49,9258500000","1,0706000000",,76.076217,76217,Seine-Maritime,28.0,Normandie,30.0,9.0,-1.0,0,1.0,28,Normandie,76,1,95,Dieppe,28358,455,28813.0,3.0,1,,0.0,1.0,0.0,25.0
202100011788,1.0,1,1,1,5.0,8.0,-1.0, -1,-1.0,2007.0,A01,20,10,2021,16:20,1,76.0,76217,2,1,1.0,6.0,DUMAS (ALEXANDRE),"49,9258500000","1,0706000000",,76.076217,76217,Seine-Maritime,28.0,Normandie,30.0,9.0,-1.0,0,1.0,28,Normandie,76,1,95,Dieppe,28358,455,28813.0,3.0,1,,0.0,1.0,0.0,25.0
202100011898,1.0,1,3,1,5.0,1.0,-1.0, -1,-1.0,1993.0,C01,21,10,2021,12:15,1,76.0,76700,1,2,2.0,3.0,Route du Havre,"49,6788760000","1,0338040000",,76.076700,76700,Seine-Maritime,28.0,Normandie,70.0,3.0,2.0,2,2.0,28,Normandie,76,1,20,Tôtes,1575,30,1605.0,3.0,7,,0.0,0.0,8.0,9.0
202100011898,1.0,1,4,2,1.0,1.0,0.0,0,-1.0,1973.0,B01,21,10,2021,12:15,1,76.0,76700,1,2,2.0,3.0,Route du Havre,"49,6788760000","1,0338040000",,76.076700,76700,Seine-Maritime,28.0,Normandie,70.0,3.0,2.0,2,2.0,28,Normandie,76,1,20,Tôtes,1575,30,1605.0,1.0,10,,0.0,2.0,1.0,1.0
202100011899,7.0,2,3,1,5.0,3.0,0.0,0,-1.0,2021.0,A01,22,10,2021,10:45,1,76.0,76675,1,1,1.0,1.0,Route de Dieppe,"49,5746764911","1,0496097431",,76.076675,76675,Seine-Maritime,28.0,Normandie,80.0,3.0,2.0,2,1.0,28,Normandie,76,3,2,SiervilLe1108,16,1124,,1.0,7,,0.0,2.0,3.0,0.0
202100011899,1.0,1,4,2,5.0,1.0,0.0,0,-1.0,1994.0,A01,22,10,2021,10:45,1,76.0,76675,1,1,1.0,1.0,Route de Dieppe,"49,5746764911","1,0496097431",,76.076675,76675,Seine-Maritime,28.0,Normandie,80.0,3.0,2.0,2,1.0,28,Normandie,76,3,2,SiervilLe1108,16,1124,,1.0,7,,0.0,2.0,3.0,0.0
202100011899,1.0,1,3,1,5.0,1.0,0.0,0,-1.0,1960.0,B01,22,10,2021,10:45,1,76.0,76675,1,1,1.0,1.0,Route de Dieppe,"49,5746764911","1,0496097431",,76.076675,76675,Seine-Maritime,28.0,Normandie,80.0,3.0,2.0,2,1.0,28,Normandie,76,3,2,SiervilLe1108,16,1124,,2.0,7,,0.0,2.0,3.0,0.0
202100011922,1.0,1,4,2,1.0,1.0,0.0,0,-1.0,1981.0,A01,28,9,2021,07:50,2,76.0,76305,1,1,1.0,2.0,A131,"49,4969880000","0,2303080000",,76.076305,76305,Seine-Maritime,28.0,Normandie,-1.0,1.0,1.0,2,1.0,28,Normandie,76,2,16,Gonfreville-l'Orcher,8961,44,9005.0,1.0,7,,0.0,0.0,4.0,2.0
202100011922,1.0,1,1,2,1.0,1.0,0.0,0,-1.0,1999.0,B01,28,9,2021,07:50,2,76.0,76305,1,1,1.0,2.0,A131,"49,4969880000","0,2303080000",,76.076305,76305,Seine-Maritime,28.0,Normandie,-1.0,1.0,1.0,2,1.0,28,Normandie,76,2,16,Gonfreville-l'Orcher,8961,44,9005.0,1.0,7,,0.0,2.0,1.0,2.0
202100012081,1.0,1,4,2,1.0,1.0,0.0,0,-1.0,1988.0,A01,19,10,2021,07:40,2,76.0,76503,1,1,2.0,4.0,A151 - PK 01+950 - DIRECTION ROUEN,"49,5183131260","0,9991996036",,76.076503,76503,Seine-Maritime,28.0,Normandie,130.0,1.0,3.0,2,2.0,28,Normandie,76,3,24,Pissy-PôvilLe1281,20,1301,,2.0,7,,1.0,0.0,1.0,2.0
202100012081,1.0,1,4,1,1.0,1.0,0.0,0,-1.0,1974.0,B01,19,10,2021,07:40,2,76.0,76503,1,1,2.0,4.0,A151 - PK 01+950 - DIRECTION ROUEN,"49,5183131260","0,9991996036",,76.076503,76503,Seine-Maritime,28.0,Normandie,130.0,1.0,3.0,2,2.0,28,Normandie,76,3,24,Pissy-PôvilLe1281,20,1301,,2.0,10,,0.0,2.0,4.0,23.0
202100012081,1.0,1,4,1,1.0,1.0,0.0,0,-1.0,1993.0,C01,19,10,2021,07:40,2,76.0,76503,1,1,2.0,4.0,A151 - PK 01+950 - DIRECTION ROUEN,"49,5183131260","0,9991996036",,76.076503,76503,Seine-Maritime,28.0,Normandie,130.0,1.0,3.0,2,2.0,28,Normandie,76,3,24,Pissy-PôvilLe1281,20,1301,,2.0,7,,0.0,2.0,4.0,23.0
202100012156,10.0,3,4,2,1.0,0.0,3.0,3,1.0,1967.0,A01,13,10,2021,07:46,2,76.0,76351,2,1,1.0,6.0,PABLO NERUDA (RUE),"49,5043400000","0,1543200000",,76.076351,76351,Seine-Maritime,28.0,Normandie,50.0,4.0,2.0,2,2.0,28,Normandie,76,2,96,LeHavre,166058,1780,167838.0,1.0,7,,0.0,1.0,1.0,0.0
202100012156,1.0,1,1,1,1.0,1.0,-1.0, -1,-1.0,1976.0,A01,13,10,2021,07:46,2,76.0,76351,2,1,1.0,6.0,PABLO NERUDA (RUE),"49,5043400000","0,1543200000",,76.076351,76351,Seine-Maritime,28.0,Normandie,50.0,4.0,2.0,2,2.0,28,Normandie,76,2,96,LeHavre,166058,1780,167838.0,1.0,7,,0.0,1.0,1.0,0.0
202100012184,2.0,2,1,1,5.0,1.0,-1.0, -1,-1.0,1996.0,A01,18,10,2021,03:08,5,76.0,76540,2,1,1.0,7.0,DOCTEUR ANDRE CAUCHOIS. RUE DU,"49,4503100000","1,1255900000",,76.076540,76540,Seine-Maritime,28.0,Normandie,50.0,4.0,2.0,1,1.0,28,Normandie,76,3,97,Rouen,114083,1556,115639.0,0.0,7,,16.0,0.0,1.0,1.0
202100012184,1.0,1,4,2,5.0,1.0,-1.0, -1,-1.0,2003.0,A01,18,10,2021,03:08,5,76.0,76540,2,1,1.0,7.0,DOCTEUR ANDRE CAUCHOIS. RUE DU,"49,4503100000","1,1255900000",,76.076540,76540,Seine-Maritime,28.0,Normandie,50.0,4.0,2.0,1,1.0,28,Normandie,76,3,97,Rouen,114083,1556,115639.0,0.0,7,,16.0,0.0,1.0,1.0
202100012185,1.0,1,1,2,9.0,1.0,-1.0, -1,-1.0,1998.0,B01,18,10,2021,08:30,1,76.0,76351,2,2,1.0,2.0,GUSTAVE BRINDEAU (RUE),"49,4879400000","0,1446400000",,76.076351,76351,Seine-Maritime,28.0,Normandie,50.0,4.0,2.0,2,1.0,28,Normandie,76,2,96,LeHavre,166058,1780,167838.0,1.0,7,,0.0,2.0,3.0,15.0
202100012185,1.0,1,4,1,1.0,2.0,-1.0, -1,-1.0,1969.0,A01,18,10,2021,08:30,1,76.0,76351,2,2,1.0,2.0,GUSTAVE BRINDEAU (RUE),"49,4879400000","0,1446400000",,76.076351,76351,Seine-Maritime,28.0,Normandie,50.0,4.0,2.0,2,1.0,28,Normandie,76,2,96,LeHavre,166058,1780,167838.0,1.0,33,,0.0,2.0,2.0,17.0
202100012407,1.0,1,1,1,4.0,1.0,-1.0, -1,-1.0,1981.0,A01,18,10,2021,10:36,1,76.0,76540,2,1,1.0,6.0,pont jeanne d arc,"49,4382600000","1,0883700000",,76.076540,76540,Seine-Maritime,28.0,Normandie,50.0,5.0,2.0,4,1.0,28,Normandie,76,3,97,Rouen,114083,1556,115639.0,0.0,40,,0.0,1.0,1.0,1.0
202100012407,10.0,3,4,1,5.0,0.0,2.0,3,1.0,1958.0,A01,18,10,2021,10:36,1,76.0,76540,2,1,1.0,6.0,pont jeanne d arc,"49,4382600000","1,0883700000",,76.076540,76540,Seine-Maritime,28.0,Normandie,50.0,5.0,2.0,4,1.0,28,Normandie,76,3,97,Rouen,114083,1556,115639.0,0.0,40,,0.0,1.0,1.0,1.0
202100012408,1.0,1,4,1,5.0,1.0,-1.0, -1,-1.0,2000.0,B01,16,10,2021,18:00,1,76.0,76351,2,2,1.0,3.0,BLEUETS (DES),"49,5079200000","0,1570400000",,76.076351,76351,Seine-Maritime,28.0,Normandie,50.0,4.0,2.0,2,1.0,28,Normandie,76,2,96,LeHavre,166058,1780,167838.0,2.0,7,,0.0,2.0,8.0,0.0
202100012408,1.0,1,1,1,5.0,1.0,-1.0, -1,-1.0,1993.0,A01,16,10,2021,18:00,1,76.0,76351,2,2,1.0,3.0,BLEUETS (DES),"49,5079200000","0,1570400000",,76.076351,76351,Seine-Maritime,28.0,Normandie,50.0,4.0,2.0,2,1.0,28,Normandie,76,2,96,LeHavre,166058,1780,167838.0,1.0,7,,0.0,2.0,1.0,0.0
202100012522,10.0,3,3,2,0.0,0.0,3.0,3,1.0,1986.0,A01,19,10,2021,12:20,1,76.0,76752,2,3,1.0,6.0,Place du General Leclerc,"49,6683393303","0,8974057312",,76.076752,76752,Seine-Maritime,28.0,Normandie,-1.0,3.0,2.0,2,1.0,28,Normandie,76,3,35,YervilLe2584,29,2613,,1.0,7,,0.0,1.0,1.0,15.0
202100012522,1.0,1,1,1,1.0,1.0,0.0,0,-1.0,1984.0,A01,19,10,2021,12:20,1,76.0,76752,2,3,1.0,6.0,Place du General Leclerc,"49,6683393303","0,8974057312",,76.076752,76752,Seine-Maritime,28.0,Normandie,-1.0,3.0,2.0,2,1.0,28,Normandie,76,3,35,YervilLe2584,29,2613,,1.0,7,,0.0,1.0,1.0,15.0
202100012586,2.0,2,4,2,5.0,1.0,0.0,0,-1.0,1946.0,B01,17,10,2021,11:55,1,76.0,76714,1,2,1.0,3.0,D6015,"49,5453730000","0,3934480000",,76.076714,76714,Seine-Maritime,28.0,Normandie,80.0,3.0,2.0,2,1.0,28,Normandie,76,2,32,LesTrois-Pierres,797,15,812.0,1.0,7,,0.0,2.0,2.0,1.0
202100012586,1.0,1,4,1,5.0,1.0,0.0,0,-1.0,1943.0,B01,17,10,2021,11:55,1,76.0,76714,1,2,1.0,3.0,D6015,"49,5453730000","0,3934480000",,76.076714,76714,Seine-Maritime,28.0,Normandie,80.0,3.0,2.0,2,1.0,28,Normandie,76,2,32,LesTrois-Pierres,797,15,812.0,1.0,7,,0.0,2.0,2.0,1.0
202100012586,1.0,1,3,1,5.0,1.0,0.0,0,-1.0,1940.0,A01,17,10,2021,11:55,1,76.0,76714,1,2,1.0,3.0,D6015,"49,5453730000","0,3934480000",,76.076714,76714,Seine-Maritime,28.0,Normandie,80.0,3.0,2.0,2,1.0,28,Normandie,76,2,32,LesTrois-Pierres,797,15,812.0,1.0,10,,0.0,2.0,3.0,19.0
202100012639,1.0,1,4,2,1.0,1.0,-1.0, -1,-1.0,1982.0,B01,17,10,2021,07:20,5,76.0,76545,2,3,1.0,3.0,CHAMP DE COURSES (RUE DU),"49,9084500000","1,0876900000",,76.076545,76545,Seine-Maritime,28.0,Normandie,50.0,3.0,-1.0,2,1.0,28,Normandie,76,1,7,Rouxmesnil-BouteilLes1814,33,1847,,0.0,7,,0.0,0.0,0.0,0.0
202100012639,3.0,2,1,2,0.0,1.0,-1.0, -1,-1.0,1997.0,A01,17,10,2021,07:20,5,76.0,76545,2,3,1.0,3.0,CHAMP DE COURSES (RUE DU),"49,9084500000","1,0876900000",,76.076545,76545,Seine-Maritime,28.0,Normandie,50.0,3.0,-1.0,2,1.0,28,Normandie,76,1,7,Rouxmesnil-BouteilLes1814,33,1847,,3.0,7,,0.0,2.0,1.0,9.0
202100012639,1.0,1,1,1,5.0,1.0,-1.0, -1,-1.0,1998.0,A01,17,10,2021,07:20,5,76.0,76545,2,3,1.0,3.0,CHAMP DE COURSES (RUE DU),"49,9084500000","1,0876900000",,76.076545,76545,Seine-Maritime,28.0,Normandie,50.0,3.0,-1.0,2,1.0,28,Normandie,76,1,7,Rouxmesnil-BouteilLes1814,33,1847,,3.0,7,,0.0,2.0,1.0,9.0
202100012639,2.0,2,4,2,0.0,1.0,-1.0, -1,-1.0,1999.0,A01,17,10,2021,07:20,5,76.0,76545,2,3,1.0,3.0,CHAMP DE COURSES (RUE DU),"49,9084500000","1,0876900000",,76.076545,76545,Seine-Maritime,28.0,Normandie,50.0,3.0,-1.0,2,1.0,28,Normandie,76,1,7,Rouxmesnil-BouteilLes1814,33,1847,,3.0,7,,0.0,2.0,1.0,9.0
202100012820,2.0,2,4,2,9.0,2.0,-1.0, -1,-1.0,1975.0,A01,16,10,2021,17:00,1,76.0,76681,1,1,1.0,2.0,EAUPLET. RUE D',"49,4208098964","1,1042458111",,76.076681,76681,Seine-Maritime,28.0,Normandie,50.0,4.0,3.0,4,1.0,28,Normandie,76,3,99,Sotteville-lès-Rouen,28965,475,29440.0,3.0,33,,0.0,2.0,1.0,1.0
202100012820,1.0,1,4,1,5.0,2.0,-1.0, -1,-1.0,1971.0,A01,16,10,2021,17:00,1,76.0,76681,1,1,1.0,2.0,EAUPLET. RUE D',"49,4208098964","1,1042458111",,76.076681,76681,Seine-Maritime,28.0,Normandie,50.0,4.0,3.0,4,1.0,28,Normandie,76,3,99,Sotteville-lès-Rouen,28965,475,29440.0,3.0,33,,0.0,2.0,1.0,1.0
202100012820,1.0,1,1,2,9.0,1.0,-1.0, -1,-1.0,1993.0,B01,16,10,2021,17:00,1,76.0,76681,1,1,1.0,2.0,EAUPLET. RUE D',"49,4208098964","1,1042458111",,76.076681,76681,Seine-Maritime,28.0,Normandie,50.0,4.0,3.0,4,1.0,28,Normandie,76,3,99,Sotteville-lès-Rouen,28965,475,29440.0,3.0,7,,0.0,2.0,4.0,0.0
202100012998,1.0,1,4,1,4.0,1.0,0.0,0,-1.0,1982.0,B01,16,10,2021,05:45,5,76.0,76312,2,1,5.0,1.0,Boulevard de Verdun,"49,4853747157","1,7283539265",,76.076312,76312,Seine-Maritime,28.0,Normandie,50.0,2.0,2.0,2,1.0,28,Normandie,76,1,12,Gournay-en-Bray,5944,85,6029.0,2.0,7,,0.0,2.0,3.0,1.0
202100012998,8.0,2,4,1,5.0,0.0,0.0,0,-1.0,1999.0,A01,16,10,2021,05:45,5,76.0,76312,2,1,5.0,1.0,Boulevard de Verdun,"49,4853747157","1,7283539265",,76.076312,76312,Seine-Maritime,28.0,Normandie,50.0,2.0,2.0,2,1.0,28,Normandie,76,1,12,Gournay-en-Bray,5944,85,6029.0,1.0,7,,0.0,2.0,3.0,17.0
202100012998,9.0,2,4,2,5.0,1.0,0.0,0,-1.0,2003.0,A01,16,10,2021,05:45,5,76.0,76312,2,1,5.0,1.0,Boulevard de Verdun,"49,4853747157","1,7283539265",,76.076312,76312,Seine-Maritime,28.0,Normandie,50.0,2.0,2.0,2,1.0,28,Normandie,76,1,12,Gournay-en-Bray,5944,85,6029.0,1.0,7,,0.0,2.0,3.0,17.0
202100012998,7.0,2,4,1,5.0,1.0,0.0,0,-1.0,2003.0,A01,16,10,2021,05:45,5,76.0,76312,2,1,5.0,1.0,Boulevard de Verdun,"49,4853747157","1,7283539265",,76.076312,76312,Seine-Maritime,28.0,Normandie,50.0,2.0,2.0,2,1.0,28,Normandie,76,1,12,Gournay-en-Bray,5944,85,6029.0,1.0,7,,0.0,2.0,3.0,17.0
202100012998,2.0,2,4,2,5.0,1.0,0.0,0,-1.0,2001.0,A01,16,10,2021,05:45,5,76.0,76312,2,1,5.0,1.0,Boulevard de Verdun,"49,4853747157","1,7283539265",,76.076312,76312,Seine-Maritime,28.0,Normandie,50.0,2.0,2.0,2,1.0,28,Normandie,76,1,12,Gournay-en-Bray,5944,85,6029.0,1.0,7,,0.0,2.0,3.0,17.0
202100012998,1.0,1,4,1,5.0,1.0,0.0,0,-1.0,2000.0,A01,16,10,2021,05:45,5,76.0,76312,2,1,5.0,1.0,Boulevard de Verdun,"49,4853747157","1,7283539265",,76.076312,76312,Seine-Maritime,28.0,Normandie,50.0,2.0,2.0,2,1.0,28,Normandie,76,1,12,Gournay-en-Bray,5944,85,6029.0,1.0,7,,0.0,2.0,3.0,17.0
202100013150,1.0,1,3,1,0.0,8.0,0.0,0,-1.0,1981.0,A01,15,10,2021,15:35,1,76.0,76715,1,1,1.0,3.0,D6015,"49,5967900000","0,6062650000",,76.076715,76715,Seine-Maritime,28.0,Normandie,80.0,3.0,2.0,2,1.0,28,Normandie,76,2,25,TrouvilLe626,8,634,,1.0,7,,0.0,2.0,3.0,13.0
202100013150,1.0,1,1,1,4.0,1.0,0.0,0,-1.0,1958.0,B01,15,10,2021,15:35,1,76.0,76715,1,1,1.0,3.0,D6015,"49,5967900000","0,6062650000",,76.076715,76715,Seine-Maritime,28.0,Normandie,80.0,3.0,2.0,2,1.0,28,Normandie,76,2,25,TrouvilLe626,8,634,,2.0,15,,0.0,2.0,3.0,1.0
202100013231,1.0,1,1,2,0.0,1.0,-1.0, -1,-1.0,1987.0,A01,14,10,2021,16:50,1,76.0,76575,2,1,1.0,6.0,ANEMONES. RUE DES,"49,3919030356","1,0914553373",,76.076575,76575,Seine-Maritime,28.0,Normandie,50.0,4.0,2.0,2,1.0,28,Normandie,76,3,98,Saint-Étienne-du-Rouvray,28508,225,28733.0,0.0,7,,0.0,1.0,1.0,1.0
202100013231,10.0,3,4,1,5.0,0.0,1.0,3,1.0,2013.0,A01,14,10,2021,16:50,1,76.0,76575,2,1,1.0,6.0,ANEMONES. RUE DES,"49,3919030356","1,0914553373",,76.076575,76575,Seine-Maritime,28.0,Normandie,50.0,4.0,2.0,2,1.0,28,Normandie,76,3,98,Saint-Étienne-du-Rouvray,28508,225,28733.0,0.0,7,,0.0,1.0,1.0,1.0
202100013232,1.0,1,4,1,5.0,2.0,-1.0, -1,-1.0,1951.0,B01,14,10,2021,08:35,1,76.0,76382,1,1,1.0,3.0,D6015,"49,5879204449","0,5361843109",,76.076382,76382,Seine-Maritime,28.0,Normandie,70.0,3.0,2.0,2,1.0,28,Normandie,76,2,3,Lanquetot,1152,19,1171.0,3.0,1,,0.0,2.0,8.0,13.0
202100013232,1.0,1,1,1,4.0,1.0,-1.0, -1,-1.0,1987.0,A01,14,10,2021,08:35,1,76.0,76382,1,1,1.0,3.0,D6015,"49,5879204449","0,5361843109",,76.076382,76382,Seine-Maritime,28.0,Normandie,70.0,3.0,2.0,2,1.0,28,Normandie,76,2,3,Lanquetot,1152,19,1171.0,1.0,15,,0.0,2.0,2.0,2.0
202100013439,1.0,1,2,1,0.0,2.0,0.0,0,-1.0,1969.0,A01,14,10,2021,13:53,1,76.0,76509,1,1,1.0,3.0,1065 Route du Puits de l Aire,"49,4679990000","1,2301360000",,76.076509,76509,Seine-Maritime,28.0,Normandie,80.0,3.0,2.0,2,1.0,28,Normandie,76,3,21,Préaux,1863,32,1895.0,1.0,33,,0.0,2.0,1.0,1.0
202100013439,1.0,1,1,1,3.0,1.0,0.0,0,-1.0,1944.0,B01,14,10,2021,13:53,1,76.0,76509,1,1,1.0,3.0,1065 Route du Puits de l Aire,"49,4679990000","1,2301360000",,76.076509,76509,Seine-Maritime,28.0,Normandie,80.0,3.0,2.0,2,1.0,28,Normandie,76,3,21,Préaux,1863,32,1895.0,2.0,7,,0.0,0.0,3.0,15.0