Num_Acc,place,catu,grav,sexe,trajet,secu,locp,actp,etatp,an_nais,num_veh,jour,mois,an,hrmn,lum,dep,com,agg,int,atm,col,adr,lat,long,gps,com_insee_temp,com_insee,departmentName,regionCode,regionName,vma,catr,circ,nbv,surf,Code,Region,Departement,Arrondissement,Code_Canton,Nom_Commune,Population_municipaLe,Population_comptee_a_part,Population_Totale,senc,catv,occutc,obs,obsm,choc,manv
202100016119,1.0,1,4,1,5.0,8.0,-1.0, -1,-1.0,1987.0,A01,29,9,2021,23:55,5,76.0,76540,2,1,1.0,6.0,RENARD. RUE DU,"49,4489700000","1,0793200000",,76.076540,76540,Seine-Maritime,28.0,Normandie,30.0,4.0,1.0,1,1.0,28,Normandie,76,3,97,Rouen,114083,1556,115639.0,0.0,7,,1.0,0.0,1.0,1.0
202100016120,2.0,2,4,2,3.0,1.0,-1.0, -1,-1.0,2002.0,B01,28,9,2021,18:00,1,76.0,76351,2,2,1.0,3.0,LA MAILLERAYE (DE),"49,4878200000","0,1017600000",,76.076351,76351,Seine-Maritime,28.0,Normandie,50.0,4.0,2.0,2,1.0,28,Normandie,76,2,96,LeHavre,166058,1780,167838.0,2.0,7,,0.0,2.0,2.0,0.0
202100016120,1.0,1,4,2,3.0,1.0,-1.0, -1,-1.0,2003.0,B01,28,9,2021,18:00,1,76.0,76351,2,2,1.0,3.0,LA MAILLERAYE (DE),"49,4878200000","0,1017600000",,76.076351,76351,Seine-Maritime,28.0,Normandie,50.0,4.0,2.0,2,1.0,28,Normandie,76,2,96,LeHavre,166058,1780,167838.0,2.0,7,,0.0,2.0,2.0,0.0
202100016120,1.0,1,1,1,0.0,1.0,-1.0, -1,-1.0,2003.0,A01,28,9,2021,18:00,1,76.0,76351,2,2,1.0,3.0,LA MAILLERAYE (DE),"49,4878200000","0,1017600000",,76.076351,76351,Seine-Maritime,28.0,Normandie,50.0,4.0,2.0,2,1.0,28,Normandie,76,2,96,LeHavre,166058,1780,167838.0,2.0,7,,0.0,2.0,1.0,0.0
202100016437,1.0,1,1,1,2.0,1.0,-1.0, -1,-1.0,1997.0,A01,27,9,2021,12:45,1,76.0,76351,2,2,1.0,6.0,REPUBLIQUE (COURS DE LA),"49,4960800000","0,1268400000",,76.076351,76351,Seine-Maritime,28.0,Normandie,50.0,4.0,2.0,4,1.0,28,Normandie,76,2,96,LeHavre,166058,1780,167838.0,2.0,7,,0.0,1.0,1.0,0.0
202100016437,10.0,3,4,2,2.0,0.0,4.0,3,1.0,2002.0,A01,27,9,2021,12:45,1,76.0,76351,2,2,1.0,6.0,REPUBLIQUE (COURS DE LA),"49,4960800000","0,1268400000",,76.076351,76351,Seine-Maritime,28.0,Normandie,50.0,4.0,2.0,4,1.0,28,Normandie,76,2,96,LeHavre,166058,1780,167838.0,2.0,7,,0.0,1.0,1.0,0.0
202100016461,1.0,1,4,1,0.0,1.0,-1.0, -1,-1.0,2001.0,B01,28,9,2021,00:25,5,76.0,76540,2,2,1.0,3.0,RONDEAUX. AVENUE JEAN,"49,4338800000","1,0761100000",,76.076540,76540,Seine-Maritime,28.0,Normandie,50.0,2.0,2.0,4,1.0,28,Normandie,76,3,97,Rouen,114083,1556,115639.0,2.0,7,,0.0,2.0,1.0,13.0
202100016461,2.0,2,1,1,0.0,1.0,-1.0, -1,-1.0,2001.0,B01,28,9,2021,00:25,5,76.0,76540,2,2,1.0,3.0,RONDEAUX. AVENUE JEAN,"49,4338800000","1,0761100000",,76.076540,76540,Seine-Maritime,28.0,Normandie,50.0,2.0,2.0,4,1.0,28,Normandie,76,3,97,Rouen,114083,1556,115639.0,2.0,7,,0.0,2.0,1.0,13.0
202100016461,3.0,2,1,2,0.0,1.0,-1.0, -1,-1.0,2002.0,A01,28,9,2021,00:25,5,76.0,76540,2,2,1.0,3.0,RONDEAUX. AVENUE JEAN,"49,4338800000","1,0761100000",,76.076540,76540,Seine-Maritime,28.0,Normandie,50.0,2.0,2.0,4,1.0,28,Normandie,76,3,97,Rouen,114083,1556,115639.0,2.0,7,,0.0,2.0,1.0,15.0
202100016461,1.0,1,1,2,0.0,1.0,-1.0, -1,-1.0,2001.0,A01,28,9,2021,00:25,5,76.0,76540,2,2,1.0,3.0,RONDEAUX. AVENUE JEAN,"49,4338800000","1,0761100000",,76.076540,76540,Seine-Maritime,28.0,Normandie,50.0,2.0,2.0,4,1.0,28,Normandie,76,3,97,Rouen,114083,1556,115639.0,2.0,7,,0.0,2.0,1.0,15.0
202100016462,1.0,1,1,2,0.0,1.0,-1.0, -1,-1.0,1998.0,A01,27,9,2021,18:05,1,76.0,76497,2,3,1.0,3.0,BRIAND. RUE ARISTIDE (CD 3),"49,3846100000","1,0216200000",,76.076497,76497,Seine-Maritime,28.0,Normandie,30.0,4.0,2.0,2,1.0,28,Normandie,76,3,13,Petit-Couronne,8688,175,8863.0,0.0,7,,0.0,2.0,1.0,1.0
202100016462,1.0,1,3,2,0.0,2.0,-1.0, -1,-1.0,1994.0,B01,27,9,2021,18:05,1,76.0,76497,2,3,1.0,3.0,BRIAND. RUE ARISTIDE (CD 3),"49,3846100000","1,0216200000",,76.076497,76497,Seine-Maritime,28.0,Normandie,30.0,4.0,2.0,2,1.0,28,Normandie,76,3,13,Petit-Couronne,8688,175,8863.0,0.0,31,,0.0,2.0,1.0,1.0
202100016463,1.0,1,3,1,5.0,1.0,-1.0, -1,-1.0,1982.0,A01,26,9,2021,01:00,3,76.0,76270,1,1,1.0,6.0,RD 31,"49,5528400000","0,1401500000",,76.076270,76270,Seine-Maritime,28.0,Normandie,50.0,3.0,2.0,2,1.0,28,Normandie,76,2,26,Fontaine-la-Mallet,2635,54,2689.0,1.0,7,,0.0,0.0,0.0,1.0
202100016464,1.0,1,2,1,5.0,2.0,-1.0, -1,-1.0,1959.0,A01,24,9,2021,20:30,5,76.0,76351,2,2,1.0,1.0,Rue Andreï Sakharov,"49,5048200000","0,1687700000",,76.076351,76351,Seine-Maritime,28.0,Normandie,50.0,4.0,2.0,3,1.0,28,Normandie,76,2,96,LeHavre,166058,1780,167838.0,2.0,33,,0.0,2.0,1.0,17.0
202100016464,1.0,1,1,1,5.0,1.0,-1.0, -1,-1.0,1998.0,B01,24,9,2021,20:30,5,76.0,76351,2,2,1.0,1.0,Rue Andreï Sakharov,"49,5048200000","0,1687700000",,76.076351,76351,Seine-Maritime,28.0,Normandie,50.0,4.0,2.0,3,1.0,28,Normandie,76,2,96,LeHavre,166058,1780,167838.0,2.0,7,,0.0,2.0,1.0,15.0
202100016639,1.0,1,3,1,0.0,2.0,-1.0, -1,-1.0,1998.0,A01,26,9,2021,03:30,5,76.0,76429,1,6,1.0,7.0,DARNETAL. ROUTE DE,"49,4123172891","1,1544024758",,76.076429,76429,Seine-Maritime,28.0,Normandie,80.0,7.0,2.0,2,2.0,28,Normandie,76,3,21,LeMesnil-Esnard,7980,353,8333.0,1.0,33,,16.0,0.0,7.0,1.0
202100016703,1.0,1,2,2,4.0,1.0,0.0,0,-1.0,2001.0,A01,26,9,2021,21:45,3,76.0,76141,1,1,1.0,4.0,D910,"49,6356200000","0,3850790000",,76.076141,76141,Seine-Maritime,28.0,Normandie,80.0,3.0,2.0,2,1.0,28,Normandie,76,2,32,Bréauté,1365,13,1378.0,2.0,7,,0.0,2.0,1.0,1.0
202100016703,2.0,2,2,1,5.0,1.0,0.0,0,-1.0,1998.0,B01,26,9,2021,21:45,3,76.0,76141,1,1,1.0,4.0,D910,"49,6356200000","0,3850790000",,76.076141,76141,Seine-Maritime,28.0,Normandie,80.0,3.0,2.0,2,1.0,28,Normandie,76,2,32,Bréauté,1365,13,1378.0,1.0,7,,0.0,2.0,1.0,17.0
202100016703,1.0,1,3,1,5.0,1.0,0.0,0,-1.0,1998.0,B01,26,9,2021,21:45,3,76.0,76141,1,1,1.0,4.0,D910,"49,6356200000","0,3850790000",,76.076141,76141,Seine-Maritime,28.0,Normandie,80.0,3.0,2.0,2,1.0,28,Normandie,76,2,32,Bréauté,1365,13,1378.0,1.0,7,,0.0,2.0,1.0,17.0
202100016703,2.0,2,1,1,5.0,1.0,0.0,0,-1.0,2011.0,C01,26,9,2021,21:45,3,76.0,76141,1,1,1.0,4.0,D910,"49,6356200000","0,3850790000",,76.076141,76141,Seine-Maritime,28.0,Normandie,80.0,3.0,2.0,2,1.0,28,Normandie,76,2,32,Bréauté,1365,13,1378.0,1.0,7,,0.0,9.0,8.0,1.0
202100016703,1.0,1,1,2,5.0,1.0,0.0,0,-1.0,1975.0,C01,26,9,2021,21:45,3,76.0,76141,1,1,1.0,4.0,D910,"49,6356200000","0,3850790000",,76.076141,76141,Seine-Maritime,28.0,Normandie,80.0,3.0,2.0,2,1.0,28,Normandie,76,2,32,Bréauté,1365,13,1378.0,1.0,7,,0.0,9.0,8.0,1.0
202100016704,1.0,1,3,1,5.0,2.0,0.0,0,-1.0,1982.0,A01,25,9,2021,15:20,1,76.0,76636,1,1,1.0,4.0,D43,"49,4959500000","0,9071870000",,76.076636,76636,Seine-Maritime,28.0,Normandie,80.0,7.0,2.0,2,1.0,28,Normandie,76,3,1,Saint-Pierre-de-VarengevilLe2299,33,2332,,2.0,33,,0.0,2.0,1.0,13.0
202100016704,1.0,1,3,1,5.0,2.0,0.0,0,-1.0,1993.0,C01,25,9,2021,15:20,1,76.0,76636,1,1,1.0,4.0,D43,"49,4959500000","0,9071870000",,76.076636,76636,Seine-Maritime,28.0,Normandie,80.0,7.0,2.0,2,1.0,28,Normandie,76,3,1,Saint-Pierre-de-VarengevilLe2299,33,2332,,2.0,33,,0.0,2.0,0.0,1.0
202100016704,1.0,1,1,1,5.0,1.0,0.0,0,-1.0,1946.0,D01,25,9,2021,15:20,1,76.0,76636,1,1,1.0,4.0,D43,"49,4959500000","0,9071870000",,76.076636,76636,Seine-Maritime,28.0,Normandie,80.0,7.0,2.0,2,1.0,28,Normandie,76,3,1,Saint-Pierre-de-VarengevilLe2299,33,2332,,1.0,7,,0.0,2.0,1.0,1.0
202100016704,1.0,1,1,1,5.0,1.0,0.0,0,-1.0,1982.0,B01,25,9,2021,15:20,1,76.0,76636,1,1,1.0,4.0,D43,"49,4959500000","0,9071870000",,76.076636,76636,Seine-Maritime,28.0,Normandie,80.0,7.0,2.0,2,1.0,28,Normandie,76,3,1,Saint-Pierre-de-VarengevilLe2299,33,2332,,1.0,7,,0.0,2.0,3.0,1.0
202100016846,1.0,1,1,-1,-1.0,8.0,-1.0, -1,-1.0,,Z01,24,9,2021,18:30,2,76.0,76212,2,1,1.0,2.0,LEFEBVRE. RUE PIERRE,"49,4403000000","1,1478100000",,76.076212,76212,Seine-Maritime,28.0,Normandie,30.0,6.0,-1.0,-1,1.0,28,Normandie,76,3,6,Darnétal,9738,74,9812.0,0.0,7,,0.0,0.0,0.0,0.0
202100016846,1.0,1,4,2,5.0,1.0,-1.0, -1,-1.0,1996.0,A01,24,9,2021,18:30,2,76.0,76212,2,1,1.0,2.0,LEFEBVRE. RUE PIERRE,"49,4403000000","1,1478100000",,76.076212,76212,Seine-Maritime,28.0,Normandie,30.0,6.0,-1.0,-1,1.0,28,Normandie,76,3,6,Darnétal,9738,74,9812.0,0.0,7,,0.0,2.0,7.0,1.0
202100016847,1.0,1,1,1,4.0,1.0,-1.0, -1,-1.0,1994.0,B01,23,9,2021,16:25,1,76.0,76319,2,3,1.0,6.0,Boulevard Maritime,"49,3658900000","1,0001900000",,76.076319,76319,Seine-Maritime,28.0,Normandie,50.0,4.0,2.0,2,1.0,28,Normandie,76,3,9,Grand-Couronne,9726,177,9903.0,0.0,15,,0.0,2.0,3.0,15.0
202100016847,1.0,1,3,2,1.0,2.0,-1.0, -1,-1.0,1995.0,A01,23,9,2021,16:25,1,76.0,76319,2,3,1.0,6.0,Boulevard Maritime,"49,3658900000","1,0001900000",,76.076319,76319,Seine-Maritime,28.0,Normandie,50.0,4.0,2.0,2,1.0,28,Normandie,76,3,9,Grand-Couronne,9726,177,9903.0,0.0,31,,0.0,2.0,1.0,17.0
202100016848,1.0,1,4,1,1.0,1.0,-1.0, -1,-1.0,2000.0,B01,23,9,2021,13:40,1,76.0,76561,2,6,1.0,3.0,FOCH. RUE DU MARECHAL,"49,3013700000","1,0230300000",,76.076561,76561,Seine-Maritime,28.0,Normandie,50.0,4.0,2.0,2,1.0,28,Normandie,76,3,5,Saint-Aubin-lès-Elbeuf,8428,75,8503.0,1.0,7,,0.0,2.0,2.0,9.0
202100016848,1.0,1,4,2,9.0,1.0,-1.0, -1,-1.0,1995.0,A01,23,9,2021,13:40,1,76.0,76561,2,6,1.0,3.0,FOCH. RUE DU MARECHAL,"49,3013700000","1,0230300000",,76.076561,76561,Seine-Maritime,28.0,Normandie,50.0,4.0,2.0,2,1.0,28,Normandie,76,3,5,Saint-Aubin-lès-Elbeuf,8428,75,8503.0,1.0,7,,0.0,2.0,3.0,1.0
202100016849,1.0,1,3,1,1.0,2.0,-1.0, -1,-1.0,2000.0,A01,22,9,2021,17:30,1,76.0,76351,2,6,1.0,7.0,SEIZIEME PORT (AVENUE DU),"49,4833700000","0,1649900000",,76.076351,76351,Seine-Maritime,28.0,Normandie,50.0,4.0,2.0,2,1.0,28,Normandie,76,2,96,LeHavre,166058,1780,167838.0,3.0,33,,0.0,0.0,8.0,0.0
202100017277,1.0,1,1,1,5.0,8.0,0.0,0,-1.0,1991.0,A01,24,9,2021,20:30,3,76.0,76533,1,1,1.0,3.0,A131,"49,4946490000","0,2665350000",,76.076533,76533,Seine-Maritime,28.0,Normandie,130.0,1.0,1.0,4,1.0,28,Normandie,76,2,16,RogervilLe1706,19,1725,,1.0,7,,0.0,2.0,2.0,1.0
202100017277,1.0,1,4,1,5.0,1.0,0.0,0,-1.0,1986.0,B01,24,9,2021,20:30,3,76.0,76533,1,1,1.0,3.0,A131,"49,4946490000","0,2665350000",,76.076533,76533,Seine-Maritime,28.0,Normandie,130.0,1.0,1.0,4,1.0,28,Normandie,76,2,16,RogervilLe1706,19,1725,,1.0,7,,0.0,2.0,6.0,1.0
202100017423,1.0,1,4,1,0.0,2.0,-1.0, -1,-1.0,2004.0,B01,22,9,2021,13:00,1,76.0,76429,2,2,1.0,2.0,REPUBLIQUE. RUE DE LA,"49,4107265551","1,1428678036",,76.076429,76429,Seine-Maritime,28.0,Normandie,50.0,7.0,2.0,2,1.0,28,Normandie,76,3,21,LeMesnil-Esnard,7980,353,8333.0,0.0,2,,0.0,0.0,0.0,0.0
202100017423,1.0,1,1,1,4.0,1.0,-1.0, -1,-1.0,2000.0,A01,22,9,2021,13:00,1,76.0,76429,2,2,1.0,2.0,REPUBLIQUE. RUE DE LA,"49,4107265551","1,1428678036",,76.076429,76429,Seine-Maritime,28.0,Normandie,50.0,7.0,2.0,2,1.0,28,Normandie,76,3,21,LeMesnil-Esnard,7980,353,8333.0,0.0,7,,0.0,2.0,1.0,1.0
202100017424,10.0,3,2,1,5.0,8.0,4.0,3,2.0,2016.0,A01,21,9,2021,20:20,5,76.0,76575,2,3,1.0,6.0,GROUPE SCOLAIRE HENRI WALLON,"49,3950190000","1,0692000000",,76.076575,76575,Seine-Maritime,28.0,Normandie,30.0,4.0,2.0,2,1.0,28,Normandie,76,3,98,Saint-Étienne-du-Rouvray,28508,225,28733.0,0.0,7,,0.0,1.0,2.0,3.0
202100017424,1.0,1,1,1,5.0,8.0,-1.0, -1,-1.0,2005.0,A01,21,9,2021,20:20,5,76.0,76575,2,3,1.0,6.0,GROUPE SCOLAIRE HENRI WALLON,"49,3950190000","1,0692000000",,76.076575,76575,Seine-Maritime,28.0,Normandie,30.0,4.0,2.0,2,1.0,28,Normandie,76,3,98,Saint-Étienne-du-Rouvray,28508,225,28733.0,0.0,7,,0.0,1.0,2.0,3.0
202100017425,1.0,1,1,-1,-1.0,8.0,-1.0, -1,-1.0,,A01,22,9,2021,01:55,5,76.0,76351,2,1,1.0,6.0,ABBE DE L'EPEE,"49,5022300000","0,1395200000",,76.076351,76351,Seine-Maritime,28.0,Normandie,50.0,4.0,2.0,2,1.0,28,Normandie,76,2,96,LeHavre,166058,1780,167838.0,0.0,7,,1.0,0.0,3.0,13.0
202100017425,2.0,2,4,1,0.0,1.0,-1.0, -1,-1.0,1962.0,A01,22,9,2021,01:55,5,76.0,76351,2,1,1.0,6.0,ABBE DE L'EPEE,"49,5022300000","0,1395200000",,76.076351,76351,Seine-Maritime,28.0,Normandie,50.0,4.0,2.0,2,1.0,28,Normandie,76,2,96,LeHavre,166058,1780,167838.0,0.0,7,,1.0,0.0,3.0,13.0
202100017426,1.0,1,1,2,0.0,1.0,-1.0, -1,-1.0,1997.0,A01,21,9,2021,19:15,1,76.0,76351,2,3,1.0,3.0,ALBERT SAMAIN,"49,5175000000","0,0895800000",,76.076351,76351,Seine-Maritime,28.0,Normandie,50.0,4.0,2.0,2,1.0,28,Normandie,76,2,96,LeHavre,166058,1780,167838.0,0.0,7,,0.0,2.0,1.0,15.0
202100017426,1.0,1,3,1,0.0,2.0,-1.0, -1,-1.0,1980.0,B01,21,9,2021,19:15,1,76.0,76351,2,3,1.0,3.0,ALBERT SAMAIN,"49,5175000000","0,0895800000",,76.076351,76351,Seine-Maritime,28.0,Normandie,50.0,4.0,2.0,2,1.0,28,Normandie,76,2,96,LeHavre,166058,1780,167838.0,0.0,32,,0.0,2.0,1.0,1.0
202100017427,2.0,2,1,1,5.0,1.0,-1.0, -1,-1.0,2004.0,B01,22,9,2021,12:30,1,76.0,76026,2,1,1.0,1.0,RD 54,"49,8808360000","1,1211370000",,76.076026,76026,Seine-Maritime,28.0,Normandie,50.0,3.0,2.0,2,1.0,28,Normandie,76,1,8,Arques-la-BatailLe2480,44,2524,,2.0,7,,0.0,2.0,1.0,1.0
202100017427,1.0,1,1,1,5.0,1.0,-1.0, -1,-1.0,2000.0,B01,22,9,2021,12:30,1,76.0,76026,2,1,1.0,1.0,RD 54,"49,8808360000","1,1211370000",,76.076026,76026,Seine-Maritime,28.0,Normandie,50.0,3.0,2.0,2,1.0,28,Normandie,76,1,8,Arques-la-BatailLe2480,44,2524,,2.0,7,,0.0,2.0,1.0,1.0
202100017427,1.0,1,4,2,4.0,1.0,-1.0, -1,-1.0,1968.0,A01,22,9,2021,12:30,1,76.0,76026,2,1,1.0,1.0,RD 54,"49,8808360000","1,1211370000",,76.076026,76026,Seine-Maritime,28.0,Normandie,50.0,3.0,2.0,2,1.0,28,Normandie,76,1,8,Arques-la-BatailLe2480,44,2524,,1.0,7,,0.0,2.0,1.0,15.0
202100017427,2.0,2,4,1,9.0,1.0,-1.0, -1,-1.0,1932.0,A01,22,9,2021,12:30,1,76.0,76026,2,1,1.0,1.0,RD 54,"49,8808360000","1,1211370000",,76.076026,76026,Seine-Maritime,28.0,Normandie,50.0,3.0,2.0,2,1.0,28,Normandie,76,1,8,Arques-la-BatailLe2480,44,2524,,1.0,7,,0.0,2.0,1.0,15.0
202100017534,1.0,1,3,2,1.0,1.0,0.0,0,-1.0,1998.0,A01,22,9,2021,20:53,3,76.0,76122,1,1,1.0,4.0,AUTOROUTE A 28 PK 48.500 en direction Rouen,"49,7959790906","1,5031930216",,76.076122,76122,Seine-Maritime,28.0,Normandie,130.0,1.0,3.0,4,1.0,28,Normandie,76,1,23,CallengevilLe502,8,510,,1.0,7,,4.0,0.0,0.0,0.0
202100017534,1.0,1,1,1,4.0,1.0,0.0,0,-1.0,1985.0,B01,22,9,2021,20:53,3,76.0,76122,1,1,1.0,4.0,AUTOROUTE A 28 PK 48.500 en direction Rouen,"49,7959790906","1,5031930216",,76.076122,76122,Seine-Maritime,28.0,Normandie,130.0,1.0,3.0,4,1.0,28,Normandie,76,1,23,CallengevilLe502,8,510,,1.0,15,,0.0,2.0,2.0,1.0
202100017534,1.0,1,1,1,4.0,1.0,0.0,0,-1.0,1989.0,C01,22,9,2021,20:53,3,76.0,76122,1,1,1.0,4.0,AUTOROUTE A 28 PK 48.500 en direction Rouen,"49,7959790906","1,5031930216",,76.076122,76122,Seine-Maritime,28.0,Normandie,130.0,1.0,3.0,4,1.0,28,Normandie,76,1,23,CallengevilLe502,8,510,,1.0,15,,0.0,2.0,2.0,1.0
202100017621,2.0,2,1,1,5.0,2.0,-1.0, -1,-1.0,2001.0,B01,20,9,2021,21:40,3,76.0,76351,2,2,1.0,2.0,LOUIS BLERIOT,"49,5304800000","0,0950300000",,76.076351,76351,Seine-Maritime,28.0,Normandie,50.0,3.0,2.0,3,1.0,28,Normandie,76,2,96,LeHavre,166058,1780,167838.0,1.0,32,,0.0,2.0,0.0,0.0
202100017621,1.0,1,1,1,5.0,2.0,-1.0, -1,-1.0,2003.0,B01,20,9,2021,21:40,3,76.0,76351,2,2,1.0,2.0,LOUIS BLERIOT,"49,5304800000","0,0950300000",,76.076351,76351,Seine-Maritime,28.0,Normandie,50.0,3.0,2.0,3,1.0,28,Normandie,76,2,96,LeHavre,166058,1780,167838.0,1.0,32,,0.0,2.0,0.0,0.0
202100017621,2.0,2,4,2,5.0,2.0,-1.0, -1,-1.0,2001.0,A01,20,9,2021,21:40,3,76.0,76351,2,2,1.0,2.0,LOUIS BLERIOT,"49,5304800000","0,0950300000",,76.076351,76351,Seine-Maritime,28.0,Normandie,50.0,3.0,2.0,3,1.0,28,Normandie,76,2,96,LeHavre,166058,1780,167838.0,1.0,30,,0.0,2.0,0.0,0.0
202100017621,1.0,1,4,1,5.0,2.0,-1.0, -1,-1.0,2002.0,A01,20,9,2021,21:40,3,76.0,76351,2,2,1.0,2.0,LOUIS BLERIOT,"49,5304800000","0,0950300000",,76.076351,76351,Seine-Maritime,28.0,Normandie,50.0,3.0,2.0,3,1.0,28,Normandie,76,2,96,LeHavre,166058,1780,167838.0,1.0,30,,0.0,2.0,0.0,0.0
202100017622,1.0,1,1,1,0.0,1.0,-1.0, -1,-1.0,1945.0,B01,19,9,2021,17:15,1,76.0,76351,2,1,2.0,3.0,EDOUARD VAILLANT,"49,5144320577","0,1769785383",,76.076351,76351,Seine-Maritime,28.0,Normandie,50.0,4.0,2.0,2,2.0,28,Normandie,76,2,96,LeHavre,166058,1780,167838.0,0.0,7,,0.0,2.0,1.0,1.0
202100017622,1.0,1,4,1,0.0,1.0,-1.0, -1,-1.0,2001.0,A01,19,9,2021,17:15,1,76.0,76351,2,1,2.0,3.0,EDOUARD VAILLANT,"49,5144320577","0,1769785383",,76.076351,76351,Seine-Maritime,28.0,Normandie,50.0,4.0,2.0,2,2.0,28,Normandie,76,2,96,LeHavre,166058,1780,167838.0,0.0,7,,0.0,2.0,2.0,15.0
202100017719,1.0,1,4,1,5.0,2.0,0.0,0,-1.0,2004.0,A01,21,9,2021,17:50,1,76.0,76059,2,1,1.0,1.0,Rue de Saulx,"49,9488750000","1,5479160000",,76.076059,76059,Seine-Maritime,28.0,Normandie,50.0,4.0,2.0,2,1.0,28,Normandie,76,1,10,Bazinval,422,11,433.0,3.0,2,,0.0,2.0,1.0,17.0
202100017719,1.0,1,1,2,9.0,1.0,0.0,0,-1.0,1973.0,B01,21,9,2021,17:50,1,76.0,76059,2,1,1.0,1.0,Rue de Saulx,"49,9488750000","1,5479160000",,76.076059,76059,Seine-Maritime,28.0,Normandie,50.0,4.0,2.0,2,1.0,28,Normandie,76,1,10,Bazinval,422,11,433.0,3.0,7,,0.0,2.0,3.0,1.0
202100017760,2.0,2,1,1,5.0,1.0,0.0,0,-1.0,2003.0,A01,25,8,2021,13:57,1,76.0,76276,1,1,1.0,7.0,78 Route de Gournay,"49,6005830000","1,5710120000",,76.076276,76276,Seine-Maritime,28.0,Normandie,80.0,3.0,2.0,2,1.0,28,Normandie,76,1,12,Forges-les-Eaux,3702,157,3859.0,0.0,7,,13.0,0.0,1.0,0.0
202100017760,1.0,1,3,1,5.0,1.0,0.0,0,-1.0,2002.0,A01,25,8,2021,13:57,1,76.0,76276,1,1,1.0,7.0,78 Route de Gournay,"49,6005830000","1,5710120000",,76.076276,76276,Seine-Maritime,28.0,Normandie,80.0,3.0,2.0,2,1.0,28,Normandie,76,1,12,Forges-les-Eaux,3702,157,3859.0,0.0,7,,13.0,0.0,1.0,0.0
202100017760,3.0,2,1,1,5.0,1.0,0.0,0,-1.0,2002.0,A01,25,8,2021,13:57,1,76.0,76276,1,1,1.0,7.0,78 Route de Gournay,"49,6005830000","1,5710120000",,76.076276,76276,Seine-Maritime,28.0,Normandie,80.0,3.0,2.0,2,1.0,28,Normandie,76,1,12,Forges-les-Eaux,3702,157,3859.0,0.0,7,,13.0,0.0,1.0,0.0
202100017814,1.0,1,1,2,0.0,1.0,-1.0, -1,-1.0,1987.0,B01,20,9,2021,17:55,1,76.0,76216,2,1,2.0,3.0,DIEPPE. ROUTE DE (RN 27),"49,4676570000","1,0509980000",,76.076216,76216,Seine-Maritime,28.0,Normandie,50.0,7.0,2.0,3,2.0,28,Normandie,76,3,22,Déville-lès-Rouen,10745,62,10807.0,3.0,7,,0.0,2.0,6.0,15.0
202100017814,1.0,1,4,1,0.0,2.0,-1.0, -1,-1.0,1969.0,A01,20,9,2021,17:55,1,76.0,76216,2,1,2.0,3.0,DIEPPE. ROUTE DE (RN 27),"49,4676570000","1,0509980000",,76.076216,76216,Seine-Maritime,28.0,Normandie,50.0,7.0,2.0,3,2.0,28,Normandie,76,3,22,Déville-lès-Rouen,10745,62,10807.0,3.0,32,,0.0,2.0,1.0,7.0
202100017815,1.0,1,1,1,0.0,1.0,-1.0, -1,-1.0,1947.0,A01,20,9,2021,17:10,1,76.0,76575,2,1,1.0,6.0,UNIVERSITE. AVENUE DE L',"49,3876478806","1,0631274059",,76.076575,76575,Seine-Maritime,28.0,Normandie,30.0,4.0,2.0,2,1.0,28,Normandie,76,3,98,Saint-Étienne-du-Rouvray,28508,225,28733.0,3.0,7,,0.0,1.0,1.0,1.0
202100017815,10.0,3,4,1,0.0,0.0,3.0,3,1.0,2004.0,A01,20,9,2021,17:10,1,76.0,76575,2,1,1.0,6.0,UNIVERSITE. AVENUE DE L',"49,3876478806","1,0631274059",,76.076575,76575,Seine-Maritime,28.0,Normandie,30.0,4.0,2.0,2,1.0,28,Normandie,76,3,98,Saint-Étienne-du-Rouvray,28508,225,28733.0,3.0,7,,0.0,1.0,1.0,1.0
202100017816,1.0,1,4,2,5.0,1.0,-1.0, -1,-1.0,1965.0,A01,20,9,2021,01:15,5,76.0,76351,2,1,1.0,6.0,VALLEE (RUE DE LA),"49,4945100000","0,1539300000",,76.076351,76351,Seine-Maritime,28.0,Normandie,50.0,4.0,2.0,2,1.0,28,Normandie,76,2,96,LeHavre,166058,1780,167838.0,2.0,7,,1.0,0.0,1.0,1.0
202100017817,1.0,1,4,1,5.0,1.0,-1.0, -1,-1.0,1995.0,A01,20,9,2021,02:00,5,76.0,76351,2,4,1.0,6.0,JENNER (PLACE),"49,5084900000","0,1369500000",,76.076351,76351,Seine-Maritime,28.0,Normandie,50.0,4.0,1.0,1,1.0,28,Normandie,76,2,96,LeHavre,166058,1780,167838.0,0.0,7,,12.0,0.0,1.0,1.0
202100017818,1.0,1,4,2,0.0,2.0,-1.0, -1,-1.0,1954.0,A01,17,9,2021,18:20,1,76.0,76552,2,1,1.0,6.0,PRESIDENT FELIX FAURE (BD),"49,5068600000","0,0754000000",,76.076552,76552,Seine-Maritime,28.0,Normandie,50.0,3.0,2.0,2,1.0,28,Normandie,76,2,19,Sainte-Adresse,7116,188,7304.0,0.0,50,,12.0,0.0,1.0,1.0
202100017941,1.0,1,4,1,4.0,1.0,0.0,0,-1.0,1979.0,B01,20,9,2021,16:05,1,76.0,76684,1,9,1.0,3.0,"nationale 182, Sens LE HAVRE / TANCARVILLE","49,4750890000","0,4623320000",,76.076684,76684,Seine-Maritime,28.0,Normandie,50.0,2.0,2.0,4,1.0,28,Normandie,76,2,3,TancarvilLe1218,24,1242,,2.0,99,,0.0,2.0,3.0,10.0