Num_Acc,place,catu,grav,sexe,trajet,secu,locp,actp,etatp,an_nais,num_veh,jour,mois,an,hrmn,lum,dep,com,agg,int,atm,col,adr,lat,long,gps,com_insee_temp,com_insee,departmentName,regionCode,regionName,vma,catr,circ,nbv,surf,Code,Region,Departement,Arrondissement,Code_Canton,Nom_Commune,Population_municipaLe,Population_comptee_a_part,Population_Totale,senc,catv,occutc,obs,obsm,choc,manv
202100020217,1.0,1,3,1,0.0,1.0,-1.0, -1,-1.0,1966.0,B01,10,5,2021,07:50,1,76.0,76305,2,1,1.0,1.0,CANAL BOSSIERE (ROUTE DU),"49,4970100000","0,1992500000",,76.076305,76305,Seine-Maritime,28.0,Normandie,50.0,4.0,2.0,2,1.0,28,Normandie,76,2,16,Gonfreville-l'Orcher,8961,44,9005.0,1.0,7,,0.0,2.0,1.0,0.0
202100020217,1.0,1,1,2,0.0,1.0,-1.0, -1,-1.0,1991.0,A01,10,5,2021,07:50,1,76.0,76305,2,1,1.0,1.0,CANAL BOSSIERE (ROUTE DU),"49,4970100000","0,1992500000",,76.076305,76305,Seine-Maritime,28.0,Normandie,50.0,4.0,2.0,2,1.0,28,Normandie,76,2,16,Gonfreville-l'Orcher,8961,44,9005.0,2.0,7,,0.0,2.0,1.0,0.0
202100020250,1.0,1,4,1,5.0,2.0,-1.0, -1,-1.0,1999.0,C01,7,9,2021,21:35,5,76.0,76157,2,3,1.0,5.0,CANAL. RUE DU (CD 51),"49,4602047155","1,0431905463",,76.076157,76157,Seine-Maritime,28.0,Normandie,50.0,7.0,2.0,2,1.0,28,Normandie,76,3,4,Canteleu,13966,360,14326.0,0.0,1,,0.0,2.0,1.0,1.0
202100020250,1.0,1,4,1,5.0,2.0,-1.0, -1,-1.0,1983.0,B01,7,9,2021,21:35,5,76.0,76157,2,3,1.0,5.0,CANAL. RUE DU (CD 51),"49,4602047155","1,0431905463",,76.076157,76157,Seine-Maritime,28.0,Normandie,50.0,7.0,2.0,2,1.0,28,Normandie,76,3,4,Canteleu,13966,360,14326.0,0.0,1,,0.0,2.0,1.0,1.0
202100020250,1.0,1,1,1,3.0,1.0,-1.0, -1,-1.0,2001.0,A01,7,9,2021,21:35,5,76.0,76157,2,3,1.0,5.0,CANAL. RUE DU (CD 51),"49,4602047155","1,0431905463",,76.076157,76157,Seine-Maritime,28.0,Normandie,50.0,7.0,2.0,2,1.0,28,Normandie,76,3,4,Canteleu,13966,360,14326.0,0.0,7,,0.0,9.0,3.0,16.0
202100020251,1.0,1,4,1,5.0,1.0,-1.0, -1,-1.0,1986.0,A01,6,9,2021,18:15,1,76.0,76351,1,4,1.0,2.0,GENERAL FERRIE (AVENUE),"49,5035200000","0,1794100000",,76.076351,76351,Seine-Maritime,28.0,Normandie,50.0,4.0,2.0,2,1.0,28,Normandie,76,2,96,LeHavre,166058,1780,167838.0,3.0,7,,0.0,2.0,1.0,1.0
202100020251,3.0,2,4,1,0.0,1.0,-1.0, -1,-1.0,2017.0,A01,6,9,2021,18:15,1,76.0,76351,1,4,1.0,2.0,GENERAL FERRIE (AVENUE),"49,5035200000","0,1794100000",,76.076351,76351,Seine-Maritime,28.0,Normandie,50.0,4.0,2.0,2,1.0,28,Normandie,76,2,96,LeHavre,166058,1780,167838.0,3.0,7,,0.0,2.0,1.0,1.0
202100020251,1.0,1,4,1,0.0,1.0,-1.0, -1,-1.0,1987.0,B01,6,9,2021,18:15,1,76.0,76351,1,4,1.0,2.0,GENERAL FERRIE (AVENUE),"49,5035200000","0,1794100000",,76.076351,76351,Seine-Maritime,28.0,Normandie,50.0,4.0,2.0,2,1.0,28,Normandie,76,2,96,LeHavre,166058,1780,167838.0,3.0,10,,0.0,2.0,1.0,1.0
202100020252,1.0,1,4,2,4.0,1.0,-1.0, -1,-1.0,1978.0,A01,4,9,2021,15:50,1,76.0,76351,2,2,1.0,3.0,FRILEUSE (AVENUE DE),"49,5090890000","0,1467090000",,76.076351,76351,Seine-Maritime,28.0,Normandie,50.0,4.0,2.0,2,1.0,28,Normandie,76,2,96,LeHavre,166058,1780,167838.0,3.0,10,,0.0,4.0,1.0,1.0
202100020252,1.0,1,4,1,4.0,8.0,-1.0, -1,-1.0,1970.0,B01,4,9,2021,15:50,1,76.0,76351,2,2,1.0,3.0,FRILEUSE (AVENUE DE),"49,5090890000","0,1467090000",,76.076351,76351,Seine-Maritime,28.0,Normandie,50.0,4.0,2.0,2,1.0,28,Normandie,76,2,96,LeHavre,166058,1780,167838.0,3.0,40,,0.0,2.0,1.0,1.0
202100020253,1.0,1,1,1,5.0,1.0,-1.0, -1,-1.0,1986.0,B01,14,7,2021,06:10,1,76.0,76351,2,1,1.0,2.0,SAINTE ADRESSE (DE),"49,4989500000","0,0943300000",,76.076351,76351,Seine-Maritime,28.0,Normandie,50.0,4.0,2.0,2,1.0,28,Normandie,76,2,96,LeHavre,166058,1780,167838.0,0.0,7,,0.0,2.0,4.0,23.0
202100020253,2.0,2,4,2,5.0,1.0,-1.0, -1,-1.0,2000.0,A01,14,7,2021,06:10,1,76.0,76351,2,1,1.0,2.0,SAINTE ADRESSE (DE),"49,4989500000","0,0943300000",,76.076351,76351,Seine-Maritime,28.0,Normandie,50.0,4.0,2.0,2,1.0,28,Normandie,76,2,96,LeHavre,166058,1780,167838.0,0.0,7,,0.0,2.0,1.0,2.0
202100020253,1.0,1,1,1,5.0,1.0,-1.0, -1,-1.0,2001.0,A01,14,7,2021,06:10,1,76.0,76351,2,1,1.0,2.0,SAINTE ADRESSE (DE),"49,4989500000","0,0943300000",,76.076351,76351,Seine-Maritime,28.0,Normandie,50.0,4.0,2.0,2,1.0,28,Normandie,76,2,96,LeHavre,166058,1780,167838.0,0.0,7,,0.0,2.0,1.0,2.0
202100020496,1.0,1,4,1,5.0,2.0,-1.0, -1,-1.0,1985.0,A01,4,9,2021,02:15,5,76.0,76351,2,4,1.0,6.0,MARECHAL JOFFRE (RUE),"49,5003100000","0,1267600000",,76.076351,76351,Seine-Maritime,28.0,Normandie,50.0,4.0,2.0,2,1.0,28,Normandie,76,2,96,LeHavre,166058,1780,167838.0,0.0,30,,2.0,0.0,1.0,15.0
202100020497,1.0,1,4,1,5.0,2.0,-1.0, -1,-1.0,1982.0,B01,27,8,2021,12:20,1,76.0,76351,2,6,1.0,3.0,MARCEAU (RUE),"49,4915100000","0,1322900000",,76.076351,76351,Seine-Maritime,28.0,Normandie,50.0,4.0,2.0,4,1.0,28,Normandie,76,2,96,LeHavre,166058,1780,167838.0,0.0,31,,0.0,2.0,7.0,1.0
202100020497,1.0,1,1,1,4.0,1.0,-1.0, -1,-1.0,1997.0,A01,27,8,2021,12:20,1,76.0,76351,2,6,1.0,3.0,MARCEAU (RUE),"49,4915100000","0,1322900000",,76.076351,76351,Seine-Maritime,28.0,Normandie,50.0,4.0,2.0,4,1.0,28,Normandie,76,2,96,LeHavre,166058,1780,167838.0,0.0,10,,0.0,2.0,1.0,9.0
202100020498,1.0,1,1,-1,-1.0,8.0,-1.0, -1,-1.0,,A01,5,9,2021,05:56,5,76.0,76351,2,1,1.0,6.0,HENRI CHANDELIER (PLACE),"49,5064000000","0,0999800000",,76.076351,76351,Seine-Maritime,28.0,Normandie,50.0,4.0,1.0,1,1.0,28,Normandie,76,2,96,LeHavre,166058,1780,167838.0,2.0,7,,9.0,0.0,1.0,0.0
202100020498,2.0,2,1,2,0.0,1.0,-1.0, -1,-1.0,1998.0,A01,5,9,2021,05:56,5,76.0,76351,2,1,1.0,6.0,HENRI CHANDELIER (PLACE),"49,5064000000","0,0999800000",,76.076351,76351,Seine-Maritime,28.0,Normandie,50.0,4.0,1.0,1,1.0,28,Normandie,76,2,96,LeHavre,166058,1780,167838.0,2.0,7,,9.0,0.0,1.0,0.0
202100020498,3.0,2,1,2,0.0,1.0,-1.0, -1,-1.0,1997.0,A01,5,9,2021,05:56,5,76.0,76351,2,1,1.0,6.0,HENRI CHANDELIER (PLACE),"49,5064000000","0,0999800000",,76.076351,76351,Seine-Maritime,28.0,Normandie,50.0,4.0,1.0,1,1.0,28,Normandie,76,2,96,LeHavre,166058,1780,167838.0,2.0,7,,9.0,0.0,1.0,0.0
202100020498,4.0,2,4,2,0.0,1.0,-1.0, -1,-1.0,1999.0,A01,5,9,2021,05:56,5,76.0,76351,2,1,1.0,6.0,HENRI CHANDELIER (PLACE),"49,5064000000","0,0999800000",,76.076351,76351,Seine-Maritime,28.0,Normandie,50.0,4.0,1.0,1,1.0,28,Normandie,76,2,96,LeHavre,166058,1780,167838.0,2.0,7,,9.0,0.0,1.0,0.0
202100020499,1.0,1,1,1,0.0,1.0,-1.0, -1,-1.0,1982.0,B01,3,9,2021,17:30,1,76.0,76351,2,1,1.0,3.0,SAULES (DES),"49,5125800000","0,1579000000",,76.076351,76351,Seine-Maritime,28.0,Normandie,50.0,4.0,2.0,1,1.0,28,Normandie,76,2,96,LeHavre,166058,1780,167838.0,1.0,7,,0.0,2.0,2.0,1.0
202100020499,2.0,2,4,2,0.0,2.0,-1.0, -1,-1.0,2002.0,A01,3,9,2021,17:30,1,76.0,76351,2,1,1.0,3.0,SAULES (DES),"49,5125800000","0,1579000000",,76.076351,76351,Seine-Maritime,28.0,Normandie,50.0,4.0,2.0,1,1.0,28,Normandie,76,2,96,LeHavre,166058,1780,167838.0,3.0,30,,0.0,2.0,1.0,9.0
202100020499,1.0,1,4,1,0.0,2.0,-1.0, -1,-1.0,2003.0,A01,3,9,2021,17:30,1,76.0,76351,2,1,1.0,3.0,SAULES (DES),"49,5125800000","0,1579000000",,76.076351,76351,Seine-Maritime,28.0,Normandie,50.0,4.0,2.0,1,1.0,28,Normandie,76,2,96,LeHavre,166058,1780,167838.0,3.0,30,,0.0,2.0,1.0,9.0
202100020610,1.0,1,1,1,4.0,1.0,0.0,0,-1.0,1961.0,B01,7,9,2021,08:45,1,76.0,76488,1,2,1.0,2.0,D925,"49,7819400000","0,5839280000",,76.076488,76488,Seine-Maritime,28.0,Normandie,80.0,3.0,2.0,2,1.0,28,Normandie,76,1,33,OuainvilLe527,12,539,,1.0,15,,0.0,2.0,6.0,15.0
202100020610,1.0,1,3,2,1.0,1.0,0.0,0,-1.0,1998.0,A01,7,9,2021,08:45,1,76.0,76488,1,2,1.0,2.0,D925,"49,7819400000","0,5839280000",,76.076488,76488,Seine-Maritime,28.0,Normandie,80.0,3.0,2.0,2,1.0,28,Normandie,76,1,33,OuainvilLe527,12,539,,2.0,7,,0.0,2.0,3.0,17.0
202100020611,1.0,1,3,1,5.0,0.0,0.0,0,-1.0,2011.0,B01,6,9,2021,17:50,1,76.0,76304,2,3,7.0,3.0,Route de Goderville,"49,6514770000","0,4358210000",,76.076304,76304,Seine-Maritime,28.0,Normandie,50.0,3.0,2.0,2,1.0,28,Normandie,76,2,32,Gonfreville-Caillot,390,6,396.0,1.0,1,,0.0,2.0,7.0,0.0
202100020611,1.0,1,1,1,4.0,1.0,0.0,0,-1.0,1998.0,A01,6,9,2021,17:50,1,76.0,76304,2,3,7.0,3.0,Route de Goderville,"49,6514770000","0,4358210000",,76.076304,76304,Seine-Maritime,28.0,Normandie,50.0,3.0,2.0,2,1.0,28,Normandie,76,2,32,Gonfreville-Caillot,390,6,396.0,2.0,10,,0.0,9.0,1.0,1.0
202100020612,1.0,1,4,2,5.0,1.0,0.0,0,-1.0,1980.0,B01,7,9,2021,11:35,1,76.0,76383,1,1,1.0,3.0,Route de l Oree du Bois,"49,7467030000","0,9613360000",,76.076383,76383,Seine-Maritime,28.0,Normandie,80.0,3.0,2.0,2,1.0,28,Normandie,76,1,20,LestanvilLe94,1,95,,3.0,7,,0.0,2.0,3.0,1.0
202100020612,1.0,1,1,1,4.0,0.0,0.0,0,-1.0,2002.0,A01,7,9,2021,11:35,1,76.0,76383,1,1,1.0,3.0,Route de l Oree du Bois,"49,7467030000","0,9613360000",,76.076383,76383,Seine-Maritime,28.0,Normandie,80.0,3.0,2.0,2,1.0,28,Normandie,76,1,20,LestanvilLe94,1,95,,3.0,21,,0.0,2.0,8.0,1.0
202100020620,1.0,1,1,2,1.0,1.0,0.0,0,-1.0,1998.0,A01,6,9,2021,16:30,1,76.0,76192,2,3,1.0,6.0,Rue du Huit Mai 1945,"50,0166310000","1,3187380000",,76.076192,76192,Seine-Maritime,28.0,Normandie,50.0,3.0,2.0,2,1.0,28,Normandie,76,1,10,Criel-sur-Mer,2596,54,2650.0,1.0,7,,0.0,9.0,8.0,15.0
202100020620,10.0,3,3,1,3.0,0.0,2.0,3,2.0,1952.0,A01,6,9,2021,16:30,1,76.0,76192,2,3,1.0,6.0,Rue du Huit Mai 1945,"50,0166310000","1,3187380000",,76.076192,76192,Seine-Maritime,28.0,Normandie,50.0,3.0,2.0,2,1.0,28,Normandie,76,1,10,Criel-sur-Mer,2596,54,2650.0,1.0,7,,0.0,9.0,8.0,15.0
202100020683,1.0,1,1,1,0.0,1.0,-1.0, -1,-1.0,1953.0,B01,5,9,2021,11:55,1,76.0,76026,1,9,1.0,3.0,PRAIRIES (CHEMIN DES),"49,8765344824","1,1383992434",,76.076026,76026,Seine-Maritime,28.0,Normandie,30.0,4.0,2.0,1,1.0,28,Normandie,76,1,8,Arques-la-BatailLe2480,44,2524,,3.0,7,,0.0,2.0,2.0,1.0
202100020683,1.0,1,3,2,5.0,0.0,-1.0, -1,-1.0,1948.0,A01,5,9,2021,11:55,1,76.0,76026,1,9,1.0,3.0,PRAIRIES (CHEMIN DES),"49,8765344824","1,1383992434",,76.076026,76026,Seine-Maritime,28.0,Normandie,30.0,4.0,2.0,1,1.0,28,Normandie,76,1,8,Arques-la-BatailLe2480,44,2524,,3.0,1,,0.0,2.0,0.0,1.0
202100020731,7.0,2,3,1,5.0,1.0,0.0,0,-1.0,2006.0,A01,5,9,2021,18:18,1,76.0,76258,1,1,7.0,6.0,Route de Normanville,"49,6879817724","0,5688992143",,76.076258,76258,Seine-Maritime,28.0,Normandie,80.0,4.0,2.0,1,1.0,28,Normandie,76,2,33,Terres-de-Caux,4208,112,4320.0,3.0,7,,13.0,0.0,3.0,2.0
202100020731,2.0,2,1,1,5.0,1.0,0.0,0,-1.0,2007.0,A01,5,9,2021,18:18,1,76.0,76258,1,1,7.0,6.0,Route de Normanville,"49,6879817724","0,5688992143",,76.076258,76258,Seine-Maritime,28.0,Normandie,80.0,4.0,2.0,1,1.0,28,Normandie,76,2,33,Terres-de-Caux,4208,112,4320.0,3.0,7,,13.0,0.0,3.0,2.0
202100020731,1.0,1,1,1,5.0,1.0,0.0,0,-1.0,2002.0,A01,5,9,2021,18:18,1,76.0,76258,1,1,7.0,6.0,Route de Normanville,"49,6879817724","0,5688992143",,76.076258,76258,Seine-Maritime,28.0,Normandie,80.0,4.0,2.0,1,1.0,28,Normandie,76,2,33,Terres-de-Caux,4208,112,4320.0,3.0,7,,13.0,0.0,3.0,2.0
202100020836,1.0,1,4,1,0.0,2.0,-1.0, -1,-1.0,1968.0,A01,4,9,2021,16:05,1,76.0,76231,2,3,1.0,3.0,JAURES. RUE JEAN,"49,2906530000","1,0097480000",,76.076231,76231,Seine-Maritime,28.0,Normandie,50.0,4.0,2.0,2,1.0,28,Normandie,76,3,9,Elbeuf,15951,138,16089.0,0.0,31,,0.0,2.0,1.0,1.0
202100020836,1.0,1,1,2,0.0,1.0,-1.0, -1,-1.0,1987.0,B01,4,9,2021,16:05,1,76.0,76231,2,3,1.0,3.0,JAURES. RUE JEAN,"49,2906530000","1,0097480000",,76.076231,76231,Seine-Maritime,28.0,Normandie,50.0,4.0,2.0,2,1.0,28,Normandie,76,3,9,Elbeuf,15951,138,16089.0,0.0,7,,0.0,2.0,8.0,1.0
202100020910,1.0,1,4,1,5.0,2.0,0.0,0,-1.0,2005.0,A01,3,9,2021,16:23,1,76.0,76408,2,1,1.0,7.0,Route des Hortensias,"49,6115300000","0,3595880000",,76.076408,76408,Seine-Maritime,28.0,Normandie,80.0,4.0,2.0,1,1.0,28,Normandie,76,2,32,Manneville-la-Goupil,1052,14,1066.0,0.0,2,,0.0,0.0,2.0,16.0
202100020911,2.0,2,1,1,5.0,2.0,0.0,0,-1.0,2007.0,A01,4,9,2021,22:40,3,76.0,76734,1,1,1.0,6.0,CD 39,"49,6140050000","0,2879830000",,76.076734,76734,Seine-Maritime,28.0,Normandie,80.0,3.0,2.0,2,1.0,28,Normandie,76,2,26,Vergetot,440,11,451.0,1.0,33,,15.0,0.0,1.0,0.0
202100020911,1.0,1,3,1,5.0,2.0,0.0,0,-1.0,1976.0,A01,4,9,2021,22:40,3,76.0,76734,1,1,1.0,6.0,CD 39,"49,6140050000","0,2879830000",,76.076734,76734,Seine-Maritime,28.0,Normandie,80.0,3.0,2.0,2,1.0,28,Normandie,76,2,26,Vergetot,440,11,451.0,1.0,33,,15.0,0.0,1.0,0.0
202100020912,1.0,1,4,1,0.0,2.0,0.0,0,-1.0,1993.0,A01,4,9,2021,15:25,1,76.0,76397,2,3,1.0,7.0,Rue du Pont Saint-Pierre,"49,7925340000","1,1087230000",,76.076397,76397,Seine-Maritime,28.0,Normandie,50.0,3.0,1.0,1,1.0,28,Normandie,76,1,20,Longueville-sur-Scie,936,15,951.0,2.0,2,,0.0,0.0,0.0,15.0
202100021017,1.0,1,1,1,0.0,1.0,-1.0, -1,-1.0,1948.0,A01,3,9,2021,16:40,1,76.0,76498,2,3,1.0,6.0,Rue Jacquard,"49,4303100000","1,0538000000",,76.076498,76498,Seine-Maritime,28.0,Normandie,30.0,4.0,2.0,2,1.0,28,Normandie,76,3,27,LePetit-Quevilly,21782,274,22056.0,1.0,7,,0.0,1.0,1.0,2.0
202100021017,10.0,3,3,1,2.0,8.0,2.0,3,1.0,2014.0,A01,3,9,2021,16:40,1,76.0,76498,2,3,1.0,6.0,Rue Jacquard,"49,4303100000","1,0538000000",,76.076498,76498,Seine-Maritime,28.0,Normandie,30.0,4.0,2.0,2,1.0,28,Normandie,76,3,27,LePetit-Quevilly,21782,274,22056.0,1.0,7,,0.0,1.0,1.0,2.0
202100021018,1.0,1,4,1,5.0,1.0,-1.0, -1,-1.0,1943.0,A01,31,8,2021,08:30,1,76.0,76351,2,1,1.0,2.0,ETRETAT (D'),"49,4978060000","0,0964670000",,76.076351,76351,Seine-Maritime,28.0,Normandie,50.0,4.0,2.0,2,1.0,28,Normandie,76,2,96,LeHavre,166058,1780,167838.0,3.0,7,,0.0,2.0,1.0,1.0
202100021018,1.0,1,4,1,5.0,2.0,-1.0, -1,-1.0,1951.0,B01,31,8,2021,08:30,1,76.0,76351,2,1,1.0,2.0,ETRETAT (D'),"49,4978060000","0,0964670000",,76.076351,76351,Seine-Maritime,28.0,Normandie,50.0,4.0,2.0,2,1.0,28,Normandie,76,2,96,LeHavre,166058,1780,167838.0,3.0,1,,0.0,2.0,1.0,1.0
202100021230,10.0,3,4,1,1.0,0.0,9.0,2,1.0,1974.0,A01,2,9,2021,15:30,1,76.0,76322,2,1,1.0,6.0,INDUSTRIE. RUE DE L',"49,4201240000","1,0330100000",,76.076322,76322,Seine-Maritime,28.0,Normandie,50.0,6.0,-1.0,0,1.0,28,Normandie,76,3,13,LeGrand-Quevilly,25975,225,26200.0,0.0,15,,0.0,1.0,7.0,4.0
202100021230,1.0,1,1,1,4.0,1.0,-1.0, -1,-1.0,1992.0,A01,2,9,2021,15:30,1,76.0,76322,2,1,1.0,6.0,INDUSTRIE. RUE DE L',"49,4201240000","1,0330100000",,76.076322,76322,Seine-Maritime,28.0,Normandie,50.0,6.0,-1.0,0,1.0,28,Normandie,76,3,13,LeGrand-Quevilly,25975,225,26200.0,0.0,15,,0.0,1.0,7.0,4.0
202100021231,1.0,1,3,1,4.0,2.0,-1.0, -1,-1.0,1997.0,B01,1,9,2021,08:00,2,76.0,76351,2,2,1.0,3.0,GRAVILLE (BD DE),"49,4955600000","0,1471300000",,76.076351,76351,Seine-Maritime,28.0,Normandie,50.0,4.0,2.0,2,1.0,28,Normandie,76,2,96,LeHavre,166058,1780,167838.0,3.0,33,,0.0,2.0,1.0,1.0
202100021231,1.0,1,1,2,3.0,1.0,-1.0, -1,-1.0,1958.0,A01,1,9,2021,08:00,2,76.0,76351,2,2,1.0,3.0,GRAVILLE (BD DE),"49,4955600000","0,1471300000",,76.076351,76351,Seine-Maritime,28.0,Normandie,50.0,4.0,2.0,2,1.0,28,Normandie,76,2,96,LeHavre,166058,1780,167838.0,3.0,7,,0.0,2.0,1.0,1.0
202100021231,2.0,2,1,1,3.0,1.0,-1.0, -1,-1.0,1967.0,A01,1,9,2021,08:00,2,76.0,76351,2,2,1.0,3.0,GRAVILLE (BD DE),"49,4955600000","0,1471300000",,76.076351,76351,Seine-Maritime,28.0,Normandie,50.0,4.0,2.0,2,1.0,28,Normandie,76,2,96,LeHavre,166058,1780,167838.0,3.0,7,,0.0,2.0,1.0,1.0
202100021595,1.0,1,1,1,5.0,1.0,-1.0, -1,-1.0,1958.0,B01,31,8,2021,15:37,1,76.0,76540,2,1,2.0,2.0,CORNEILLE. PONT PIERRE,"49,4358360584","1,0954999924",,76.076540,76540,Seine-Maritime,28.0,Normandie,50.0,7.0,1.0,2,2.0,28,Normandie,76,3,97,Rouen,114083,1556,115639.0,1.0,7,,0.0,2.0,4.0,23.0
202100021595,1.0,1,4,1,5.0,2.0,-1.0, -1,-1.0,2004.0,A01,31,8,2021,15:37,1,76.0,76540,2,1,2.0,2.0,CORNEILLE. PONT PIERRE,"49,4358360584","1,0954999924",,76.076540,76540,Seine-Maritime,28.0,Normandie,50.0,7.0,1.0,2,2.0,28,Normandie,76,3,97,Rouen,114083,1556,115639.0,1.0,1,,0.0,2.0,1.0,2.0
202100021692,1.0,1,3,1,5.0,2.0,0.0,0,-1.0,1993.0,A01,31,8,2021,19:30,1,76.0,76419,1,1,1.0,7.0,D45,"49,3964380000","0,8812510000",,76.076419,76419,Seine-Maritime,28.0,Normandie,70.0,3.0,2.0,2,1.0,28,Normandie,76,3,1,Mauny,155,6,161.0,3.0,33,,16.0,0.0,1.0,1.0
202100021840,1.0,1,3,2,0.0,1.0,0.0,0,-1.0,2001.0,A01,31,8,2021,09:13,1,76.0,76328,1,1,1.0,6.0,D151,"49,6507090000","1,1791420000",,76.076328,76328,Seine-Maritime,28.0,Normandie,80.0,3.0,2.0,2,1.0,28,Normandie,76,3,23,GrigneusevilLe376,5,381,,2.0,7,,13.0,0.0,2.0,0.0
202100021918,1.0,1,3,1,0.0,1.0,-1.0, -1,-1.0,1977.0,B01,29,8,2021,20:40,1,76.0,76410,2,2,1.0,3.0,RN 27 (ROUTE DE DIEPPE),"49,4754000000","1,0481900000",,76.076410,76410,Seine-Maritime,28.0,Normandie,50.0,7.0,2.0,2,1.0,28,Normandie,76,3,4,Maromme,11024,122,11146.0,2.0,7,,0.0,2.0,1.0,1.0
202100021918,1.0,1,1,-1,-1.0,8.0,-1.0, -1,-1.0,,A01,29,8,2021,20:40,1,76.0,76410,2,2,1.0,3.0,RN 27 (ROUTE DE DIEPPE),"49,4754000000","1,0481900000",,76.076410,76410,Seine-Maritime,28.0,Normandie,50.0,7.0,2.0,2,1.0,28,Normandie,76,3,4,Maromme,11024,122,11146.0,3.0,7,,0.0,2.0,3.0,15.0
202100022065,1.0,1,4,1,0.0,2.0,-1.0, -1,-1.0,1999.0,A01,28,8,2021,15:20,1,76.0,76429,1,1,1.0,7.0,AMFREVILLE. ROUTE D',"49,3981000000","1,1424000000",,76.076429,76429,Seine-Maritime,28.0,Normandie,80.0,7.0,2.0,2,1.0,28,Normandie,76,3,21,LeMesnil-Esnard,7980,353,8333.0,1.0,33,,0.0,0.0,7.0,1.0
202100022066,1.0,1,1,-1,-1.0,8.0,-1.0, -1,-1.0,,A01,28,8,2021,07:10,2,76.0,76681,2,1,1.0,3.0,CD 18E (BOULEVARD INDUSTRIEL),"49,4165500000","1,1078500000",,76.076681,76681,Seine-Maritime,28.0,Normandie,70.0,7.0,3.0,4,1.0,28,Normandie,76,3,99,Sotteville-lès-Rouen,28965,475,29440.0,2.0,7,,0.0,2.0,1.0,5.0
202100022066,1.0,1,4,1,1.0,1.0,-1.0, -1,-1.0,1944.0,B01,28,8,2021,07:10,2,76.0,76681,2,1,1.0,3.0,CD 18E (BOULEVARD INDUSTRIEL),"49,4165500000","1,1078500000",,76.076681,76681,Seine-Maritime,28.0,Normandie,70.0,7.0,3.0,4,1.0,28,Normandie,76,3,99,Sotteville-lès-Rouen,28965,475,29440.0,2.0,7,,0.0,2.0,1.0,1.0
202100022067,1.0,1,1,2,0.0,1.0,-1.0, -1,-1.0,1966.0,B01,19,8,2021,16:10,1,76.0,76217,2,6,1.0,1.0,CURIE (RUE PIERRE),"49,9176100000","1,0772700000",,76.076217,76217,Seine-Maritime,28.0,Normandie,50.0,4.0,2.0,2,1.0,28,Normandie,76,1,95,Dieppe,28358,455,28813.0,2.0,7,,0.0,2.0,1.0,26.0
202100022067,1.0,1,4,1,0.0,2.0,-1.0, -1,-1.0,2005.0,A01,19,8,2021,16:10,1,76.0,76217,2,6,1.0,1.0,CURIE (RUE PIERRE),"49,9176100000","1,0772700000",,76.076217,76217,Seine-Maritime,28.0,Normandie,50.0,4.0,2.0,2,1.0,28,Normandie,76,1,95,Dieppe,28358,455,28813.0,2.0,2,,0.0,2.0,1.0,16.0
202100022328,1.0,1,3,1,5.0,2.0,0.0,0,-1.0,2000.0,A01,27,8,2021,03:10,3,76.0,76478,2,1,1.0,7.0,11 Route du Parc,"49,7461390000","1,1189600000",,76.076478,76478,Seine-Maritime,28.0,Normandie,-1.0,3.0,2.0,2,1.0,28,Normandie,76,1,20,Notre-Dame-du-Parc,190,1,191.0,1.0,33,,13.0,0.0,0.0,15.0
202100022365,1.0,1,3,1,5.0,1.0,0.0,0,-1.0,2001.0,A01,28,8,2021,11:10,1,76.0,76700,1,4,3.0,6.0,RN27 PR021.000,"49,6659668222","1,0435799696",,76.076700,76700,Seine-Maritime,28.0,Normandie,100.0,2.0,3.0,4,2.0,28,Normandie,76,1,20,Tôtes,1575,30,1605.0,1.0,7,,2.0,0.0,7.0,0.0
202100022701,1.0,1,1,1,0.0,1.0,-1.0, -1,-1.0,1999.0,A01,23,8,2021,16:00,1,76.0,76351,2,2,1.0,3.0,RICHELIEU,"49,4893700000","0,1029600000",,76.076351,76351,Seine-Maritime,28.0,Normandie,50.0,4.0,2.0,2,1.0,28,Normandie,76,2,96,LeHavre,166058,1780,167838.0,0.0,7,,0.0,2.0,1.0,1.0
202100022701,1.0,1,4,1,4.0,2.0,-1.0, -1,-1.0,1957.0,B01,23,8,2021,16:00,1,76.0,76351,2,2,1.0,3.0,RICHELIEU,"49,4893700000","0,1029600000",,76.076351,76351,Seine-Maritime,28.0,Normandie,50.0,4.0,2.0,2,1.0,28,Normandie,76,2,96,LeHavre,166058,1780,167838.0,0.0,1,,0.0,2.0,8.0,1.0
202100022702,1.0,1,4,2,5.0,1.0,-1.0, -1,-1.0,1991.0,B01,23,8,2021,20:45,1,76.0,76305,1,1,1.0,4.0,N 282,"49,4990500000","0,2015100000",,76.076305,76305,Seine-Maritime,28.0,Normandie,80.0,2.0,2.0,2,1.0,28,Normandie,76,2,16,Gonfreville-l'Orcher,8961,44,9005.0,2.0,7,,0.0,2.0,3.0,1.0