Num_Acc,place,catu,grav,sexe,trajet,secu,locp,actp,etatp,an_nais,num_veh,jour,mois,an,hrmn,lum,dep,com,agg,int,atm,col,adr,lat,long,gps,com_insee_temp,com_insee,departmentName,regionCode,regionName,vma,catr,circ,nbv,surf,Code,Region,Departement,Arrondissement,Code_Canton,Nom_Commune,Population_municipaLe,Population_comptee_a_part,Population_Totale,senc,catv,occutc,obs,obsm,choc,manv
202100041786,2.0,2,4,2,0.0,1.0,-1.0, -1,-1.0,2004.0,B01,1,5,2021,20:10,1,76.0,76575,2,1,1.0,5.0,COQUELICOTS. RUE DES,"49,3909400000","1,0977400000",,76.076575,76575,Seine-Maritime,28.0,Normandie,50.0,4.0,2.0,2,2.0,28,Normandie,76,3,98,Saint-Étienne-du-Rouvray,28508,225,28733.0,0.0,3,,0.0,2.0,0.0,0.0
202100041786,1.0,1,1,1,0.0,1.0,-1.0, -1,-1.0,2003.0,B01,1,5,2021,20:10,1,76.0,76575,2,1,1.0,5.0,COQUELICOTS. RUE DES,"49,3909400000","1,0977400000",,76.076575,76575,Seine-Maritime,28.0,Normandie,50.0,4.0,2.0,2,2.0,28,Normandie,76,3,98,Saint-Étienne-du-Rouvray,28508,225,28733.0,0.0,3,,0.0,2.0,0.0,0.0
202100041786,1.0,1,1,-1,-1.0,8.0,-1.0, -1,-1.0,,A01,1,5,2021,20:10,1,76.0,76575,2,1,1.0,5.0,COQUELICOTS. RUE DES,"49,3909400000","1,0977400000",,76.076575,76575,Seine-Maritime,28.0,Normandie,50.0,4.0,2.0,2,2.0,28,Normandie,76,3,98,Saint-Étienne-du-Rouvray,28508,225,28733.0,0.0,7,,0.0,2.0,0.0,0.0
202100041883,2.0,2,3,2,5.0,1.0,-1.0, -1,-1.0,1932.0,A01,27,4,2021,13:46,1,76.0,76349,2,2,1.0,7.0,DIEPPE (ROUTE DE),"49,9014500000","1,0517100000",,76.076349,76349,Seine-Maritime,28.0,Normandie,50.0,3.0,2.0,2,1.0,28,Normandie,76,1,7,Hautot-sur-Mer,1887,46,1933.0,1.0,7,,8.0,0.0,1.0,1.0
202100041883,1.0,1,1,2,5.0,1.0,-1.0, -1,-1.0,1943.0,A01,27,4,2021,13:46,1,76.0,76349,2,2,1.0,7.0,DIEPPE (ROUTE DE),"49,9014500000","1,0517100000",,76.076349,76349,Seine-Maritime,28.0,Normandie,50.0,3.0,2.0,2,1.0,28,Normandie,76,1,7,Hautot-sur-Mer,1887,46,1933.0,1.0,7,,8.0,0.0,1.0,1.0
202100042088,1.0,1,1,1,4.0,1.0,0.0,0,-1.0,1954.0,A01,29,4,2021,15:50,1,76.0,76254,2,7,1.0,6.0,Place Maurice Guillard,"49,7074690000","0,2059660000",,76.076254,76254,Seine-Maritime,28.0,Normandie,50.0,6.0,-1.0,-1,1.0,28,Normandie,76,2,26,Étretat,1233,7,1240.0,3.0,7,,9.0,1.0,3.0,4.0
202100042088,10.0,3,3,1,5.0,0.0,5.0,9,2.0,1990.0,A01,29,4,2021,15:50,1,76.0,76254,2,7,1.0,6.0,Place Maurice Guillard,"49,7074690000","0,2059660000",,76.076254,76254,Seine-Maritime,28.0,Normandie,50.0,6.0,-1.0,-1,1.0,28,Normandie,76,2,26,Étretat,1233,7,1240.0,3.0,7,,9.0,1.0,3.0,4.0
202100042166,10.0,3,4,2,2.0,0.0,4.0,3,2.0,2011.0,A01,27,4,2021,08:05,1,76.0,76351,2,2,1.0,6.0,WINSTON CHURCHILL,"49,4941000000","0,1389000000",,76.076351,76351,Seine-Maritime,28.0,Normandie,50.0,4.0,3.0,4,1.0,28,Normandie,76,2,96,LeHavre,166058,1780,167838.0,3.0,7,,0.0,1.0,1.0,15.0
202100042166,1.0,1,1,1,1.0,1.0,-1.0, -1,-1.0,1988.0,A01,27,4,2021,08:05,1,76.0,76351,2,2,1.0,6.0,WINSTON CHURCHILL,"49,4941000000","0,1389000000",,76.076351,76351,Seine-Maritime,28.0,Normandie,50.0,4.0,3.0,4,1.0,28,Normandie,76,2,96,LeHavre,166058,1780,167838.0,3.0,7,,0.0,1.0,1.0,15.0
202100042167,1.0,1,3,2,1.0,1.0,-1.0, -1,-1.0,1969.0,A01,26,4,2021,13:30,1,76.0,76305,1,1,1.0,6.0,RD 6015,"49,5124156970","0,2227413654",,76.076305,76305,Seine-Maritime,28.0,Normandie,80.0,3.0,3.0,4,1.0,28,Normandie,76,2,16,Gonfreville-l'Orcher,8961,44,9005.0,2.0,7,,0.0,0.0,1.0,14.0
202100042168,1.0,1,3,1,4.0,2.0,-1.0, -1,-1.0,1960.0,B01,26,4,2021,10:55,1,76.0,76351,2,3,1.0,3.0,Rue Eugène Mopin,"49,5173000000","0,1572000000",,76.076351,76351,Seine-Maritime,28.0,Normandie,30.0,4.0,2.0,4,1.0,28,Normandie,76,2,96,LeHavre,166058,1780,167838.0,1.0,2,,0.0,0.0,0.0,0.0
202100042168,1.0,1,1,1,5.0,1.0,-1.0, -1,-1.0,1933.0,A01,26,4,2021,10:55,1,76.0,76351,2,3,1.0,3.0,Rue Eugène Mopin,"49,5173000000","0,1572000000",,76.076351,76351,Seine-Maritime,28.0,Normandie,30.0,4.0,2.0,4,1.0,28,Normandie,76,2,96,LeHavre,166058,1780,167838.0,1.0,7,,0.0,2.0,2.0,16.0
202100042294,1.0,1,4,2,0.0,2.0,-1.0, -1,-1.0,1993.0,B01,26,4,2021,19:45,1,76.0,76351,2,1,1.0,1.0,GRAVILLE (BD DE),"49,4980100000","0,1468400000",,76.076351,76351,Seine-Maritime,28.0,Normandie,50.0,4.0,2.0,4,1.0,28,Normandie,76,2,96,LeHavre,166058,1780,167838.0,2.0,2,,0.0,2.0,3.0,1.0
202100042294,1.0,1,1,-1,-1.0,8.0,-1.0, -1,-1.0,,A01,26,4,2021,19:45,1,76.0,76351,2,1,1.0,1.0,GRAVILLE (BD DE),"49,4980100000","0,1468400000",,76.076351,76351,Seine-Maritime,28.0,Normandie,50.0,4.0,2.0,4,1.0,28,Normandie,76,2,96,LeHavre,166058,1780,167838.0,1.0,7,,0.0,2.0,3.0,1.0
202100042443,1.0,1,4,2,0.0,1.0,-1.0, -1,-1.0,1959.0,A01,26,4,2021,18:25,1,76.0,76157,2,1,1.0,1.0,DUMAS. RUE ALEXANDRE,"49,4443900000","1,0324100000",,76.076157,76157,Seine-Maritime,28.0,Normandie,50.0,4.0,2.0,2,1.0,28,Normandie,76,3,4,Canteleu,13966,360,14326.0,0.0,7,,0.0,2.0,1.0,1.0
202100042443,1.0,1,1,-1,-1.0,8.0,-1.0, -1,-1.0,,Z01,26,4,2021,18:25,1,76.0,76157,2,1,1.0,1.0,DUMAS. RUE ALEXANDRE,"49,4443900000","1,0324100000",,76.076157,76157,Seine-Maritime,28.0,Normandie,50.0,4.0,2.0,2,1.0,28,Normandie,76,3,4,Canteleu,13966,360,14326.0,0.0,99,,0.0,0.0,0.0,0.0
202100042444,1.0,1,4,2,0.0,1.0,-1.0, -1,-1.0,1970.0,A01,26,4,2021,18:00,1,76.0,76540,2,1,1.0,4.0,pont mathilde,"49,4305800000","1,1018600000",,76.076540,76540,Seine-Maritime,28.0,Normandie,70.0,7.0,3.0,3,1.0,28,Normandie,76,3,97,Rouen,114083,1556,115639.0,1.0,7,,0.0,2.0,2.0,12.0
202100042444,1.0,1,4,2,4.0,1.0,-1.0, -1,-1.0,1992.0,B01,26,4,2021,18:00,1,76.0,76540,2,1,1.0,4.0,pont mathilde,"49,4305800000","1,1018600000",,76.076540,76540,Seine-Maritime,28.0,Normandie,70.0,7.0,3.0,3,1.0,28,Normandie,76,3,97,Rouen,114083,1556,115639.0,1.0,7,,0.0,2.0,4.0,1.0
202100042444,1.0,1,1,2,1.0,1.0,-1.0, -1,-1.0,1955.0,C01,26,4,2021,18:00,1,76.0,76540,2,1,1.0,4.0,pont mathilde,"49,4305800000","1,1018600000",,76.076540,76540,Seine-Maritime,28.0,Normandie,70.0,7.0,3.0,3,1.0,28,Normandie,76,3,97,Rouen,114083,1556,115639.0,1.0,7,,0.0,2.0,4.0,1.0
202100042444,1.0,1,1,2,0.0,8.0,-1.0, -1,-1.0,1990.0,E01,26,4,2021,18:00,1,76.0,76540,2,1,1.0,4.0,pont mathilde,"49,4305800000","1,1018600000",,76.076540,76540,Seine-Maritime,28.0,Normandie,70.0,7.0,3.0,3,1.0,28,Normandie,76,3,97,Rouen,114083,1556,115639.0,1.0,7,,0.0,2.0,4.0,1.0
202100042444,1.0,1,1,2,4.0,1.0,-1.0, -1,-1.0,1987.0,D01,26,4,2021,18:00,1,76.0,76540,2,1,1.0,4.0,pont mathilde,"49,4305800000","1,1018600000",,76.076540,76540,Seine-Maritime,28.0,Normandie,70.0,7.0,3.0,3,1.0,28,Normandie,76,3,97,Rouen,114083,1556,115639.0,1.0,7,,0.0,2.0,1.0,1.0
202100042445,1.0,1,1,1,3.0,1.0,-1.0, -1,-1.0,1966.0,A01,23,4,2021,11:40,1,76.0,76351,2,2,1.0,3.0,JULES GUESDE (RUE),"49,5100000000","0,1184000000",,76.076351,76351,Seine-Maritime,28.0,Normandie,50.0,4.0,2.0,2,1.0,28,Normandie,76,2,96,LeHavre,166058,1780,167838.0,0.0,7,,0.0,2.0,2.0,15.0
202100042445,1.0,1,4,2,3.0,1.0,-1.0, -1,-1.0,1966.0,B01,23,4,2021,11:40,1,76.0,76351,2,2,1.0,3.0,JULES GUESDE (RUE),"49,5100000000","0,1184000000",,76.076351,76351,Seine-Maritime,28.0,Normandie,50.0,4.0,2.0,2,1.0,28,Normandie,76,2,96,LeHavre,166058,1780,167838.0,3.0,7,,0.0,2.0,1.0,1.0
202100042446,1.0,1,2,1,5.0,0.0,-1.0, -1,-1.0,1987.0,A01,23,4,2021,22:25,5,76.0,76351,2,1,1.0,6.0,BOIS DE BLEVILLE (AVENUE DU),"49,5243200000","0,1269100000",,76.076351,76351,Seine-Maritime,28.0,Normandie,50.0,4.0,2.0,2,1.0,28,Normandie,76,2,96,LeHavre,166058,1780,167838.0,0.0,33,,1.0,0.0,1.0,14.0
202100042447,1.0,1,4,1,5.0,2.0,-1.0, -1,-1.0,1982.0,A01,24,4,2021,16:30,1,76.0,76341,2,1,1.0,7.0,RESISTANCE (AVENUE DE LA),"49,5049270000","0,1991690000",,76.076341,76341,Seine-Maritime,28.0,Normandie,50.0,3.0,2.0,3,1.0,28,Normandie,76,2,15,Harfleur,8315,53,8368.0,2.0,2,,12.0,0.0,2.0,1.0
202100042448,1.0,1,3,1,5.0,8.0,-1.0, -1,-1.0,1990.0,A01,25,4,2021,14:30,1,76.0,76351,2,1,1.0,6.0,GUSTAVE FLAUBERT,"49,4967450000","0,1068500000",,76.076351,76351,Seine-Maritime,28.0,Normandie,50.0,4.0,1.0,1,1.0,28,Normandie,76,2,96,LeHavre,166058,1780,167838.0,3.0,1,,0.0,0.0,0.0,1.0
202100042561,1.0,1,1,2,4.0,1.0,0.0,0,-1.0,1963.0,A01,26,4,2021,15:40,1,76.0,76164,2,1,1.0,7.0,Avenue Winston Churchill,"49,5245990000","0,7224050000",,76.076164,76164,Seine-Maritime,28.0,Normandie,10.0,6.0,-1.0,-1,1.0,28,Normandie,76,3,25,Rives-en-Seine,4078,66,4144.0,3.0,99,,0.0,1.0,4.0,4.0
202100042561,10.0,3,4,1,5.0,0.0,8.0,3,1.0,1954.0,A01,26,4,2021,15:40,1,76.0,76164,2,1,1.0,7.0,Avenue Winston Churchill,"49,5245990000","0,7224050000",,76.076164,76164,Seine-Maritime,28.0,Normandie,10.0,6.0,-1.0,-1,1.0,28,Normandie,76,3,25,Rives-en-Seine,4078,66,4144.0,3.0,99,,0.0,1.0,4.0,4.0
202100042582,1.0,1,3,1,5.0,0.0,0.0,0,-1.0,2003.0,B01,25,4,2021,15:40,1,76.0,76540,2,2,1.0,3.0,RENARD. RUE DU,"49,4519500000","1,0690200000",,76.076540,76540,Seine-Maritime,28.0,Normandie,30.0,4.0,2.0,2,1.0,28,Normandie,76,3,97,Rouen,114083,1556,115639.0,2.0,60,,0.0,2.0,8.0,7.0
202100042582,1.0,1,1,1,4.0,1.0,-1.0, -1,-1.0,1994.0,A01,25,4,2021,15:40,1,76.0,76540,2,2,1.0,3.0,RENARD. RUE DU,"49,4519500000","1,0690200000",,76.076540,76540,Seine-Maritime,28.0,Normandie,30.0,4.0,2.0,2,1.0,28,Normandie,76,3,97,Rouen,114083,1556,115639.0,1.0,20,,0.0,2.0,8.0,1.0
202100042736,1.0,1,3,1,5.0,2.0,0.0,0,-1.0,2000.0,A01,24,4,2021,16:10,1,76.0,76622,1,1,1.0,6.0,Route du Petit Long,"49,4764590000","0,6041810000",,76.076622,76622,Seine-Maritime,28.0,Normandie,80.0,9.0,2.0,1,1.0,28,Normandie,76,2,25,Saint-Maurice-d'Ételan,293,10,303.0,3.0,31,,0.0,2.0,1.0,19.0
202100042736,3.0,2,1,2,3.0,1.0,0.0,0,-1.0,1997.0,B01,24,4,2021,16:10,1,76.0,76622,1,1,1.0,6.0,Route du Petit Long,"49,4764590000","0,6041810000",,76.076622,76622,Seine-Maritime,28.0,Normandie,80.0,9.0,2.0,1,1.0,28,Normandie,76,2,25,Saint-Maurice-d'Ételan,293,10,303.0,0.0,7,,0.0,2.0,2.0,1.0
202100042736,9.0,2,1,1,3.0,1.0,0.0,0,-1.0,1996.0,B01,24,4,2021,16:10,1,76.0,76622,1,1,1.0,6.0,Route du Petit Long,"49,4764590000","0,6041810000",,76.076622,76622,Seine-Maritime,28.0,Normandie,80.0,9.0,2.0,1,1.0,28,Normandie,76,2,25,Saint-Maurice-d'Ételan,293,10,303.0,0.0,7,,0.0,2.0,2.0,1.0
202100042736,4.0,2,1,2,3.0,1.0,0.0,0,-1.0,1998.0,B01,24,4,2021,16:10,1,76.0,76622,1,1,1.0,6.0,Route du Petit Long,"49,4764590000","0,6041810000",,76.076622,76622,Seine-Maritime,28.0,Normandie,80.0,9.0,2.0,1,1.0,28,Normandie,76,2,25,Saint-Maurice-d'Ételan,293,10,303.0,0.0,7,,0.0,2.0,2.0,1.0
202100042736,1.0,1,1,1,3.0,1.0,0.0,0,-1.0,1997.0,B01,24,4,2021,16:10,1,76.0,76622,1,1,1.0,6.0,Route du Petit Long,"49,4764590000","0,6041810000",,76.076622,76622,Seine-Maritime,28.0,Normandie,80.0,9.0,2.0,1,1.0,28,Normandie,76,2,25,Saint-Maurice-d'Ételan,293,10,303.0,0.0,7,,0.0,2.0,2.0,1.0
202100042828,1.0,1,1,1,0.0,1.0,-1.0, -1,-1.0,1989.0,B01,23,4,2021,18:53,1,76.0,76497,2,2,1.0,3.0,CHURCHILL. RUE WINSTON,"49,3871200000","1,0214400000",,76.076497,76497,Seine-Maritime,28.0,Normandie,50.0,4.0,2.0,2,1.0,28,Normandie,76,3,13,Petit-Couronne,8688,175,8863.0,0.0,7,,0.0,2.0,2.0,0.0
202100042828,1.0,1,4,1,0.0,2.0,-1.0, -1,-1.0,1996.0,A01,23,4,2021,18:53,1,76.0,76497,2,2,1.0,3.0,CHURCHILL. RUE WINSTON,"49,3871200000","1,0214400000",,76.076497,76497,Seine-Maritime,28.0,Normandie,50.0,4.0,2.0,2,1.0,28,Normandie,76,3,13,Petit-Couronne,8688,175,8863.0,0.0,33,,0.0,2.0,1.0,0.0
202100042829,1.0,1,3,1,0.0,2.0,-1.0, -1,-1.0,1976.0,A01,23,4,2021,08:10,1,76.0,76540,2,2,1.0,3.0,RUE NANSEN,"49,4475520000","1,0602520000",,76.076540,76540,Seine-Maritime,28.0,Normandie,-1.0,2.0,3.0,-1,1.0,28,Normandie,76,3,97,Rouen,114083,1556,115639.0,0.0,31,,0.0,2.0,6.0,23.0
202100042829,1.0,1,1,1,4.0,1.0,-1.0, -1,-1.0,1992.0,B01,23,4,2021,08:10,1,76.0,76540,2,2,1.0,3.0,RUE NANSEN,"49,4475520000","1,0602520000",,76.076540,76540,Seine-Maritime,28.0,Normandie,-1.0,2.0,3.0,-1,1.0,28,Normandie,76,3,97,Rouen,114083,1556,115639.0,0.0,15,,0.0,2.0,1.0,0.0
202100042830,1.0,1,4,1,0.0,8.0,-1.0, -1,-1.0,2004.0,A01,23,4,2021,02:10,5,76.0,76322,2,1,1.0,6.0,RAVEL. BOULEVARD MAURICE,"49,4055800000","1,0437100000",,76.076322,76322,Seine-Maritime,28.0,Normandie,50.0,4.0,2.0,2,1.0,28,Normandie,76,3,13,LeGrand-Quevilly,25975,225,26200.0,0.0,7,,2.0,0.0,1.0,1.0
202100042831,1.0,1,2,1,1.0,2.0,-1.0, -1,-1.0,1966.0,A01,22,4,2021,21:15,3,76.0,76157,2,3,1.0,7.0,BOULET. RUE GASTON,"49,4540100000","1,0494000000",,76.076157,76157,Seine-Maritime,28.0,Normandie,50.0,4.0,2.0,2,1.0,28,Normandie,76,3,4,Canteleu,13966,360,14326.0,0.0,32,,8.0,0.0,2.0,13.0
202100042832,1.0,1,3,1,5.0,2.0,-1.0, -1,-1.0,1999.0,A01,22,4,2021,10:45,1,76.0,76305,2,1,1.0,7.0,PREMIER MAI,"49,5054500000","0,2355700000",,76.076305,76305,Seine-Maritime,28.0,Normandie,50.0,6.0,-1.0,-1,1.0,28,Normandie,76,2,16,Gonfreville-l'Orcher,8961,44,9005.0,3.0,33,,12.0,0.0,1.0,0.0
202100042953,1.0,1,3,1,3.0,2.0,0.0,0,-1.0,1973.0,A01,24,4,2021,11:35,1,76.0,76146,1,3,1.0,3.0,Route de Rocquemont,"49,5879160000","1,3459540000",,76.076146,76146,Seine-Maritime,28.0,Normandie,80.0,3.0,2.0,2,1.0,28,Normandie,76,3,21,Buchy,2805,108,2913.0,0.0,43,,0.0,0.0,2.0,15.0
202100042953,1.0,1,3,1,9.0,2.0,0.0,0,-1.0,1984.0,B01,24,4,2021,11:35,1,76.0,76146,1,3,1.0,3.0,Route de Rocquemont,"49,5879160000","1,3459540000",,76.076146,76146,Seine-Maritime,28.0,Normandie,80.0,3.0,2.0,2,1.0,28,Normandie,76,3,21,Buchy,2805,108,2913.0,1.0,33,,0.0,2.0,1.0,1.0
202100043010,1.0,1,1,1,0.0,1.0,-1.0, -1,-1.0,1963.0,A01,23,2,2021,17:34,1,76.0,76540,2,1,1.0,2.0,PONT GUSTAVE FLAUBERT,"49,4437700000","1,0638700000",,76.076540,76540,Seine-Maritime,28.0,Normandie,70.0,2.0,1.0,3,1.0,28,Normandie,76,3,97,Rouen,114083,1556,115639.0,2.0,10,,0.0,2.0,1.0,1.0
202100043010,1.0,1,4,2,0.0,1.0,-1.0, -1,-1.0,1966.0,B01,23,2,2021,17:34,1,76.0,76540,2,1,1.0,2.0,PONT GUSTAVE FLAUBERT,"49,4437700000","1,0638700000",,76.076540,76540,Seine-Maritime,28.0,Normandie,70.0,2.0,1.0,3,1.0,28,Normandie,76,3,97,Rouen,114083,1556,115639.0,2.0,7,,0.0,2.0,4.0,1.0
202100043088,1.0,1,4,1,5.0,2.0,0.0,0,-1.0,1984.0,B01,23,4,2021,17:40,1,76.0,76627,1,3,1.0,2.0,Route de Lillebonne,"49,5302819933","0,4758552900",,76.076627,76627,Seine-Maritime,28.0,Normandie,70.0,3.0,2.0,2,1.0,28,Normandie,76,2,3,Saint-Nicolas-de-la-TailLe1642,36,1678,,1.0,33,,0.0,2.0,1.0,1.0
202100043088,1.0,1,1,2,0.0,1.0,0.0,0,-1.0,1999.0,A01,23,4,2021,17:40,1,76.0,76627,1,3,1.0,2.0,Route de Lillebonne,"49,5302819933","0,4758552900",,76.076627,76627,Seine-Maritime,28.0,Normandie,70.0,3.0,2.0,2,1.0,28,Normandie,76,2,3,Saint-Nicolas-de-la-TailLe1642,36,1678,,1.0,7,,0.0,0.0,4.0,1.0
202100043286,1.0,1,1,1,5.0,1.0,0.0,0,-1.0,1994.0,A01,21,4,2021,13:45,1,76.0,76164,1,1,1.0,1.0,Route de Caillouville,"49,5298830000","0,7734400000",,76.076164,76164,Seine-Maritime,28.0,Normandie,50.0,3.0,2.0,2,1.0,28,Normandie,76,3,25,Rives-en-Seine,4078,66,4144.0,1.0,7,,0.0,0.0,3.0,17.0
202100043286,1.0,1,4,1,1.0,2.0,0.0,0,-1.0,2002.0,B01,21,4,2021,13:45,1,76.0,76164,1,1,1.0,1.0,Route de Caillouville,"49,5298830000","0,7734400000",,76.076164,76164,Seine-Maritime,28.0,Normandie,50.0,3.0,2.0,2,1.0,28,Normandie,76,3,25,Rives-en-Seine,4078,66,4144.0,2.0,2,,0.0,0.0,3.0,1.0
202100043426,1.0,1,4,1,4.0,0.0,-1.0, -1,-1.0,1972.0,A01,16,4,2021,22:05,5,76.0,76351,1,1,1.0,6.0,route de l estuaire,"49,4633200000","0,1835300000",,76.076351,76351,Seine-Maritime,28.0,Normandie,50.0,9.0,2.0,2,1.0,28,Normandie,76,2,96,LeHavre,166058,1780,167838.0,0.0,10,,11.0,0.0,3.0,13.0
202100043427,1.0,1,1,1,3.0,1.0,-1.0, -1,-1.0,1978.0,A01,17,4,2021,14:30,1,76.0,76351,2,2,1.0,3.0,DUME D'APLEMONT,"49,4975000000","0,1256900000",,76.076351,76351,Seine-Maritime,28.0,Normandie,50.0,4.0,2.0,2,1.0,28,Normandie,76,2,96,LeHavre,166058,1780,167838.0,1.0,7,,0.0,2.0,1.0,0.0
202100043427,1.0,1,4,1,5.0,2.0,-1.0, -1,-1.0,2003.0,B01,17,4,2021,14:30,1,76.0,76351,2,2,1.0,3.0,DUME D'APLEMONT,"49,4975000000","0,1256900000",,76.076351,76351,Seine-Maritime,28.0,Normandie,50.0,4.0,2.0,2,1.0,28,Normandie,76,2,96,LeHavre,166058,1780,167838.0,2.0,30,,0.0,2.0,3.0,0.0
202100043427,2.0,2,4,1,5.0,2.0,-1.0, -1,-1.0,2003.0,B01,17,4,2021,14:30,1,76.0,76351,2,2,1.0,3.0,DUME D'APLEMONT,"49,4975000000","0,1256900000",,76.076351,76351,Seine-Maritime,28.0,Normandie,50.0,4.0,2.0,2,1.0,28,Normandie,76,2,96,LeHavre,166058,1780,167838.0,2.0,30,,0.0,2.0,3.0,0.0
202100043428,1.0,1,3,1,5.0,8.0,-1.0, -1,-1.0,1945.0,A01,17,4,2021,12:15,1,76.0,76305,2,3,1.0,2.0,SAINT LAURENT (ROUTE DE),"49,5236700000","0,2252100000",,76.076305,76305,Seine-Maritime,28.0,Normandie,50.0,3.0,2.0,2,1.0,28,Normandie,76,2,16,Gonfreville-l'Orcher,8961,44,9005.0,1.0,1,,0.0,2.0,1.0,17.0
202100043428,1.0,1,1,1,5.0,2.0,-1.0, -1,-1.0,1976.0,B01,17,4,2021,12:15,1,76.0,76305,2,3,1.0,2.0,SAINT LAURENT (ROUTE DE),"49,5236700000","0,2252100000",,76.076305,76305,Seine-Maritime,28.0,Normandie,50.0,3.0,2.0,2,1.0,28,Normandie,76,2,16,Gonfreville-l'Orcher,8961,44,9005.0,1.0,1,,0.0,2.0,6.0,15.0
202100043491,1.0,1,4,1,5.0,2.0,0.0,0,-1.0,1995.0,A01,20,4,2021,15:10,1,76.0,76549,2,3,1.0,2.0,route de l'ancienne forge,"49,7594980000","0,9272180000",,76.076549,76549,Seine-Maritime,28.0,Normandie,50.0,3.0,2.0,2,1.0,28,Normandie,76,1,20,Saâne-Saint-Just,140,6,146.0,2.0,33,,0.0,0.0,6.0,23.0
202100043491,1.0,1,1,1,5.0,2.0,0.0,0,-1.0,1966.0,B01,20,4,2021,15:10,1,76.0,76549,2,3,1.0,2.0,route de l'ancienne forge,"49,7594980000","0,9272180000",,76.076549,76549,Seine-Maritime,28.0,Normandie,50.0,3.0,2.0,2,1.0,28,Normandie,76,1,20,Saâne-Saint-Just,140,6,146.0,2.0,33,,0.0,2.0,2.0,2.0
202100043601,1.0,1,4,1,5.0,2.0,0.0,0,-1.0,1984.0,B01,19,4,2021,16:30,1,76.0,76533,1,1,1.0,3.0,D982,"49,4957662453","0,2580553293",,76.076533,76533,Seine-Maritime,28.0,Normandie,80.0,3.0,2.0,2,1.0,28,Normandie,76,2,16,RogervilLe1706,19,1725,,1.0,33,,0.0,2.0,1.0,1.0
202100043601,2.0,2,4,1,5.0,2.0,0.0,0,-1.0,2007.0,B01,19,4,2021,16:30,1,76.0,76533,1,1,1.0,3.0,D982,"49,4957662453","0,2580553293",,76.076533,76533,Seine-Maritime,28.0,Normandie,80.0,3.0,2.0,2,1.0,28,Normandie,76,2,16,RogervilLe1706,19,1725,,1.0,33,,0.0,2.0,1.0,1.0
202100043601,1.0,1,1,1,5.0,1.0,0.0,0,-1.0,1964.0,A01,19,4,2021,16:30,1,76.0,76533,1,1,1.0,3.0,D982,"49,4957662453","0,2580553293",,76.076533,76533,Seine-Maritime,28.0,Normandie,80.0,3.0,2.0,2,1.0,28,Normandie,76,2,16,RogervilLe1706,19,1725,,1.0,7,,0.0,2.0,2.0,2.0
202100043716,1.0,1,3,1,5.0,0.0,0.0,0,-1.0,2008.0,A01,18,4,2021,17:30,1,76.0,76522,1,1,1.0,1.0,54 Rue des Chataîgniers,"49,5279500000","0,4085900000",,76.076522,76522,Seine-Maritime,28.0,Normandie,70.0,3.0,2.0,2,1.0,28,Normandie,76,2,32,La Remuée,1285,24,1309.0,1.0,1,,0.0,2.0,6.0,9.0
202100043716,1.0,1,1,1,3.0,1.0,0.0,0,-1.0,1970.0,B01,18,4,2021,17:30,1,76.0,76522,1,1,1.0,1.0,54 Rue des Chataîgniers,"49,5279500000","0,4085900000",,76.076522,76522,Seine-Maritime,28.0,Normandie,70.0,3.0,2.0,2,1.0,28,Normandie,76,2,32,La Remuée,1285,24,1309.0,2.0,7,,0.0,2.0,2.0,1.0
202100043751,1.0,1,4,1,5.0,2.0,-1.0, -1,-1.0,2004.0,A01,16,4,2021,23:00,5,76.0,76540,2,7,1.0,7.0,JOFFRE. PLACE,"49,4352300000","1,0866000000",,76.076540,76540,Seine-Maritime,28.0,Normandie,30.0,4.0,1.0,1,1.0,28,Normandie,76,3,97,Rouen,114083,1556,115639.0,1.0,32,,12.0,0.0,1.0,16.0
202100043752,1.0,1,1,1,9.0,1.0,-1.0, -1,-1.0,1976.0,A01,15,4,2021,14:47,1,76.0,76305,1,1,1.0,1.0,RD 6382G,"49,5003900000","0,1955800000",,76.076305,76305,Seine-Maritime,28.0,Normandie,70.0,3.0,1.0,1,1.0,28,Normandie,76,2,16,Gonfreville-l'Orcher,8961,44,9005.0,2.0,7,,0.0,2.0,1.0,5.0
202100043752,2.0,2,3,2,9.0,1.0,-1.0, -1,-1.0,1981.0,A01,15,4,2021,14:47,1,76.0,76305,1,1,1.0,1.0,RD 6382G,"49,5003900000","0,1955800000",,76.076305,76305,Seine-Maritime,28.0,Normandie,70.0,3.0,1.0,1,1.0,28,Normandie,76,2,16,Gonfreville-l'Orcher,8961,44,9005.0,2.0,7,,0.0,2.0,1.0,5.0
202100043752,4.0,2,4,2,9.0,1.0,-1.0, -1,-1.0,2009.0,A01,15,4,2021,14:47,1,76.0,76305,1,1,1.0,1.0,RD 6382G,"49,5003900000","0,1955800000",,76.076305,76305,Seine-Maritime,28.0,Normandie,70.0,3.0,1.0,1,1.0,28,Normandie,76,2,16,Gonfreville-l'Orcher,8961,44,9005.0,2.0,7,,0.0,2.0,1.0,5.0