Num_Acc,place,catu,grav,sexe,trajet,secu,locp,actp,etatp,an_nais,num_veh,jour,mois,an,hrmn,lum,dep,com,agg,int,atm,col,adr,lat,long,gps,com_insee_temp,com_insee,departmentName,regionCode,regionName,vma,catr,circ,nbv,surf,Code,Region,Departement,Arrondissement,Code_Canton,Nom_Commune,Population_municipaLe,Population_comptee_a_part,Population_Totale,senc,catv,occutc,obs,obsm,choc,manv
202100043752,4.0,2,4,2,5.0,1.0,-1.0, -1,-1.0,1996.0,B01,15,4,2021,14:47,1,76.0,76305,1,1,1.0,1.0,RD 6382G,"49,5003900000","0,1955800000",,76.076305,76305,Seine-Maritime,28.0,Normandie,70.0,3.0,1.0,1,1.0,28,Normandie,76,2,16,Gonfreville-l'Orcher,8961,44,9005.0,1.0,7,,0.0,2.0,1.0,1.0
202100043752,3.0,2,4,1,5.0,1.0,-1.0, -1,-1.0,2001.0,B01,15,4,2021,14:47,1,76.0,76305,1,1,1.0,1.0,RD 6382G,"49,5003900000","0,1955800000",,76.076305,76305,Seine-Maritime,28.0,Normandie,70.0,3.0,1.0,1,1.0,28,Normandie,76,2,16,Gonfreville-l'Orcher,8961,44,9005.0,1.0,7,,0.0,2.0,1.0,1.0
202100043752,1.0,1,4,1,5.0,1.0,-1.0, -1,-1.0,1999.0,B01,15,4,2021,14:47,1,76.0,76305,1,1,1.0,1.0,RD 6382G,"49,5003900000","0,1955800000",,76.076305,76305,Seine-Maritime,28.0,Normandie,70.0,3.0,1.0,1,1.0,28,Normandie,76,2,16,Gonfreville-l'Orcher,8961,44,9005.0,1.0,7,,0.0,2.0,1.0,1.0
202100043752,2.0,2,4,2,5.0,1.0,-1.0, -1,-1.0,1999.0,B01,15,4,2021,14:47,1,76.0,76305,1,1,1.0,1.0,RD 6382G,"49,5003900000","0,1955800000",,76.076305,76305,Seine-Maritime,28.0,Normandie,70.0,3.0,1.0,1,1.0,28,Normandie,76,2,16,Gonfreville-l'Orcher,8961,44,9005.0,1.0,7,,0.0,2.0,1.0,1.0
202100043866,2.0,2,4,1,0.0,1.0,-1.0, -1,-1.0,2006.0,B01,12,4,2021,18:45,1,76.0,76341,2,6,2.0,3.0,RD 982,"49,5044100000","0,1958300000",,76.076341,76341,Seine-Maritime,28.0,Normandie,50.0,3.0,1.0,1,2.0,28,Normandie,76,2,15,Harfleur,8315,53,8368.0,2.0,7,,0.0,2.0,2.0,0.0
202100043866,3.0,2,3,1,0.0,1.0,-1.0, -1,-1.0,2005.0,B01,12,4,2021,18:45,1,76.0,76341,2,6,2.0,3.0,RD 982,"49,5044100000","0,1958300000",,76.076341,76341,Seine-Maritime,28.0,Normandie,50.0,3.0,1.0,1,2.0,28,Normandie,76,2,15,Harfleur,8315,53,8368.0,2.0,7,,0.0,2.0,2.0,0.0
202100043866,1.0,1,1,1,0.0,1.0,-1.0, -1,-1.0,1993.0,B01,12,4,2021,18:45,1,76.0,76341,2,6,2.0,3.0,RD 982,"49,5044100000","0,1958300000",,76.076341,76341,Seine-Maritime,28.0,Normandie,50.0,3.0,1.0,1,2.0,28,Normandie,76,2,15,Harfleur,8315,53,8368.0,2.0,7,,0.0,2.0,2.0,0.0
202100043866,1.0,1,1,1,0.0,1.0,-1.0, -1,-1.0,1990.0,A01,12,4,2021,18:45,1,76.0,76341,2,6,2.0,3.0,RD 982,"49,5044100000","0,1958300000",,76.076341,76341,Seine-Maritime,28.0,Normandie,50.0,3.0,1.0,1,2.0,28,Normandie,76,2,15,Harfleur,8315,53,8368.0,3.0,7,,0.0,2.0,8.0,9.0
202100043987,9.0,2,3,1,2.0,1.0,0.0,0,-1.0,2015.0,A01,16,3,2021,08:35,2,76.0,76295,1,3,2.0,1.0,Route de Gournay,"49,6345545414","1,6224776208",,76.076295,76295,Seine-Maritime,28.0,Normandie,80.0,3.0,2.0,2,2.0,28,Normandie,76,1,12,Gaillefontaine,1183,13,1196.0,2.0,7,,0.0,2.0,1.0,15.0
202100043987,7.0,2,4,1,2.0,1.0,0.0,0,-1.0,2012.0,A01,16,3,2021,08:35,2,76.0,76295,1,3,2.0,1.0,Route de Gournay,"49,6345545414","1,6224776208",,76.076295,76295,Seine-Maritime,28.0,Normandie,80.0,3.0,2.0,2,2.0,28,Normandie,76,1,12,Gaillefontaine,1183,13,1196.0,2.0,7,,0.0,2.0,1.0,15.0
202100043987,1.0,1,3,2,2.0,1.0,0.0,0,-1.0,1983.0,A01,16,3,2021,08:35,2,76.0,76295,1,3,2.0,1.0,Route de Gournay,"49,6345545414","1,6224776208",,76.076295,76295,Seine-Maritime,28.0,Normandie,80.0,3.0,2.0,2,2.0,28,Normandie,76,1,12,Gaillefontaine,1183,13,1196.0,2.0,7,,0.0,2.0,1.0,15.0
202100043987,1.0,1,3,2,1.0,1.0,0.0,0,-1.0,1993.0,B01,16,3,2021,08:35,2,76.0,76295,1,3,2.0,1.0,Route de Gournay,"49,6345545414","1,6224776208",,76.076295,76295,Seine-Maritime,28.0,Normandie,80.0,3.0,2.0,2,2.0,28,Normandie,76,1,12,Gaillefontaine,1183,13,1196.0,1.0,7,,0.0,2.0,1.0,1.0
202100044215,10.0,3,3,2,5.0,0.0,9.0,1,1.0,1928.0,A01,13,4,2021,16:25,1,76.0,76164,2,1,1.0,6.0,Place du Général de Gaulle,"49,5247800000","0,7293700000",,76.076164,76164,Seine-Maritime,28.0,Normandie,-1.0,3.0,-1.0,-1,1.0,28,Normandie,76,3,25,Rives-en-Seine,4078,66,4144.0,2.0,7,,0.0,1.0,5.0,4.0
202100044215,1.0,1,1,1,9.0,1.0,0.0,0,-1.0,1988.0,A01,13,4,2021,16:25,1,76.0,76164,2,1,1.0,6.0,Place du Général de Gaulle,"49,5247800000","0,7293700000",,76.076164,76164,Seine-Maritime,28.0,Normandie,-1.0,3.0,-1.0,-1,1.0,28,Normandie,76,3,25,Rives-en-Seine,4078,66,4144.0,2.0,7,,0.0,1.0,5.0,4.0
202100044249,1.0,1,3,1,0.0,1.0,-1.0, -1,-1.0,1952.0,B01,12,4,2021,14:30,1,76.0,76540,2,2,1.0,3.0,RONDEAUX. AVENUE JEAN,"49,4387600000","1,0797400000",,76.076540,76540,Seine-Maritime,28.0,Normandie,50.0,3.0,2.0,4,1.0,28,Normandie,76,3,97,Rouen,114083,1556,115639.0,0.0,7,,0.0,2.0,7.0,0.0
202100044249,2.0,2,4,1,5.0,1.0,-1.0, -1,-1.0,2000.0,A01,12,4,2021,14:30,1,76.0,76540,2,2,1.0,3.0,RONDEAUX. AVENUE JEAN,"49,4387600000","1,0797400000",,76.076540,76540,Seine-Maritime,28.0,Normandie,50.0,3.0,2.0,4,1.0,28,Normandie,76,3,97,Rouen,114083,1556,115639.0,2.0,7,,0.0,2.0,7.0,1.0
202100044249,1.0,1,4,1,5.0,1.0,-1.0, -1,-1.0,1997.0,A01,12,4,2021,14:30,1,76.0,76540,2,2,1.0,3.0,RONDEAUX. AVENUE JEAN,"49,4387600000","1,0797400000",,76.076540,76540,Seine-Maritime,28.0,Normandie,50.0,3.0,2.0,4,1.0,28,Normandie,76,3,97,Rouen,114083,1556,115639.0,2.0,7,,0.0,2.0,7.0,1.0
202100044337,1.0,1,4,1,4.0,1.0,0.0,0,-1.0,1990.0,A01,12,4,2021,09:30,1,76.0,76439,1,1,1.0,2.0,Autoroute A29.,"49,5904970000","0,4497980000",,76.076439,76439,Seine-Maritime,28.0,Normandie,130.0,1.0,3.0,4,1.0,28,Normandie,76,2,3,MirvilLe352,9,361,,1.0,10,,0.0,2.0,2.0,0.0
202100044337,1.0,1,1,1,4.0,1.0,0.0,0,-1.0,1998.0,B01,12,4,2021,09:30,1,76.0,76439,1,1,1.0,2.0,Autoroute A29.,"49,5904970000","0,4497980000",,76.076439,76439,Seine-Maritime,28.0,Normandie,130.0,1.0,3.0,4,1.0,28,Normandie,76,2,3,MirvilLe352,9,361,,1.0,10,,0.0,2.0,6.0,0.0
202100044453,1.0,1,1,1,0.0,1.0,-1.0, -1,-1.0,2002.0,A01,10,4,2021,00:55,5,76.0,76402,2,3,2.0,6.0,RN 27 (ROUTE DE DIEPPE),"49,5239400000","1,0415700000",,76.076402,76402,Seine-Maritime,28.0,Normandie,50.0,7.0,2.0,2,2.0,28,Normandie,76,3,24,Malaunay,6143,49,6192.0,1.0,7,,6.0,0.0,1.0,15.0
202100044453,4.0,2,4,1,0.0,1.0,-1.0, -1,-1.0,2000.0,A01,10,4,2021,00:55,5,76.0,76402,2,3,2.0,6.0,RN 27 (ROUTE DE DIEPPE),"49,5239400000","1,0415700000",,76.076402,76402,Seine-Maritime,28.0,Normandie,50.0,7.0,2.0,2,2.0,28,Normandie,76,3,24,Malaunay,6143,49,6192.0,1.0,7,,6.0,0.0,1.0,15.0
202100044453,5.0,2,1,1,0.0,1.0,-1.0, -1,-1.0,2005.0,A01,10,4,2021,00:55,5,76.0,76402,2,3,2.0,6.0,RN 27 (ROUTE DE DIEPPE),"49,5239400000","1,0415700000",,76.076402,76402,Seine-Maritime,28.0,Normandie,50.0,7.0,2.0,2,2.0,28,Normandie,76,3,24,Malaunay,6143,49,6192.0,1.0,7,,6.0,0.0,1.0,15.0
202100044453,3.0,2,4,1,5.0,1.0,-1.0, -1,-1.0,2003.0,A01,10,4,2021,00:55,5,76.0,76402,2,3,2.0,6.0,RN 27 (ROUTE DE DIEPPE),"49,5239400000","1,0415700000",,76.076402,76402,Seine-Maritime,28.0,Normandie,50.0,7.0,2.0,2,2.0,28,Normandie,76,3,24,Malaunay,6143,49,6192.0,1.0,7,,6.0,0.0,1.0,15.0
202100044453,2.0,2,1,1,5.0,1.0,-1.0, -1,-1.0,2003.0,A01,10,4,2021,00:55,5,76.0,76402,2,3,2.0,6.0,RN 27 (ROUTE DE DIEPPE),"49,5239400000","1,0415700000",,76.076402,76402,Seine-Maritime,28.0,Normandie,50.0,7.0,2.0,2,2.0,28,Normandie,76,3,24,Malaunay,6143,49,6192.0,1.0,7,,6.0,0.0,1.0,15.0
202100044502,1.0,1,4,1,5.0,1.0,0.0,0,-1.0,2001.0,A01,11,4,2021,16:10,1,76.0,76622,1,1,1.0,7.0,Route du Petit Long,"49,4653980000","0,6170310000",,76.076622,76622,Seine-Maritime,28.0,Normandie,80.0,4.0,2.0,2,1.0,28,Normandie,76,2,25,Saint-Maurice-d'Ételan,293,10,303.0,3.0,7,,0.0,0.0,9.0,0.0
202100044502,2.0,2,3,1,0.0,8.0,0.0,0,-1.0,2003.0,A01,11,4,2021,16:10,1,76.0,76622,1,1,1.0,7.0,Route du Petit Long,"49,4653980000","0,6170310000",,76.076622,76622,Seine-Maritime,28.0,Normandie,80.0,4.0,2.0,2,1.0,28,Normandie,76,2,25,Saint-Maurice-d'Ételan,293,10,303.0,3.0,7,,0.0,0.0,9.0,0.0
202100044619,1.0,1,1,1,3.0,1.0,0.0,0,-1.0,1985.0,A01,10,4,2021,13:55,1,76.0,76126,1,1,3.0,6.0,A28 - PK68+500 vers ABBEVILLE,"49,6784630000","1,3414960000",,76.076126,76126,Seine-Maritime,28.0,Normandie,110.0,1.0,3.0,4,4.0,28,Normandie,76,1,23,Bosc-Mesnil,325,5,330.0,2.0,7,,15.0,0.0,2.0,14.0
202100044619,9.0,2,3,2,3.0,1.0,0.0,0,-1.0,1968.0,A01,10,4,2021,13:55,1,76.0,76126,1,1,3.0,6.0,A28 - PK68+500 vers ABBEVILLE,"49,6784630000","1,3414960000",,76.076126,76126,Seine-Maritime,28.0,Normandie,110.0,1.0,3.0,4,4.0,28,Normandie,76,1,23,Bosc-Mesnil,325,5,330.0,2.0,7,,15.0,0.0,2.0,14.0
202100044619,2.0,2,3,1,3.0,1.0,0.0,0,-1.0,1986.0,A01,10,4,2021,13:55,1,76.0,76126,1,1,3.0,6.0,A28 - PK68+500 vers ABBEVILLE,"49,6784630000","1,3414960000",,76.076126,76126,Seine-Maritime,28.0,Normandie,110.0,1.0,3.0,4,4.0,28,Normandie,76,1,23,Bosc-Mesnil,325,5,330.0,2.0,7,,15.0,0.0,2.0,14.0
202100044735,1.0,1,1,1,1.0,1.0,0.0,0,-1.0,1963.0,A01,8,4,2021,13:45,1,76.0,76204,2,1,7.0,7.0,133 route de montreuil,"49,7383580259","1,1473980546",,76.076204,76204,Seine-Maritime,28.0,Normandie,50.0,3.0,2.0,2,1.0,28,Normandie,76,1,23,Cropus,255,2,257.0,1.0,10,,0.0,0.0,0.0,15.0
202100044735,1.0,1,3,1,5.0,2.0,0.0,0,-1.0,1999.0,B01,8,4,2021,13:45,1,76.0,76204,2,1,7.0,7.0,133 route de montreuil,"49,7383580259","1,1473980546",,76.076204,76204,Seine-Maritime,28.0,Normandie,50.0,3.0,2.0,2,1.0,28,Normandie,76,1,23,Cropus,255,2,257.0,2.0,2,,0.0,0.0,0.0,5.0
202100044785,10.0,3,2,1,5.0,0.0,1.0,B,1.0,1936.0,A01,2,2,2021,23:50,3,76.0,76497,2,1,1.0,6.0,VOIE RAPIDE SUD 3 (RN 338),"49,3890113723","1,0447857595",,76.076497,76497,Seine-Maritime,28.0,Normandie,110.0,2.0,3.0,3,2.0,28,Normandie,76,3,13,Petit-Couronne,8688,175,8863.0,2.0,15,,0.0,1.0,1.0,9.0
202100044785,1.0,1,1,1,4.0,1.0,-1.0, -1,-1.0,1997.0,A01,2,2,2021,23:50,3,76.0,76497,2,1,1.0,6.0,VOIE RAPIDE SUD 3 (RN 338),"49,3890113723","1,0447857595",,76.076497,76497,Seine-Maritime,28.0,Normandie,110.0,2.0,3.0,3,2.0,28,Normandie,76,3,13,Petit-Couronne,8688,175,8863.0,2.0,15,,0.0,1.0,1.0,9.0
202100044864,1.0,1,1,2,9.0,1.0,0.0,0,-1.0,1993.0,B01,7,4,2021,13:30,1,76.0,76222,2,1,7.0,1.0,137 Rue Gustave Flaubert,"49,4866180000","0,8804240000",,76.076222,76222,Seine-Maritime,28.0,Normandie,30.0,4.0,2.0,2,1.0,28,Normandie,76,3,1,Duclair,4020,52,4072.0,2.0,7,,0.0,2.0,2.0,24.0
202100044864,10.0,3,4,1,9.0,0.0,2.0,9,1.0,1991.0,B01,7,4,2021,13:30,1,76.0,76222,2,1,7.0,1.0,137 Rue Gustave Flaubert,"49,4866180000","0,8804240000",,76.076222,76222,Seine-Maritime,28.0,Normandie,30.0,4.0,2.0,2,1.0,28,Normandie,76,3,1,Duclair,4020,52,4072.0,2.0,7,,0.0,2.0,2.0,24.0
202100044864,1.0,1,4,1,4.0,1.0,0.0,0,-1.0,1988.0,A01,7,4,2021,13:30,1,76.0,76222,2,1,7.0,1.0,137 Rue Gustave Flaubert,"49,4866180000","0,8804240000",,76.076222,76222,Seine-Maritime,28.0,Normandie,30.0,4.0,2.0,2,1.0,28,Normandie,76,3,1,Duclair,4020,52,4072.0,0.0,7,,1.0,0.0,2.0,21.0
202100044922,1.0,1,2,2,4.0,1.0,-1.0, -1,-1.0,2001.0,A01,4,4,2021,22:20,5,76.0,76296,1,2,1.0,6.0,Rue de la Libération,"49,5176500000","0,2506500000",,76.076296,76296,Seine-Maritime,28.0,Normandie,70.0,3.0,2.0,2,1.0,28,Normandie,76,2,16,GainnevilLe2511,39,2550,,2.0,7,,6.0,0.0,1.0,14.0
202100044923,1.0,1,4,2,5.0,1.0,-1.0, -1,-1.0,1996.0,A01,2,4,2021,17:45,1,76.0,76351,2,3,1.0,3.0,REPUBLIQUE (COURS DE LA),"49,4976700000","0,1280200000",,76.076351,76351,Seine-Maritime,28.0,Normandie,50.0,4.0,3.0,6,1.0,28,Normandie,76,2,96,LeHavre,166058,1780,167838.0,2.0,7,,0.0,2.0,3.0,16.0
202100044923,2.0,2,4,2,5.0,1.0,-1.0, -1,-1.0,1995.0,A01,2,4,2021,17:45,1,76.0,76351,2,3,1.0,3.0,REPUBLIQUE (COURS DE LA),"49,4976700000","0,1280200000",,76.076351,76351,Seine-Maritime,28.0,Normandie,50.0,4.0,3.0,6,1.0,28,Normandie,76,2,96,LeHavre,166058,1780,167838.0,2.0,7,,0.0,2.0,3.0,16.0
202100044923,1.0,1,1,1,5.0,1.0,-1.0, -1,-1.0,1996.0,B01,2,4,2021,17:45,1,76.0,76351,2,3,1.0,3.0,REPUBLIQUE (COURS DE LA),"49,4976700000","0,1280200000",,76.076351,76351,Seine-Maritime,28.0,Normandie,50.0,4.0,3.0,6,1.0,28,Normandie,76,2,96,LeHavre,166058,1780,167838.0,2.0,7,,0.0,2.0,2.0,1.0
202100044924,1.0,1,1,1,0.0,1.0,-1.0, -1,-1.0,1965.0,A01,3,4,2021,17:45,1,76.0,76270,1,1,1.0,2.0,D6382,"49,5272200000","0,1507600000",,76.076270,76270,Seine-Maritime,28.0,Normandie,90.0,3.0,3.0,4,1.0,28,Normandie,76,2,26,Fontaine-la-Mallet,2635,54,2689.0,2.0,7,,0.0,2.0,1.0,0.0
202100044924,1.0,1,4,1,0.0,1.0,-1.0, -1,-1.0,1963.0,B01,3,4,2021,17:45,1,76.0,76270,1,1,1.0,2.0,D6382,"49,5272200000","0,1507600000",,76.076270,76270,Seine-Maritime,28.0,Normandie,90.0,3.0,3.0,4,1.0,28,Normandie,76,2,26,Fontaine-la-Mallet,2635,54,2689.0,2.0,7,,0.0,2.0,4.0,0.0
202100044924,2.0,2,1,1,0.0,1.0,-1.0, -1,-1.0,1994.0,B01,3,4,2021,17:45,1,76.0,76270,1,1,1.0,2.0,D6382,"49,5272200000","0,1507600000",,76.076270,76270,Seine-Maritime,28.0,Normandie,90.0,3.0,3.0,4,1.0,28,Normandie,76,2,26,Fontaine-la-Mallet,2635,54,2689.0,2.0,7,,0.0,2.0,4.0,0.0
202100045274,1.0,1,1,1,3.0,1.0,0.0,0,-1.0,1996.0,A01,4,4,2021,11:30,1,76.0,76220,2,2,1.0,6.0,D920/D58,"49,8704940000","1,3230370000",,76.076220,76220,Seine-Maritime,28.0,Normandie,50.0,3.0,2.0,2,1.0,28,Normandie,76,1,8,Douvrend,523,12,535.0,1.0,7,,6.0,0.0,3.0,16.0
202100045274,7.0,2,4,2,3.0,1.0,0.0,0,-1.0,2003.0,A01,4,4,2021,11:30,1,76.0,76220,2,2,1.0,6.0,D920/D58,"49,8704940000","1,3230370000",,76.076220,76220,Seine-Maritime,28.0,Normandie,50.0,3.0,2.0,2,1.0,28,Normandie,76,1,8,Douvrend,523,12,535.0,1.0,7,,6.0,0.0,3.0,16.0
202100045529,1.0,1,1,2,4.0,1.0,-1.0, -1,-1.0,1959.0,A01,29,1,2021,07:35,2,76.0,76351,2,2,2.0,6.0,REPUBLIQUE (COURS DE LA),"49,4960000000","0,1268900000",,76.076351,76351,Seine-Maritime,28.0,Normandie,50.0,4.0,2.0,5,2.0,28,Normandie,76,2,96,LeHavre,166058,1780,167838.0,1.0,37,1.0,0.0,1.0,2.0,1.0
202100045529,10.0,3,3,2,2.0,8.0,4.0,3,1.0,2009.0,A01,29,1,2021,07:35,2,76.0,76351,2,2,2.0,6.0,REPUBLIQUE (COURS DE LA),"49,4960000000","0,1268900000",,76.076351,76351,Seine-Maritime,28.0,Normandie,50.0,4.0,2.0,5,2.0,28,Normandie,76,2,96,LeHavre,166058,1780,167838.0,1.0,37,1.0,0.0,1.0,2.0,1.0
202100045560,1.0,1,1,2,5.0,1.0,-1.0, -1,-1.0,1986.0,A01,1,4,2021,19:00,1,76.0,76322,2,3,1.0,3.0,Avenue Franklin Roosevelt,"49,4006000000","1,0532000000",,76.076322,76322,Seine-Maritime,28.0,Normandie,50.0,4.0,2.0,2,1.0,28,Normandie,76,3,13,LeGrand-Quevilly,25975,225,26200.0,0.0,7,,0.0,2.0,7.0,15.0
202100045560,1.0,1,4,1,9.0,2.0,-1.0, -1,-1.0,1970.0,B01,1,4,2021,19:00,1,76.0,76322,2,3,1.0,3.0,Avenue Franklin Roosevelt,"49,4006000000","1,0532000000",,76.076322,76322,Seine-Maritime,28.0,Normandie,50.0,4.0,2.0,2,1.0,28,Normandie,76,3,13,LeGrand-Quevilly,25975,225,26200.0,0.0,32,,0.0,2.0,3.0,1.0
202100046030,1.0,1,1,-1,-1.0,8.0,-1.0, -1,-1.0,,A01,30,3,2021,17:20,1,76.0,76533,1,1,1.0,7.0,A29,"49,5000610000","0,2754310000",,76.076533,76533,Seine-Maritime,28.0,Normandie,110.0,1.0,3.0,4,1.0,28,Normandie,76,2,16,RogervilLe1706,19,1725,,1.0,7,,0.0,0.0,0.0,9.0
202100046030,1.0,1,4,1,1.0,2.0,0.0,0,-1.0,1979.0,B01,30,3,2021,17:20,1,76.0,76533,1,1,1.0,7.0,A29,"49,5000610000","0,2754310000",,76.076533,76533,Seine-Maritime,28.0,Normandie,110.0,1.0,3.0,4,1.0,28,Normandie,76,2,16,RogervilLe1706,19,1725,,1.0,33,,0.0,0.0,8.0,1.0
202100046342,1.0,1,3,1,0.0,2.0,0.0,0,-1.0,1984.0,A01,27,3,2021,22:50,5,76.0,76540,2,1,1.0,7.0,CHASTELLAIN. AVENUE JACQUES,"49,4357400000","1,0956100000",,76.076540,76540,Seine-Maritime,28.0,Normandie,30.0,4.0,2.0,3,1.0,28,Normandie,76,3,97,Rouen,114083,1556,115639.0,3.0,50,,0.0,0.0,0.0,25.0
202100046679,1.0,1,3,1,9.0,0.0,0.0,0,-1.0,1950.0,A01,26,3,2021,16:00,1,76.0,76159,1,1,3.0,7.0,Route de Calvaille,"49,7833837276","0,6481970846",,76.076159,76159,Seine-Maritime,28.0,Normandie,50.0,4.0,2.0,2,2.0,28,Normandie,76,1,33,Cany-BarvilLe2947,46,2993,,3.0,7,,0.0,0.0,8.0,23.0
202100046741,10.0,3,4,1,1.0,8.0,4.0,3,1.0,1965.0,A01,20,3,2021,19:10,1,76.0,76540,2,1,1.0,6.0,RONDEAUX. AVENUE JEAN,"49,4296000000","1,0717000000",,76.076540,76540,Seine-Maritime,28.0,Normandie,50.0,7.0,2.0,6,1.0,28,Normandie,76,3,97,Rouen,114083,1556,115639.0,2.0,7,,0.0,1.0,0.0,0.0
202100046741,1.0,1,1,2,0.0,1.0,-1.0, -1,-1.0,1974.0,A01,20,3,2021,19:10,1,76.0,76540,2,1,1.0,6.0,RONDEAUX. AVENUE JEAN,"49,4296000000","1,0717000000",,76.076540,76540,Seine-Maritime,28.0,Normandie,50.0,7.0,2.0,6,1.0,28,Normandie,76,3,97,Rouen,114083,1556,115639.0,2.0,7,,0.0,1.0,0.0,0.0
202100046742,1.0,1,4,1,9.0,1.0,-1.0, -1,-1.0,1937.0,A01,13,3,2021,09:30,1,76.0,76108,2,1,2.0,7.0,HAIE. RUE DE LA,"49,4652310612","1,1127137750",,76.076108,76108,Seine-Maritime,28.0,Normandie,50.0,4.0,2.0,2,2.0,28,Normandie,76,3,2,Bois-Guillaume,14262,361,14623.0,1.0,7,,0.0,1.0,1.0,16.0
202100046742,10.0,3,3,1,9.0,0.0,5.0,1,1.0,1973.0,A01,13,3,2021,09:30,1,76.0,76108,2,1,2.0,7.0,HAIE. RUE DE LA,"49,4652310612","1,1127137750",,76.076108,76108,Seine-Maritime,28.0,Normandie,50.0,4.0,2.0,2,2.0,28,Normandie,76,3,2,Bois-Guillaume,14262,361,14623.0,1.0,7,,0.0,1.0,1.0,16.0
202100046743,1.0,1,1,-1,-1.0,8.0,-1.0, -1,-1.0,,Z01,16,3,2021,16:20,1,76.0,76540,2,1,2.0,1.0,GRAND MARE. AVENUE DE LA,"49,4603340000","1,1331140000",,76.076540,76540,Seine-Maritime,28.0,Normandie,30.0,7.0,2.0,2,2.0,28,Normandie,76,3,97,Rouen,114083,1556,115639.0,2.0,7,,0.0,2.0,1.0,13.0
202100046743,1.0,1,4,1,0.0,1.0,-1.0, -1,-1.0,1951.0,A01,16,3,2021,16:20,1,76.0,76540,2,1,2.0,1.0,GRAND MARE. AVENUE DE LA,"49,4603340000","1,1331140000",,76.076540,76540,Seine-Maritime,28.0,Normandie,30.0,7.0,2.0,2,2.0,28,Normandie,76,3,97,Rouen,114083,1556,115639.0,1.0,7,,0.0,2.0,3.0,1.0
202100046887,1.0,1,1,1,4.0,1.0,-1.0, -1,-1.0,1989.0,A01,16,3,2021,11:55,1,76.0,76540,2,1,2.0,7.0,HAVRE. QUAI (BAS) DU,"49,4392500000","1,0859800000",,76.076540,76540,Seine-Maritime,28.0,Normandie,10.0,9.0,2.0,1,2.0,28,Normandie,76,3,97,Rouen,114083,1556,115639.0,3.0,10,,0.0,1.0,4.0,26.0
202100046887,10.0,3,3,2,5.0,0.0,8.0,2,1.0,1936.0,A01,16,3,2021,11:55,1,76.0,76540,2,1,2.0,7.0,HAVRE. QUAI (BAS) DU,"49,4392500000","1,0859800000",,76.076540,76540,Seine-Maritime,28.0,Normandie,10.0,9.0,2.0,1,2.0,28,Normandie,76,3,97,Rouen,114083,1556,115639.0,3.0,10,,0.0,1.0,4.0,26.0
202100046888,1.0,1,1,2,5.0,1.0,-1.0, -1,-1.0,1965.0,A01,19,3,2021,16:00,1,76.0,76165,2,1,1.0,1.0,SCHEURER KESTNER. RUE,"49,2800620000","1,0153060000",,76.076165,76165,Seine-Maritime,28.0,Normandie,50.0,4.0,2.0,2,1.0,28,Normandie,76,3,5,Caudebec-lès-Elbeuf,10135,69,10204.0,0.0,7,,0.0,2.0,1.0,26.0
202100046888,1.0,1,4,1,1.0,2.0,-1.0, -1,-1.0,1997.0,B01,19,3,2021,16:00,1,76.0,76165,2,1,1.0,1.0,SCHEURER KESTNER. RUE,"49,2800620000","1,0153060000",,76.076165,76165,Seine-Maritime,28.0,Normandie,50.0,4.0,2.0,2,1.0,28,Normandie,76,3,5,Caudebec-lès-Elbeuf,10135,69,10204.0,0.0,2,,0.0,2.0,1.0,1.0
202100046889,1.0,1,4,1,5.0,2.0,-1.0, -1,-1.0,1998.0,A01,5,3,2021,17:45,1,76.0,76322,1,4,1.0,7.0,VOIE RAPIDE SUD 3 (RN 338),"49,4132943316","1,0424894647",,76.076322,76322,Seine-Maritime,28.0,Normandie,50.0,2.0,1.0,1,1.0,28,Normandie,76,3,13,LeGrand-Quevilly,25975,225,26200.0,2.0,33,,0.0,0.0,7.0,21.0
202100046890,10.0,3,4,2,3.0,0.0,3.0,3,1.0,1970.0,Z01,6,3,2021,17:50,1,76.0,76351,2,2,1.0,6.0,VALLEE (RUE DE LA),"49,4948700000","0,1544500000",,76.076351,76351,Seine-Maritime,28.0,Normandie,50.0,4.0,2.0,2,1.0,28,Normandie,76,2,96,LeHavre,166058,1780,167838.0,2.0,7,,0.0,1.0,0.0,0.0
202100046890,1.0,1,1,-1,-1.0,8.0,-1.0, -1,-1.0,,Z01,6,3,2021,17:50,1,76.0,76351,2,2,1.0,6.0,VALLEE (RUE DE LA),"49,4948700000","0,1544500000",,76.076351,76351,Seine-Maritime,28.0,Normandie,50.0,4.0,2.0,2,1.0,28,Normandie,76,2,96,LeHavre,166058,1780,167838.0,2.0,7,,0.0,1.0,0.0,0.0
202100046891,1.0,1,1,2,0.0,1.0,-1.0, -1,-1.0,1991.0,A01,4,2,2021,15:20,1,76.0,76351,2,3,1.0,6.0,Quai George V,"49,4910000000","0,1098400000",,76.076351,76351,Seine-Maritime,28.0,Normandie,50.0,4.0,1.0,3,1.0,28,Normandie,76,2,96,LeHavre,166058,1780,167838.0,2.0,7,,0.0,1.0,4.0,4.0
202100046891,10.0,3,3,2,0.0,0.0,1.0,3,1.0,1946.0,A01,4,2,2021,15:20,1,76.0,76351,2,3,1.0,6.0,Quai George V,"49,4910000000","0,1098400000",,76.076351,76351,Seine-Maritime,28.0,Normandie,50.0,4.0,1.0,3,1.0,28,Normandie,76,2,96,LeHavre,166058,1780,167838.0,2.0,7,,0.0,1.0,4.0,4.0