Num_Acc,place,catu,grav,sexe,trajet,secu,locp,actp,etatp,an_nais,num_veh,jour,mois,an,hrmn,lum,dep,com,agg,int,atm,col,adr,lat,long,gps,com_insee_temp,com_insee,departmentName,regionCode,regionName,vma,catr,circ,nbv,surf,Code,Region,Departement,Arrondissement,Code_Canton,Nom_Commune,Population_municipaLe,Population_comptee_a_part,Population_Totale,senc,catv,occutc,obs,obsm,choc,manv
202100046891,2.0,2,1,2,0.0,1.0,-1.0, -1,-1.0,1965.0,A01,4,2,2021,15:20,1,76.0,76351,2,3,1.0,6.0,Quai George V,"49,4910000000","0,1098400000",,76.076351,76351,Seine-Maritime,28.0,Normandie,50.0,4.0,1.0,3,1.0,28,Normandie,76,2,96,LeHavre,166058,1780,167838.0,2.0,7,,0.0,1.0,4.0,4.0
202100046997,1.0,1,4,1,4.0,1.0,0.0,0,-1.0,1984.0,A01,23,3,2021,17:50,1,76.0,76484,1,1,1.0,7.0,Autoroute A13 pk 113.000,"49,3429360000","1,0600950000",,76.076484,76484,Seine-Maritime,28.0,Normandie,110.0,1.0,1.0,1,1.0,28,Normandie,76,3,31,Oissel,12367,83,12450.0,2.0,7,,4.0,0.0,2.0,17.0
202100047000,1.0,1,4,1,4.0,1.0,0.0,0,-1.0,1981.0,A01,24,3,2021,00:59,3,76.0,76283,1,1,1.0,7.0,Beau Soleil,"49,7569495400","1,3444192800",,76.076283,76283,Seine-Maritime,28.0,Normandie,80.0,3.0,2.0,2,1.0,28,Normandie,76,1,23,FresLes237,5,242,,2.0,7,,0.0,0.0,9.0,1.0
202100047000,2.0,2,1,1,4.0,1.0,0.0,0,-1.0,1990.0,A01,24,3,2021,00:59,3,76.0,76283,1,1,1.0,7.0,Beau Soleil,"49,7569495400","1,3444192800",,76.076283,76283,Seine-Maritime,28.0,Normandie,80.0,3.0,2.0,2,1.0,28,Normandie,76,1,23,FresLes237,5,242,,2.0,7,,0.0,0.0,9.0,1.0
202100047000,7.0,2,1,1,4.0,1.0,0.0,0,-1.0,1997.0,A01,24,3,2021,00:59,3,76.0,76283,1,1,1.0,7.0,Beau Soleil,"49,7569495400","1,3444192800",,76.076283,76283,Seine-Maritime,28.0,Normandie,80.0,3.0,2.0,2,1.0,28,Normandie,76,1,23,FresLes237,5,242,,2.0,7,,0.0,0.0,9.0,1.0
202100047031,1.0,1,1,1,1.0,1.0,0.0,0,-1.0,1988.0,A01,6,3,2021,23:05,5,76.0,76457,2,1,1.0,3.0,DEPARTEMENTALE 3,"49,3414600000","0,9652700000",,76.076457,76457,Seine-Maritime,28.0,Normandie,50.0,7.0,2.0,2,1.0,28,Normandie,76,3,9,Moulineaux,932,16,948.0,0.0,10,,0.0,2.0,7.0,10.0
202100047031,2.0,2,3,1,1.0,1.0,-1.0, -1,-1.0,1988.0,A01,6,3,2021,23:05,5,76.0,76457,2,1,1.0,3.0,DEPARTEMENTALE 3,"49,3414600000","0,9652700000",,76.076457,76457,Seine-Maritime,28.0,Normandie,50.0,7.0,2.0,2,1.0,28,Normandie,76,3,9,Moulineaux,932,16,948.0,0.0,10,,0.0,2.0,7.0,10.0
202100047031,1.0,1,4,1,0.0,1.0,-1.0, -1,-1.0,1999.0,B01,6,3,2021,23:05,5,76.0,76457,2,1,1.0,3.0,DEPARTEMENTALE 3,"49,3414600000","0,9652700000",,76.076457,76457,Seine-Maritime,28.0,Normandie,50.0,7.0,2.0,2,1.0,28,Normandie,76,3,9,Moulineaux,932,16,948.0,0.0,7,,0.0,2.0,1.0,1.0
202100047031,5.0,2,4,1,5.0,1.0,-1.0, -1,-1.0,2004.0,B01,6,3,2021,23:05,5,76.0,76457,2,1,1.0,3.0,DEPARTEMENTALE 3,"49,3414600000","0,9652700000",,76.076457,76457,Seine-Maritime,28.0,Normandie,50.0,7.0,2.0,2,1.0,28,Normandie,76,3,9,Moulineaux,932,16,948.0,0.0,7,,0.0,2.0,1.0,1.0
202100047031,3.0,2,1,1,5.0,1.0,-1.0, -1,-1.0,1995.0,B01,6,3,2021,23:05,5,76.0,76457,2,1,1.0,3.0,DEPARTEMENTALE 3,"49,3414600000","0,9652700000",,76.076457,76457,Seine-Maritime,28.0,Normandie,50.0,7.0,2.0,2,1.0,28,Normandie,76,3,9,Moulineaux,932,16,948.0,0.0,7,,0.0,2.0,1.0,1.0
202100047031,3.0,2,4,1,5.0,1.0,-1.0, -1,-1.0,1999.0,B01,6,3,2021,23:05,5,76.0,76457,2,1,1.0,3.0,DEPARTEMENTALE 3,"49,3414600000","0,9652700000",,76.076457,76457,Seine-Maritime,28.0,Normandie,50.0,7.0,2.0,2,1.0,28,Normandie,76,3,9,Moulineaux,932,16,948.0,0.0,7,,0.0,2.0,1.0,1.0
202100047031,5.0,2,1,1,5.0,1.0,-1.0, -1,-1.0,1997.0,B01,6,3,2021,23:05,5,76.0,76457,2,1,1.0,3.0,DEPARTEMENTALE 3,"49,3414600000","0,9652700000",,76.076457,76457,Seine-Maritime,28.0,Normandie,50.0,7.0,2.0,2,1.0,28,Normandie,76,3,9,Moulineaux,932,16,948.0,0.0,7,,0.0,2.0,1.0,1.0
202100047032,1.0,1,1,1,4.0,1.0,-1.0, -1,-1.0,1964.0,B01,6,3,2021,12:25,1,76.0,76540,2,1,1.0,3.0,LIBERATION. AVENUE DE LA,"49,4258200000","1,0686300000",,76.076540,76540,Seine-Maritime,28.0,Normandie,50.0,7.0,2.0,2,1.0,28,Normandie,76,3,97,Rouen,114083,1556,115639.0,2.0,37,1.0,0.0,9.0,4.0,1.0
202100047032,1.0,1,3,1,4.0,8.0,-1.0, -1,-1.0,1999.0,A01,6,3,2021,12:25,1,76.0,76540,2,1,1.0,3.0,LIBERATION. AVENUE DE LA,"49,4258200000","1,0686300000",,76.076540,76540,Seine-Maritime,28.0,Normandie,50.0,7.0,2.0,2,1.0,28,Normandie,76,3,97,Rouen,114083,1556,115639.0,2.0,80,,0.0,2.0,1.0,16.0
202100047156,9.0,2,4,2,5.0,1.0,0.0,0,-1.0,2000.0,B01,22,3,2021,06:55,1,76.0,76077,1,2,1.0,3.0,Route du Baillage,"49,7591600000","0,8388200000",,76.076077,76077,Seine-Maritime,28.0,Normandie,80.0,3.0,2.0,2,1.0,28,Normandie,76,3,35,BénesvilLe167,5,172,,1.0,7,,0.0,0.0,8.0,1.0
202100047156,2.0,2,4,1,5.0,1.0,0.0,0,-1.0,1998.0,B01,22,3,2021,06:55,1,76.0,76077,1,2,1.0,3.0,Route du Baillage,"49,7591600000","0,8388200000",,76.076077,76077,Seine-Maritime,28.0,Normandie,80.0,3.0,2.0,2,1.0,28,Normandie,76,3,35,BénesvilLe167,5,172,,1.0,7,,0.0,0.0,8.0,1.0
202100047156,1.0,1,3,1,5.0,1.0,0.0,0,-1.0,1966.0,B01,22,3,2021,06:55,1,76.0,76077,1,2,1.0,3.0,Route du Baillage,"49,7591600000","0,8388200000",,76.076077,76077,Seine-Maritime,28.0,Normandie,80.0,3.0,2.0,2,1.0,28,Normandie,76,3,35,BénesvilLe167,5,172,,1.0,7,,0.0,0.0,8.0,1.0
202100047156,2.0,2,4,1,1.0,1.0,0.0,0,-1.0,2001.0,A01,22,3,2021,06:55,1,76.0,76077,1,2,1.0,3.0,Route du Baillage,"49,7591600000","0,8388200000",,76.076077,76077,Seine-Maritime,28.0,Normandie,80.0,3.0,2.0,2,1.0,28,Normandie,76,3,35,BénesvilLe167,5,172,,1.0,7,,0.0,2.0,1.0,1.0
202100047156,1.0,1,4,1,1.0,1.0,0.0,0,-1.0,1994.0,A01,22,3,2021,06:55,1,76.0,76077,1,2,1.0,3.0,Route du Baillage,"49,7591600000","0,8388200000",,76.076077,76077,Seine-Maritime,28.0,Normandie,80.0,3.0,2.0,2,1.0,28,Normandie,76,3,35,BénesvilLe167,5,172,,1.0,7,,0.0,2.0,1.0,1.0
202100047329,1.0,1,1,1,4.0,8.0,-1.0, -1,-1.0,1999.0,A01,5,3,2021,18:45,5,76.0,76498,2,2,1.0,3.0,Rue des Frères Sehy,"49,4289000000","1,0695800000",,76.076498,76498,Seine-Maritime,28.0,Normandie,30.0,4.0,1.0,1,1.0,28,Normandie,76,3,27,LePetit-Quevilly,21782,274,22056.0,0.0,7,,0.0,2.0,1.0,1.0
202100047329,1.0,1,4,2,5.0,1.0,-1.0, -1,-1.0,1997.0,B01,5,3,2021,18:45,5,76.0,76498,2,2,1.0,3.0,Rue des Frères Sehy,"49,4289000000","1,0695800000",,76.076498,76498,Seine-Maritime,28.0,Normandie,30.0,4.0,1.0,1,1.0,28,Normandie,76,3,27,LePetit-Quevilly,21782,274,22056.0,0.0,7,,0.0,2.0,2.0,1.0
202100047330,1.0,1,1,1,0.0,0.0,-1.0, -1,-1.0,1943.0,A01,17,3,2021,08:30,1,76.0,76217,2,2,1.0,3.0,PUECH (JEAN),"49,9245200000","1,1036900000",,76.076217,76217,Seine-Maritime,28.0,Normandie,50.0,4.0,2.0,2,1.0,28,Normandie,76,1,95,Dieppe,28358,455,28813.0,1.0,7,,0.0,2.0,1.0,19.0
202100047330,1.0,1,1,1,0.0,1.0,-1.0, -1,-1.0,2000.0,B01,17,3,2021,08:30,1,76.0,76217,2,2,1.0,3.0,PUECH (JEAN),"49,9245200000","1,1036900000",,76.076217,76217,Seine-Maritime,28.0,Normandie,50.0,4.0,2.0,2,1.0,28,Normandie,76,1,95,Dieppe,28358,455,28813.0,1.0,7,,0.0,2.0,8.0,15.0
202100047330,3.0,2,1,1,0.0,1.0,-1.0, -1,-1.0,2009.0,B01,17,3,2021,08:30,1,76.0,76217,2,2,1.0,3.0,PUECH (JEAN),"49,9245200000","1,1036900000",,76.076217,76217,Seine-Maritime,28.0,Normandie,50.0,4.0,2.0,2,1.0,28,Normandie,76,1,95,Dieppe,28358,455,28813.0,1.0,7,,0.0,2.0,8.0,15.0
202100047330,2.0,2,4,1,0.0,1.0,-1.0, -1,-1.0,1972.0,B01,17,3,2021,08:30,1,76.0,76217,2,2,1.0,3.0,PUECH (JEAN),"49,9245200000","1,1036900000",,76.076217,76217,Seine-Maritime,28.0,Normandie,50.0,4.0,2.0,2,1.0,28,Normandie,76,1,95,Dieppe,28358,455,28813.0,1.0,7,,0.0,2.0,8.0,15.0
202100047480,1.0,1,1,1,5.0,1.0,-1.0, -1,-1.0,1999.0,A01,7,3,2021,15:45,1,76.0,76474,2,1,1.0,3.0,Route de Dieppe,"49,4899500000","1,0493100000",,76.076474,76474,Seine-Maritime,28.0,Normandie,30.0,7.0,2.0,2,1.0,28,Normandie,76,3,24,Notre-Dame-de-BondevilLe6957,82,7039,,0.0,7,,0.0,2.0,2.0,10.0
202100047480,1.0,1,4,1,5.0,2.0,-1.0, -1,-1.0,1998.0,B01,7,3,2021,15:45,1,76.0,76474,2,1,1.0,3.0,Route de Dieppe,"49,4899500000","1,0493100000",,76.076474,76474,Seine-Maritime,28.0,Normandie,30.0,7.0,2.0,2,1.0,28,Normandie,76,3,24,Notre-Dame-de-BondevilLe6957,82,7039,,0.0,33,,0.0,2.0,1.0,1.0
202100047481,1.0,1,1,1,4.0,1.0,-1.0, -1,-1.0,1968.0,A01,7,3,2021,08:30,1,76.0,76540,2,1,1.0,7.0,Place Saint Marc,"49,4398900000","1,1019000000",,76.076540,76540,Seine-Maritime,28.0,Normandie,30.0,4.0,2.0,2,1.0,28,Normandie,76,3,97,Rouen,114083,1556,115639.0,0.0,10,,0.0,1.0,7.0,1.0
202100047481,10.0,3,4,2,5.0,0.0,3.0,3,1.0,1997.0,A01,7,3,2021,08:30,1,76.0,76540,2,1,1.0,7.0,Place Saint Marc,"49,4398900000","1,1019000000",,76.076540,76540,Seine-Maritime,28.0,Normandie,30.0,4.0,2.0,2,1.0,28,Normandie,76,3,97,Rouen,114083,1556,115639.0,0.0,10,,0.0,1.0,7.0,1.0
202100047482,1.0,1,1,1,5.0,1.0,-1.0, -1,-1.0,1950.0,B01,5,3,2021,11:05,1,76.0,76575,2,2,1.0,3.0,MADRILLET. RUE DU,"49,3947900000","1,0735500000",,76.076575,76575,Seine-Maritime,28.0,Normandie,50.0,4.0,2.0,2,1.0,28,Normandie,76,3,98,Saint-Étienne-du-Rouvray,28508,225,28733.0,0.0,7,,0.0,2.0,1.0,0.0
202100047482,1.0,1,4,2,0.0,1.0,-1.0, -1,-1.0,1982.0,A01,5,3,2021,11:05,1,76.0,76575,2,2,1.0,3.0,MADRILLET. RUE DU,"49,3947900000","1,0735500000",,76.076575,76575,Seine-Maritime,28.0,Normandie,50.0,4.0,2.0,2,1.0,28,Normandie,76,3,98,Saint-Étienne-du-Rouvray,28508,225,28733.0,0.0,7,,0.0,2.0,2.0,1.0
202100047616,10.0,3,4,2,5.0,0.0,3.0,3,2.0,1990.0,A01,10,3,2021,14:30,1,76.0,76447,1,6,1.0,6.0,PRESIDENT WILSON,"49,5348695336","0,1786079783",,76.076447,76447,Seine-Maritime,28.0,Normandie,50.0,3.0,2.0,0,1.0,28,Normandie,76,2,15,Montivilliers,15457,203,15660.0,1.0,7,,0.0,1.0,2.0,1.0
202100047616,10.0,3,4,1,5.0,0.0,3.0,3,2.0,2007.0,A01,10,3,2021,14:30,1,76.0,76447,1,6,1.0,6.0,PRESIDENT WILSON,"49,5348695336","0,1786079783",,76.076447,76447,Seine-Maritime,28.0,Normandie,50.0,3.0,2.0,0,1.0,28,Normandie,76,2,15,Montivilliers,15457,203,15660.0,1.0,7,,0.0,1.0,2.0,1.0
202100047616,1.0,1,1,2,0.0,1.0,-1.0, -1,-1.0,1937.0,A01,10,3,2021,14:30,1,76.0,76447,1,6,1.0,6.0,PRESIDENT WILSON,"49,5348695336","0,1786079783",,76.076447,76447,Seine-Maritime,28.0,Normandie,50.0,3.0,2.0,0,1.0,28,Normandie,76,2,15,Montivilliers,15457,203,15660.0,1.0,7,,0.0,1.0,2.0,1.0
202100047770,1.0,1,3,1,0.0,8.0,-1.0, -1,-1.0,2008.0,A01,15,3,2021,16:32,1,76.0,76351,2,2,1.0,7.0,MOGADOR,"49,4972000000","0,0983600000",,76.076351,76351,Seine-Maritime,28.0,Normandie,50.0,4.0,1.0,1,1.0,28,Normandie,76,2,96,LeHavre,166058,1780,167838.0,2.0,1,,0.0,0.0,0.0,0.0
202100047771,1.0,1,4,2,1.0,1.0,-1.0, -1,-1.0,1989.0,A01,16,3,2021,21:15,4,76.0,76565,1,6,2.0,7.0,RD 915,"49,8734900000","1,0998300000",,76.076565,76565,Seine-Maritime,28.0,Normandie,80.0,3.0,3.0,2,2.0,28,Normandie,76,1,7,Saint-Aubin-sur-Scie,1202,101,1303.0,1.0,7,,8.0,0.0,2.0,1.0
202100047915,1.0,1,1,1,4.0,1.0,-1.0, -1,-1.0,1988.0,A01,24,2,2021,17:14,1,76.0,76540,1,1,1.0,3.0,,"49,4508600000","1,0574500000",,76.076540,76540,Seine-Maritime,28.0,Normandie,70.0,1.0,3.0,4,1.0,28,Normandie,76,3,97,Rouen,114083,1556,115639.0,1.0,17,,0.0,2.0,7.0,0.0
202100047915,1.0,1,4,1,0.0,1.0,-1.0, -1,-1.0,1991.0,B01,24,2,2021,17:14,1,76.0,76540,1,1,1.0,3.0,,"49,4508600000","1,0574500000",,76.076540,76540,Seine-Maritime,28.0,Normandie,70.0,1.0,3.0,4,1.0,28,Normandie,76,3,97,Rouen,114083,1556,115639.0,1.0,7,,0.0,2.0,8.0,0.0
202100048062,1.0,1,3,2,0.0,1.0,0.0,0,-1.0,1998.0,A01,15,3,2021,10:20,1,76.0,76260,1,1,2.0,1.0,Route de Gerberoy,"49,4948210000","1,7666320000",,76.076260,76260,Seine-Maritime,28.0,Normandie,80.0,3.0,2.0,2,2.0,28,Normandie,76,1,12,Ferrières-en-Bray,1675,15,1690.0,1.0,7,,0.0,2.0,5.0,5.0
202100048062,1.0,1,1,1,4.0,1.0,0.0,0,-1.0,2001.0,B01,15,3,2021,10:20,1,76.0,76260,1,1,2.0,1.0,Route de Gerberoy,"49,4948210000","1,7666320000",,76.076260,76260,Seine-Maritime,28.0,Normandie,80.0,3.0,2.0,2,2.0,28,Normandie,76,1,12,Ferrières-en-Bray,1675,15,1690.0,2.0,14,,0.0,2.0,1.0,1.0
202100048180,1.0,1,1,1,5.0,1.0,0.0,0,-1.0,1956.0,B01,13,3,2021,18:05,1,76.0,76595,1,2,2.0,3.0,Route du Moulin,"49,6363330000","0,1621270000",,76.076595,76595,Seine-Maritime,28.0,Normandie,70.0,3.0,2.0,2,2.0,28,Normandie,76,2,26,Saint-Jouin-Bruneval,1829,35,1864.0,2.0,7,,0.0,2.0,3.0,2.0
202100048180,2.0,2,1,2,5.0,1.0,0.0,0,-1.0,1959.0,B01,13,3,2021,18:05,1,76.0,76595,1,2,2.0,3.0,Route du Moulin,"49,6363330000","0,1621270000",,76.076595,76595,Seine-Maritime,28.0,Normandie,70.0,3.0,2.0,2,2.0,28,Normandie,76,2,26,Saint-Jouin-Bruneval,1829,35,1864.0,2.0,7,,0.0,2.0,3.0,2.0
202100048180,7.0,2,1,2,5.0,1.0,0.0,0,-1.0,1991.0,B01,13,3,2021,18:05,1,76.0,76595,1,2,2.0,3.0,Route du Moulin,"49,6363330000","0,1621270000",,76.076595,76595,Seine-Maritime,28.0,Normandie,70.0,3.0,2.0,2,2.0,28,Normandie,76,2,26,Saint-Jouin-Bruneval,1829,35,1864.0,2.0,7,,0.0,2.0,3.0,2.0
202100048180,1.0,1,4,1,5.0,0.0,0.0,0,-1.0,1933.0,A01,13,3,2021,18:05,1,76.0,76595,1,2,2.0,3.0,Route du Moulin,"49,6363330000","0,1621270000",,76.076595,76595,Seine-Maritime,28.0,Normandie,70.0,3.0,2.0,2,2.0,28,Normandie,76,2,26,Saint-Jouin-Bruneval,1829,35,1864.0,3.0,10,,0.0,2.0,7.0,2.0
202100048241,1.0,1,1,1,0.0,1.0,-1.0, -1,-1.0,1987.0,A01,10,3,2021,17:40,1,76.0,76540,2,3,2.0,5.0,Boulevard de Verdun,"49,4462380000","1,1070460000",,76.076540,76540,Seine-Maritime,28.0,Normandie,50.0,4.0,2.0,4,2.0,28,Normandie,76,3,97,Rouen,114083,1556,115639.0,0.0,7,,0.0,2.0,3.0,26.0
202100048241,1.0,1,4,1,0.0,2.0,-1.0, -1,-1.0,1977.0,B01,10,3,2021,17:40,1,76.0,76540,2,3,2.0,5.0,Boulevard de Verdun,"49,4462380000","1,1070460000",,76.076540,76540,Seine-Maritime,28.0,Normandie,50.0,4.0,2.0,4,2.0,28,Normandie,76,3,97,Rouen,114083,1556,115639.0,0.0,33,,0.0,2.0,0.0,0.0
202100048241,1.0,1,1,1,0.0,1.0,-1.0, -1,-1.0,1963.0,C01,10,3,2021,17:40,1,76.0,76540,2,3,2.0,5.0,Boulevard de Verdun,"49,4462380000","1,1070460000",,76.076540,76540,Seine-Maritime,28.0,Normandie,50.0,4.0,2.0,4,2.0,28,Normandie,76,3,97,Rouen,114083,1556,115639.0,0.0,7,,0.0,2.0,1.0,0.0
202100048242,10.0,3,4,1,2.0,0.0,9.0,3,1.0,2007.0,A01,11,3,2021,08:35,1,76.0,76540,2,9,1.0,7.0,SENARD. RUE,"49,4509030000","1,0914190000",,76.076540,76540,Seine-Maritime,28.0,Normandie,30.0,4.0,1.0,1,1.0,28,Normandie,76,3,97,Rouen,114083,1556,115639.0,0.0,7,,0.0,1.0,3.0,1.0
202100048242,1.0,1,1,1,0.0,1.0,-1.0, -1,-1.0,1976.0,A01,11,3,2021,08:35,1,76.0,76540,2,9,1.0,7.0,SENARD. RUE,"49,4509030000","1,0914190000",,76.076540,76540,Seine-Maritime,28.0,Normandie,30.0,4.0,1.0,1,1.0,28,Normandie,76,3,97,Rouen,114083,1556,115639.0,0.0,7,,0.0,1.0,3.0,1.0
202100048243,1.0,1,1,1,4.0,1.0,-1.0, -1,-1.0,1983.0,A01,9,3,2021,08:45,1,76.0,76540,2,1,1.0,2.0,RONDEAUX. AVENUE JEAN,"49,4333700000","1,0752000000",,76.076540,76540,Seine-Maritime,28.0,Normandie,30.0,4.0,2.0,2,1.0,28,Normandie,76,3,97,Rouen,114083,1556,115639.0,0.0,10,,0.0,2.0,2.0,15.0
202100048243,1.0,1,4,2,1.0,8.0,-1.0, -1,-1.0,1995.0,B01,9,3,2021,08:45,1,76.0,76540,2,1,1.0,2.0,RONDEAUX. AVENUE JEAN,"49,4333700000","1,0752000000",,76.076540,76540,Seine-Maritime,28.0,Normandie,30.0,4.0,2.0,2,1.0,28,Normandie,76,3,97,Rouen,114083,1556,115639.0,0.0,99,,0.0,2.0,1.0,1.0
202100048244,1.0,1,2,1,1.0,2.0,-1.0, -1,-1.0,1982.0,B01,12,3,2021,07:45,1,76.0,76305,2,1,1.0,3.0,PONT VIII (ROUTE DU),"49,4972900000","0,2112000000",,76.076305,76305,Seine-Maritime,28.0,Normandie,50.0,4.0,2.0,2,2.0,28,Normandie,76,2,16,Gonfreville-l'Orcher,8961,44,9005.0,0.0,33,,0.0,2.0,1.0,17.0
202100048244,1.0,1,1,1,1.0,1.0,-1.0, -1,-1.0,1966.0,A01,12,3,2021,07:45,1,76.0,76305,2,1,1.0,3.0,PONT VIII (ROUTE DU),"49,4972900000","0,2112000000",,76.076305,76305,Seine-Maritime,28.0,Normandie,50.0,4.0,2.0,2,2.0,28,Normandie,76,2,16,Gonfreville-l'Orcher,8961,44,9005.0,0.0,10,,0.0,2.0,5.0,15.0
202100048323,2.0,2,4,2,9.0,1.0,0.0,0,-1.0,2007.0,B01,13,3,2021,07:55,1,76.0,76750,1,1,2.0,3.0,CD982,"49,4600630000","0,8351970000",,76.076750,76750,Seine-Maritime,28.0,Normandie,90.0,7.0,2.0,2,2.0,28,Normandie,76,3,1,YainvilLe1037,13,1050,,2.0,7,,0.0,2.0,1.0,1.0
202100048323,1.0,1,3,1,9.0,1.0,0.0,0,-1.0,1972.0,B01,13,3,2021,07:55,1,76.0,76750,1,1,2.0,3.0,CD982,"49,4600630000","0,8351970000",,76.076750,76750,Seine-Maritime,28.0,Normandie,90.0,7.0,2.0,2,2.0,28,Normandie,76,3,1,YainvilLe1037,13,1050,,2.0,7,,0.0,2.0,1.0,1.0
202100048323,1.0,1,3,1,9.0,1.0,0.0,0,-1.0,1999.0,A01,13,3,2021,07:55,1,76.0,76750,1,1,2.0,3.0,CD982,"49,4600630000","0,8351970000",,76.076750,76750,Seine-Maritime,28.0,Normandie,90.0,7.0,2.0,2,2.0,28,Normandie,76,3,1,YainvilLe1037,13,1050,,1.0,7,,0.0,2.0,7.0,1.0
202100048389,10.0,3,4,1,2.0,0.0,3.0,3,2.0,2016.0,A01,9,3,2021,11:30,1,76.0,76575,2,3,1.0,6.0,Rue Charles Nicolle,"49,3984500000","1,0782300000",,76.076575,76575,Seine-Maritime,28.0,Normandie,30.0,4.0,2.0,2,1.0,28,Normandie,76,3,98,Saint-Étienne-du-Rouvray,28508,225,28733.0,0.0,10,,0.0,1.0,1.0,1.0
202100048389,1.0,1,1,2,0.0,1.0,-1.0, -1,-1.0,1953.0,A01,9,3,2021,11:30,1,76.0,76575,2,3,1.0,6.0,Rue Charles Nicolle,"49,3984500000","1,0782300000",,76.076575,76575,Seine-Maritime,28.0,Normandie,30.0,4.0,2.0,2,1.0,28,Normandie,76,3,98,Saint-Étienne-du-Rouvray,28508,225,28733.0,0.0,10,,0.0,1.0,1.0,1.0
202100048390,1.0,1,1,1,0.0,1.0,-1.0, -1,-1.0,1990.0,A01,9,3,2021,21:10,5,76.0,76351,2,2,1.0,5.0,Rue Aristide Briand,"49,5005620000","0,1391800000",,76.076351,76351,Seine-Maritime,28.0,Normandie,50.0,4.0,2.0,2,1.0,28,Normandie,76,2,96,LeHavre,166058,1780,167838.0,0.0,7,,0.0,2.0,7.0,1.0
202100048390,1.0,1,4,1,0.0,1.0,-1.0, -1,-1.0,1999.0,C01,9,3,2021,21:10,5,76.0,76351,2,2,1.0,5.0,Rue Aristide Briand,"49,5005620000","0,1391800000",,76.076351,76351,Seine-Maritime,28.0,Normandie,50.0,4.0,2.0,2,1.0,28,Normandie,76,2,96,LeHavre,166058,1780,167838.0,0.0,7,,0.0,2.0,1.0,23.0
202100048390,1.0,1,4,1,0.0,1.0,-1.0, -1,-1.0,1998.0,B01,9,3,2021,21:10,5,76.0,76351,2,2,1.0,5.0,Rue Aristide Briand,"49,5005620000","0,1391800000",,76.076351,76351,Seine-Maritime,28.0,Normandie,50.0,4.0,2.0,2,1.0,28,Normandie,76,2,96,LeHavre,166058,1780,167838.0,0.0,7,,0.0,2.0,1.0,1.0
202100048519,1.0,1,4,2,5.0,1.0,-1.0, -1,-1.0,2003.0,A01,10,3,2021,22:55,4,76.0,76540,2,1,8.0,7.0,Route de Neufchâtel,"49,4531900000","1,0976800000",,76.076540,76540,Seine-Maritime,28.0,Normandie,50.0,4.0,2.0,2,2.0,28,Normandie,76,3,97,Rouen,114083,1556,115639.0,2.0,7,,15.0,0.0,1.0,1.0
202100048663,1.0,1,3,1,0.0,2.0,-1.0, -1,-1.0,1985.0,A01,7,3,2021,14:05,1,76.0,76351,2,4,1.0,7.0,CHANTIERS (DES),"49,4984800000","0,1627400000",,76.076351,76351,Seine-Maritime,28.0,Normandie,50.0,4.0,2.0,2,2.0,28,Normandie,76,2,96,LeHavre,166058,1780,167838.0,2.0,32,,0.0,0.0,0.0,0.0
202100048756,10.0,3,3,1,5.0,0.0,4.0,3,1.0,1993.0,A01,9,3,2021,08:20,1,76.0,76758,2,4,1.0,6.0,12 Avenue du Marechal Foch,"49,6183400000","0,7469100000",,76.076758,76758,Seine-Maritime,28.0,Normandie,50.0,3.0,2.0,2,1.0,28,Normandie,76,3,35,Yvetot,11385,208,11593.0,2.0,7,,0.0,1.0,3.0,15.0
202100048756,1.0,1,1,1,9.0,1.0,0.0,0,-1.0,1959.0,A01,9,3,2021,08:20,1,76.0,76758,2,4,1.0,6.0,12 Avenue du Marechal Foch,"49,6183400000","0,7469100000",,76.076758,76758,Seine-Maritime,28.0,Normandie,50.0,3.0,2.0,2,1.0,28,Normandie,76,3,35,Yvetot,11385,208,11593.0,2.0,7,,0.0,1.0,3.0,15.0
202100049069,1.0,1,3,1,0.0,8.0,-1.0, -1,-1.0,1983.0,A01,2,3,2021,19:00,5,76.0,76498,2,1,1.0,2.0,Avenue des Canadiens,"49,4141899395","1,0741653065",,76.076498,76498,Seine-Maritime,28.0,Normandie,50.0,4.0,2.0,2,1.0,28,Normandie,76,3,27,LePetit-Quevilly,21782,274,22056.0,0.0,7,,1.0,0.0,1.0,16.0
202100049069,1.0,1,1,1,4.0,1.0,-1.0, -1,-1.0,1979.0,B01,2,3,2021,19:00,5,76.0,76498,2,1,1.0,2.0,Avenue des Canadiens,"49,4141899395","1,0741653065",,76.076498,76498,Seine-Maritime,28.0,Normandie,50.0,4.0,2.0,2,1.0,28,Normandie,76,3,27,LePetit-Quevilly,21782,274,22056.0,0.0,37,1.0,0.0,2.0,3.0,24.0
202100049373,1.0,1,1,2,0.0,1.0,-1.0, -1,-1.0,1962.0,A01,1,3,2021,18:10,1,76.0,76351,2,2,1.0,6.0,THEOPHILE GAUTIER,"49,5172100000","0,0944100000",,76.076351,76351,Seine-Maritime,28.0,Normandie,50.0,4.0,2.0,1,1.0,28,Normandie,76,2,96,LeHavre,166058,1780,167838.0,1.0,7,,0.0,1.0,1.0,1.0