Num_Acc,place,catu,grav,sexe,trajet,secu,locp,actp,etatp,an_nais,num_veh,jour,mois,an,hrmn,lum,dep,com,agg,int,atm,col,adr,lat,long,gps,com_insee_temp,com_insee,departmentName,regionCode,regionName,vma,catr,circ,nbv,surf,Code,Region,Departement,Arrondissement,Code_Canton,Nom_Commune,Population_municipaLe,Population_comptee_a_part,Population_Totale,senc,catv,occutc,obs,obsm,choc,manv
202100051552,1.0,1,1,2,1.0,1.0,0.0,0,-1.0,1970.0,B01,10,2,2021,19:20,3,76.0,76705,1,1,1.0,5.0,"Autoroute A13, PK110+900, sens PARIS/CAEN","49,3331675888","1,0809087753",,76.076705,76705,Seine-Maritime,28.0,Normandie,110.0,1.0,3.0,3,1.0,28,Normandie,76,3,5,Tourville-la-Rivière,2568,19,2587.0,1.0,7,,0.0,0.0,4.0,23.0
202100051552,1.0,1,1,1,1.0,1.0,0.0,0,-1.0,1980.0,C01,10,2,2021,19:20,3,76.0,76705,1,1,1.0,5.0,"Autoroute A13, PK110+900, sens PARIS/CAEN","49,3331675888","1,0809087753",,76.076705,76705,Seine-Maritime,28.0,Normandie,110.0,1.0,3.0,3,1.0,28,Normandie,76,3,5,Tourville-la-Rivière,2568,19,2587.0,1.0,7,,1.0,0.0,1.0,2.0
202100051615,1.0,1,1,2,5.0,1.0,0.0,0,-1.0,1991.0,A01,14,2,2021,17:50,1,76.0,76750,2,1,1.0,6.0,Rue de la Republique,"49,4572180000","0,8270110000",,76.076750,76750,Seine-Maritime,28.0,Normandie,50.0,9.0,2.0,2,1.0,28,Normandie,76,3,1,YainvilLe1037,13,1050,,0.0,7,,9.0,0.0,1.0,1.0
202100051615,2.0,2,4,1,5.0,1.0,0.0,0,-1.0,2012.0,A01,14,2,2021,17:50,1,76.0,76750,2,1,1.0,6.0,Rue de la Republique,"49,4572180000","0,8270110000",,76.076750,76750,Seine-Maritime,28.0,Normandie,50.0,9.0,2.0,2,1.0,28,Normandie,76,3,1,YainvilLe1037,13,1050,,0.0,7,,9.0,0.0,1.0,1.0
202100051664,1.0,1,1,2,0.0,1.0,-1.0, -1,-1.0,1972.0,A01,11,2,2021,16:00,1,76.0,76451,2,1,1.0,6.0,Avenue du Mont aux Malades,"49,4635400000","1,0749600000",,76.076451,76451,Seine-Maritime,28.0,Normandie,50.0,4.0,2.0,2,1.0,28,Normandie,76,3,22,Mont-Saint-Aignan,20066,415,20481.0,0.0,7,,0.0,1.0,1.0,1.0
202100051664,10.0,3,4,2,5.0,0.0,2.0,3,2.0,2009.0,A01,11,2,2021,16:00,1,76.0,76451,2,1,1.0,6.0,Avenue du Mont aux Malades,"49,4635400000","1,0749600000",,76.076451,76451,Seine-Maritime,28.0,Normandie,50.0,4.0,2.0,2,1.0,28,Normandie,76,3,22,Mont-Saint-Aignan,20066,415,20481.0,0.0,7,,0.0,1.0,1.0,1.0
202100051664,10.0,3,4,2,5.0,0.0,2.0,3,2.0,2009.0,A01,11,2,2021,16:00,1,76.0,76451,2,1,1.0,6.0,Avenue du Mont aux Malades,"49,4635400000","1,0749600000",,76.076451,76451,Seine-Maritime,28.0,Normandie,50.0,4.0,2.0,2,1.0,28,Normandie,76,3,22,Mont-Saint-Aignan,20066,415,20481.0,0.0,7,,0.0,1.0,1.0,1.0
202100051954,1.0,1,4,2,0.0,1.0,0.0,0,-1.0,1997.0,A01,11,2,2021,09:55,1,76.0,76113,2,1,1.0,1.0,199 Rue Saint-martin,"49,5213300000","1,3553000000",,76.076113,76113,Seine-Maritime,28.0,Normandie,50.0,3.0,2.0,2,1.0,28,Normandie,76,3,21,Boissay,415,7,422.0,1.0,7,,0.0,2.0,1.0,1.0
202100051954,1.0,1,1,1,0.0,0.0,0.0,0,-1.0,1976.0,B01,11,2,2021,09:55,1,76.0,76113,2,1,1.0,1.0,199 Rue Saint-martin,"49,5213300000","1,3553000000",,76.076113,76113,Seine-Maritime,28.0,Normandie,50.0,3.0,2.0,2,1.0,28,Normandie,76,3,21,Boissay,415,7,422.0,2.0,21,,0.0,2.0,1.0,1.0
202100052001,1.0,1,4,1,0.0,1.0,-1.0, -1,-1.0,1963.0,B01,8,2,2021,19:08,3,76.0,76157,1,1,1.0,1.0,QUEVILLON. ROUTE DE,"49,4381035853","0,9994654774",,76.076157,76157,Seine-Maritime,28.0,Normandie,80.0,7.0,2.0,2,1.0,28,Normandie,76,3,4,Canteleu,13966,360,14326.0,3.0,7,,0.0,2.0,1.0,0.0
202100052001,2.0,2,4,1,0.0,1.0,-1.0, -1,-1.0,1967.0,B01,8,2,2021,19:08,3,76.0,76157,1,1,1.0,1.0,QUEVILLON. ROUTE DE,"49,4381035853","0,9994654774",,76.076157,76157,Seine-Maritime,28.0,Normandie,80.0,7.0,2.0,2,1.0,28,Normandie,76,3,4,Canteleu,13966,360,14326.0,3.0,7,,0.0,2.0,1.0,0.0
202100052001,1.0,1,1,1,0.0,1.0,-1.0, -1,-1.0,1972.0,A01,8,2,2021,19:08,3,76.0,76157,1,1,1.0,1.0,QUEVILLON. ROUTE DE,"49,4381035853","0,9994654774",,76.076157,76157,Seine-Maritime,28.0,Normandie,80.0,7.0,2.0,2,1.0,28,Normandie,76,3,4,Canteleu,13966,360,14326.0,3.0,7,,0.0,2.0,1.0,0.0
202100052064,1.0,1,1,1,4.0,0.0,0.0,0,-1.0,1955.0,B01,24,1,2021,13:20,1,76.0,76105,1,8,4.0,1.0,Rue de l'Eglise,"49,6327260000","1,0468980000",,76.076105,76105,Seine-Maritime,28.0,Normandie,70.0,3.0,2.0,1,5.0,28,Normandie,76,3,2,LeBocasse,656,7,663.0,0.0,39,,0.0,2.0,1.0,19.0
202100052064,1.0,1,3,1,5.0,1.0,0.0,0,-1.0,1986.0,A01,24,1,2021,13:20,1,76.0,76105,1,8,4.0,1.0,Rue de l'Eglise,"49,6327260000","1,0468980000",,76.076105,76105,Seine-Maritime,28.0,Normandie,70.0,3.0,2.0,1,5.0,28,Normandie,76,3,2,LeBocasse,656,7,663.0,1.0,7,,0.0,4.0,3.0,26.0
202100052114,4.0,2,4,1,4.0,1.0,-1.0, -1,-1.0,1997.0,B01,16,1,2021,06:55,5,76.0,76165,2,2,1.0,3.0,Rue Lenormand,"49,2838700000","1,0124200000",,76.076165,76165,Seine-Maritime,28.0,Normandie,50.0,4.0,2.0,2,2.0,28,Normandie,76,3,5,Caudebec-lès-Elbeuf,10135,69,10204.0,0.0,7,,0.0,2.0,1.0,1.0
202100052114,2.0,2,1,1,4.0,1.0,-1.0, -1,-1.0,1982.0,B01,16,1,2021,06:55,5,76.0,76165,2,2,1.0,3.0,Rue Lenormand,"49,2838700000","1,0124200000",,76.076165,76165,Seine-Maritime,28.0,Normandie,50.0,4.0,2.0,2,2.0,28,Normandie,76,3,5,Caudebec-lès-Elbeuf,10135,69,10204.0,0.0,7,,0.0,2.0,1.0,1.0
202100052114,1.0,1,1,1,4.0,1.0,-1.0, -1,-1.0,1981.0,B01,16,1,2021,06:55,5,76.0,76165,2,2,1.0,3.0,Rue Lenormand,"49,2838700000","1,0124200000",,76.076165,76165,Seine-Maritime,28.0,Normandie,50.0,4.0,2.0,2,2.0,28,Normandie,76,3,5,Caudebec-lès-Elbeuf,10135,69,10204.0,0.0,7,,0.0,2.0,1.0,1.0
202100052114,1.0,1,1,1,0.0,8.0,-1.0, -1,-1.0,1988.0,A01,16,1,2021,06:55,5,76.0,76165,2,2,1.0,3.0,Rue Lenormand,"49,2838700000","1,0124200000",,76.076165,76165,Seine-Maritime,28.0,Normandie,50.0,4.0,2.0,2,2.0,28,Normandie,76,3,5,Caudebec-lès-Elbeuf,10135,69,10204.0,0.0,7,,0.0,2.0,6.0,1.0
202100052401,1.0,1,4,1,0.0,1.0,-1.0, -1,-1.0,1983.0,A01,4,2,2021,11:50,1,76.0,76486,2,1,1.0,6.0,RD 938 (VERS GRAND COURONNE),"49,3010100000","0,9925500000",,76.076486,76486,Seine-Maritime,28.0,Normandie,50.0,7.0,2.0,2,2.0,28,Normandie,76,3,9,Orival,860,5,865.0,1.0,7,,1.0,0.0,2.0,9.0
202100052402,10.0,3,4,1,0.0,0.0,4.0,3,1.0,2004.0,A01,11,1,2021,18:15,2,76.0,76540,2,3,2.0,6.0,Rue Saint-Julien,"49,4255271445","1,0735258280",,76.076540,76540,Seine-Maritime,28.0,Normandie,30.0,4.0,2.0,2,2.0,28,Normandie,76,3,97,Rouen,114083,1556,115639.0,0.0,7,,0.0,1.0,1.0,1.0
202100052402,1.0,1,1,1,0.0,1.0,-1.0, -1,-1.0,1947.0,A01,11,1,2021,18:15,2,76.0,76540,2,3,2.0,6.0,Rue Saint-Julien,"49,4255271445","1,0735258280",,76.076540,76540,Seine-Maritime,28.0,Normandie,30.0,4.0,2.0,2,2.0,28,Normandie,76,3,97,Rouen,114083,1556,115639.0,0.0,7,,0.0,1.0,1.0,1.0
202100052403,1.0,1,4,1,4.0,2.0,-1.0, -1,-1.0,1998.0,A01,15,1,2021,19:30,5,76.0,76540,2,1,1.0,2.0,Avenue de Bretagne,"49,4347400000","1,0863000000",,76.076540,76540,Seine-Maritime,28.0,Normandie,30.0,7.0,1.0,1,1.0,28,Normandie,76,3,97,Rouen,114083,1556,115639.0,1.0,30,,0.0,2.0,1.0,2.0
202100052403,1.0,1,1,1,5.0,1.0,-1.0, -1,-1.0,1997.0,B01,15,1,2021,19:30,5,76.0,76540,2,1,1.0,2.0,Avenue de Bretagne,"49,4347400000","1,0863000000",,76.076540,76540,Seine-Maritime,28.0,Normandie,30.0,7.0,1.0,1,1.0,28,Normandie,76,3,97,Rouen,114083,1556,115639.0,1.0,7,,0.0,2.0,4.0,23.0
202100052404,1.0,1,4,1,5.0,1.0,-1.0, -1,-1.0,1982.0,A01,30,1,2021,16:10,1,76.0,76231,2,3,2.0,3.0,Rue de la Rochelle,"49,2927967214","1,0012543597",,76.076231,76231,Seine-Maritime,28.0,Normandie,50.0,4.0,2.0,2,2.0,28,Normandie,76,3,9,Elbeuf,15951,138,16089.0,0.0,7,,0.0,2.0,3.0,15.0
202100052404,2.0,2,4,2,5.0,1.0,-1.0, -1,-1.0,2003.0,A01,30,1,2021,16:10,1,76.0,76231,2,3,2.0,3.0,Rue de la Rochelle,"49,2927967214","1,0012543597",,76.076231,76231,Seine-Maritime,28.0,Normandie,50.0,4.0,2.0,2,2.0,28,Normandie,76,3,9,Elbeuf,15951,138,16089.0,0.0,7,,0.0,2.0,3.0,15.0
202100052404,1.0,1,1,-1,-1.0,8.0,-1.0, -1,-1.0,,Z01,30,1,2021,16:10,1,76.0,76231,2,3,2.0,3.0,Rue de la Rochelle,"49,2927967214","1,0012543597",,76.076231,76231,Seine-Maritime,28.0,Normandie,50.0,4.0,2.0,2,2.0,28,Normandie,76,3,9,Elbeuf,15951,138,16089.0,0.0,7,,0.0,2.0,2.0,1.0
202100052527,2.0,2,4,1,0.0,1.0,-1.0, -1,-1.0,1977.0,B01,3,2,2021,17:15,1,76.0,76351,2,1,1.0,2.0,LENINGRAD (BD DE),"49,5002600000","0,1733500000",,76.076351,76351,Seine-Maritime,28.0,Normandie,50.0,3.0,3.0,4,1.0,28,Normandie,76,2,96,LeHavre,166058,1780,167838.0,2.0,7,,0.0,2.0,5.0,0.0
202100052527,1.0,1,4,2,0.0,1.0,-1.0, -1,-1.0,1987.0,B01,3,2,2021,17:15,1,76.0,76351,2,1,1.0,2.0,LENINGRAD (BD DE),"49,5002600000","0,1733500000",,76.076351,76351,Seine-Maritime,28.0,Normandie,50.0,3.0,3.0,4,1.0,28,Normandie,76,2,96,LeHavre,166058,1780,167838.0,2.0,7,,0.0,2.0,5.0,0.0
202100052527,1.0,1,2,2,0.0,1.0,-1.0, -1,-1.0,1948.0,A01,3,2,2021,17:15,1,76.0,76351,2,1,1.0,2.0,LENINGRAD (BD DE),"49,5002600000","0,1733500000",,76.076351,76351,Seine-Maritime,28.0,Normandie,50.0,3.0,3.0,4,1.0,28,Normandie,76,2,96,LeHavre,166058,1780,167838.0,2.0,7,,0.0,2.0,3.0,0.0
202100052611,1.0,1,1,1,4.0,1.0,0.0,0,-1.0,1973.0,A01,4,2,2021,17:30,2,76.0,76255,2,3,1.0,3.0,D1015,"50,0571500000","1,4213400000",,76.076255,76255,Seine-Maritime,28.0,Normandie,50.0,3.0,2.0,2,1.0,28,Normandie,76,1,10,Eu,6591,197,6788.0,2.0,10,,0.0,2.0,8.0,15.0
202100052611,1.0,1,3,1,0.0,2.0,0.0,0,-1.0,1977.0,B01,4,2,2021,17:30,2,76.0,76255,2,3,1.0,3.0,D1015,"50,0571500000","1,4213400000",,76.076255,76255,Seine-Maritime,28.0,Normandie,50.0,3.0,2.0,2,1.0,28,Normandie,76,1,10,Eu,6591,197,6788.0,1.0,2,,0.0,2.0,1.0,1.0
202100052634,1.0,1,3,1,5.0,2.0,0.0,0,-1.0,1974.0,A01,3,2,2021,10:35,1,76.0,76055,1,2,1.0,3.0,D131,"49,6361600000","0,7354900000",,76.076055,76055,Seine-Maritime,28.0,Normandie,80.0,3.0,2.0,2,1.0,28,Normandie,76,3,35,Baons-le-Comte,335,8,343.0,2.0,1,,0.0,2.0,1.0,1.0
202100052634,1.0,1,1,1,5.0,1.0,0.0,0,-1.0,1944.0,B01,3,2,2021,10:35,1,76.0,76055,1,2,1.0,3.0,D131,"49,6361600000","0,7354900000",,76.076055,76055,Seine-Maritime,28.0,Normandie,80.0,3.0,2.0,2,1.0,28,Normandie,76,3,35,Baons-le-Comte,335,8,343.0,2.0,10,,0.0,0.0,7.0,1.0
202100052657,1.0,1,3,1,1.0,1.0,-1.0, -1,-1.0,1996.0,C01,2,2,2021,08:00,1,76.0,76410,2,1,1.0,5.0,COTE DE LA VALETTE,"49,4881600000","1,0311700000",,76.076410,76410,Seine-Maritime,28.0,Normandie,70.0,7.0,2.0,2,8.0,28,Normandie,76,3,4,Maromme,11024,122,11146.0,2.0,7,,0.0,2.0,1.0,1.0
202100052657,1.0,1,2,2,2.0,1.0,-1.0, -1,-1.0,2001.0,A01,2,2,2021,08:00,1,76.0,76410,2,1,1.0,5.0,COTE DE LA VALETTE,"49,4881600000","1,0311700000",,76.076410,76410,Seine-Maritime,28.0,Normandie,70.0,7.0,2.0,2,8.0,28,Normandie,76,3,4,Maromme,11024,122,11146.0,1.0,7,,0.0,2.0,1.0,1.0
202100052657,1.0,1,3,2,1.0,1.0,-1.0, -1,-1.0,1978.0,B01,2,2,2021,08:00,1,76.0,76410,2,1,1.0,5.0,COTE DE LA VALETTE,"49,4881600000","1,0311700000",,76.076410,76410,Seine-Maritime,28.0,Normandie,70.0,7.0,2.0,2,8.0,28,Normandie,76,3,4,Maromme,11024,122,11146.0,2.0,7,,0.0,2.0,1.0,1.0
202100052658,1.0,1,3,1,0.0,1.0,-1.0, -1,-1.0,1992.0,A01,2,2,2021,20:15,5,76.0,76351,2,1,1.0,2.0,Rue Auguste Blanqui,"49,4987300000","0,1625500000",,76.076351,76351,Seine-Maritime,28.0,Normandie,50.0,4.0,2.0,2,2.0,28,Normandie,76,2,96,LeHavre,166058,1780,167838.0,0.0,7,,0.0,2.0,1.0,1.0
202100052658,1.0,1,1,1,0.0,1.0,-1.0, -1,-1.0,1994.0,B01,2,2,2021,20:15,5,76.0,76351,2,1,1.0,2.0,Rue Auguste Blanqui,"49,4987300000","0,1625500000",,76.076351,76351,Seine-Maritime,28.0,Normandie,50.0,4.0,2.0,2,2.0,28,Normandie,76,2,96,LeHavre,166058,1780,167838.0,0.0,7,,0.0,2.0,6.0,23.0
202100052758,10.0,3,3,1,5.0,0.0,1.0,3,1.0,1944.0,A01,29,1,2021,15:20,1,76.0,76447,1,1,1.0,6.0,D489,"49,5310700000","0,1859000000",,76.076447,76447,Seine-Maritime,28.0,Normandie,90.0,3.0,3.0,5,2.0,28,Normandie,76,2,15,Montivilliers,15457,203,15660.0,2.0,10,,0.0,1.0,1.0,1.0
202100052758,1.0,1,1,1,4.0,1.0,-1.0, -1,-1.0,1986.0,A01,29,1,2021,15:20,1,76.0,76447,1,1,1.0,6.0,D489,"49,5310700000","0,1859000000",,76.076447,76447,Seine-Maritime,28.0,Normandie,90.0,3.0,3.0,5,2.0,28,Normandie,76,2,15,Montivilliers,15457,203,15660.0,2.0,10,,0.0,1.0,1.0,1.0
202100052870,2.0,2,1,2,0.0,1.0,-1.0, -1,-1.0,2000.0,A01,29,1,2021,18:21,3,76.0,76178,1,1,1.0,5.0,Rue de Tourville,"49,3109262116","1,0490017244",,76.076178,76178,Seine-Maritime,28.0,Normandie,80.0,7.0,2.0,4,2.0,28,Normandie,76,3,5,Cléon,4907,30,4937.0,1.0,7,,0.0,2.0,1.0,1.0
202100052870,1.0,1,1,1,9.0,1.0,-1.0, -1,-1.0,2000.0,A01,29,1,2021,18:21,3,76.0,76178,1,1,1.0,5.0,Rue de Tourville,"49,3109262116","1,0490017244",,76.076178,76178,Seine-Maritime,28.0,Normandie,80.0,7.0,2.0,4,2.0,28,Normandie,76,3,5,Cléon,4907,30,4937.0,1.0,7,,0.0,2.0,1.0,1.0
202100052870,1.0,1,1,1,0.0,1.0,-1.0, -1,-1.0,1972.0,C01,29,1,2021,18:21,3,76.0,76178,1,1,1.0,5.0,Rue de Tourville,"49,3109262116","1,0490017244",,76.076178,76178,Seine-Maritime,28.0,Normandie,80.0,7.0,2.0,4,2.0,28,Normandie,76,3,5,Cléon,4907,30,4937.0,1.0,7,,0.0,2.0,4.0,23.0
202100052870,1.0,1,4,1,0.0,1.0,-1.0, -1,-1.0,1969.0,B01,29,1,2021,18:21,3,76.0,76178,1,1,1.0,5.0,Rue de Tourville,"49,3109262116","1,0490017244",,76.076178,76178,Seine-Maritime,28.0,Normandie,80.0,7.0,2.0,4,2.0,28,Normandie,76,3,5,Cléon,4907,30,4937.0,1.0,7,,0.0,2.0,4.0,23.0
202100052871,2.0,2,1,2,0.0,1.0,0.0,0,-1.0,1995.0,B01,31,1,2021,12:45,1,76.0,76486,1,1,1.0,1.0,Côte de la Maison Brûlée (D132),"49,3159400000","0,9865800000",,76.076486,76486,Seine-Maritime,28.0,Normandie,80.0,7.0,2.0,2,2.0,28,Normandie,76,3,9,Orival,860,5,865.0,1.0,7,,0.0,2.0,1.0,1.0
202100052871,1.0,1,4,1,0.0,1.0,-1.0, -1,-1.0,1993.0,B01,31,1,2021,12:45,1,76.0,76486,1,1,1.0,1.0,Côte de la Maison Brûlée (D132),"49,3159400000","0,9865800000",,76.076486,76486,Seine-Maritime,28.0,Normandie,80.0,7.0,2.0,2,2.0,28,Normandie,76,3,9,Orival,860,5,865.0,1.0,7,,0.0,2.0,1.0,1.0
202100052871,1.0,1,4,2,1.0,1.0,-1.0, -1,-1.0,1992.0,A01,31,1,2021,12:45,1,76.0,76486,1,1,1.0,1.0,Côte de la Maison Brûlée (D132),"49,3159400000","0,9865800000",,76.076486,76486,Seine-Maritime,28.0,Normandie,80.0,7.0,2.0,2,2.0,28,Normandie,76,3,9,Orival,860,5,865.0,2.0,7,,0.0,2.0,1.0,1.0
202100052872,1.0,1,4,1,1.0,2.0,-1.0, -1,-1.0,1990.0,A01,30,1,2021,14:20,1,76.0,76351,2,6,2.0,7.0,VERDUN (RUE DE),"49,5034000000","0,1920800000",,76.076351,76351,Seine-Maritime,28.0,Normandie,50.0,4.0,2.0,2,2.0,28,Normandie,76,2,96,LeHavre,166058,1780,167838.0,1.0,30,,0.0,0.0,0.0,0.0
202100052948,1.0,1,1,1,4.0,1.0,0.0,0,-1.0,1978.0,A01,1,2,2021,19:08,3,76.0,76484,1,1,1.0,2.0,Autoroute A13 PK 112+034 sens PARIS/Province,"49,3401230000","1,0685170000",,76.076484,76484,Seine-Maritime,28.0,Normandie,110.0,1.0,1.0,4,1.0,28,Normandie,76,3,31,Oissel,12367,83,12450.0,1.0,17,,0.0,2.0,2.0,2.0
202100052948,1.0,1,3,1,5.0,1.0,0.0,0,-1.0,1950.0,B01,1,2,2021,19:08,3,76.0,76484,1,1,1.0,2.0,Autoroute A13 PK 112+034 sens PARIS/Province,"49,3401230000","1,0685170000",,76.076484,76484,Seine-Maritime,28.0,Normandie,110.0,1.0,1.0,4,1.0,28,Normandie,76,3,31,Oissel,12367,83,12450.0,1.0,7,,0.0,0.0,4.0,2.0
202100052948,2.0,2,4,2,5.0,1.0,0.0,0,-1.0,1955.0,B01,1,2,2021,19:08,3,76.0,76484,1,1,1.0,2.0,Autoroute A13 PK 112+034 sens PARIS/Province,"49,3401230000","1,0685170000",,76.076484,76484,Seine-Maritime,28.0,Normandie,110.0,1.0,1.0,4,1.0,28,Normandie,76,3,31,Oissel,12367,83,12450.0,1.0,7,,0.0,0.0,4.0,2.0
202100053048,1.0,1,2,1,1.0,2.0,-1.0, -1,-1.0,1997.0,A01,30,1,2021,22:45,5,76.0,76540,2,1,3.0,6.0,Avenue du Mont Riboudet,"49,4453000000","1,0731700000",,76.076540,76540,Seine-Maritime,28.0,Normandie,50.0,7.0,1.0,8,2.0,28,Normandie,76,3,97,Rouen,114083,1556,115639.0,1.0,33,,12.0,0.0,3.0,1.0
202100053180,10.0,3,3,2,5.0,0.0,1.0,3,2.0,1947.0,A01,25,1,2021,16:00,1,76.0,76540,2,1,1.0,6.0,RENAUD. RUE DE L'ENSEIGNE,"49,4348634313","1,1254390882",,76.076540,76540,Seine-Maritime,28.0,Normandie,50.0,4.0,2.0,2,2.0,28,Normandie,76,3,97,Rouen,114083,1556,115639.0,0.0,7,,0.0,2.0,1.0,1.0
202100053180,10.0,3,3,1,5.0,0.0,1.0,3,2.0,1940.0,A01,25,1,2021,16:00,1,76.0,76540,2,1,1.0,6.0,RENAUD. RUE DE L'ENSEIGNE,"49,4348634313","1,1254390882",,76.076540,76540,Seine-Maritime,28.0,Normandie,50.0,4.0,2.0,2,2.0,28,Normandie,76,3,97,Rouen,114083,1556,115639.0,0.0,7,,0.0,2.0,1.0,1.0
202100053180,1.0,1,1,2,1.0,1.0,-1.0, -1,-1.0,1973.0,A01,25,1,2021,16:00,1,76.0,76540,2,1,1.0,6.0,RENAUD. RUE DE L'ENSEIGNE,"49,4348634313","1,1254390882",,76.076540,76540,Seine-Maritime,28.0,Normandie,50.0,4.0,2.0,2,2.0,28,Normandie,76,3,97,Rouen,114083,1556,115639.0,0.0,7,,0.0,2.0,1.0,1.0
202100053181,1.0,1,1,1,0.0,1.0,-1.0, -1,-1.0,2001.0,A01,23,1,2021,16:10,1,76.0,76575,2,1,1.0,6.0,CATELIERS. RUE DES,"49,3887500000","1,0805100000",,76.076575,76575,Seine-Maritime,28.0,Normandie,50.0,4.0,2.0,2,2.0,28,Normandie,76,3,98,Saint-Étienne-du-Rouvray,28508,225,28733.0,0.0,7,,0.0,2.0,1.0,13.0
202100053181,1.0,1,1,2,1.0,1.0,-1.0, -1,-1.0,1981.0,B01,23,1,2021,16:10,1,76.0,76575,2,1,1.0,6.0,CATELIERS. RUE DES,"49,3887500000","1,0805100000",,76.076575,76575,Seine-Maritime,28.0,Normandie,50.0,4.0,2.0,2,2.0,28,Normandie,76,3,98,Saint-Étienne-du-Rouvray,28508,225,28733.0,0.0,7,,0.0,2.0,8.0,1.0
202100053181,1.0,1,4,1,1.0,1.0,-1.0, -1,-1.0,1980.0,C01,23,1,2021,16:10,1,76.0,76575,2,1,1.0,6.0,CATELIERS. RUE DES,"49,3887500000","1,0805100000",,76.076575,76575,Seine-Maritime,28.0,Normandie,50.0,4.0,2.0,2,2.0,28,Normandie,76,3,98,Saint-Étienne-du-Rouvray,28508,225,28733.0,0.0,7,,0.0,2.0,1.0,1.0
202100053182,1.0,1,1,1,1.0,1.0,-1.0, -1,-1.0,1990.0,A01,22,1,2021,18:15,5,76.0,76540,2,1,1.0,6.0,MARNE. BOULEVARD DE LA,"49,4471300000","1,0940100000",,76.076540,76540,Seine-Maritime,28.0,Normandie,50.0,7.0,2.0,4,1.0,28,Normandie,76,3,97,Rouen,114083,1556,115639.0,1.0,7,,0.0,1.0,1.0,1.0
202100053182,10.0,3,3,1,1.0,0.0,2.0,3,1.0,1971.0,A01,22,1,2021,18:15,5,76.0,76540,2,1,1.0,6.0,MARNE. BOULEVARD DE LA,"49,4471300000","1,0940100000",,76.076540,76540,Seine-Maritime,28.0,Normandie,50.0,7.0,2.0,4,1.0,28,Normandie,76,3,97,Rouen,114083,1556,115639.0,1.0,7,,0.0,1.0,1.0,1.0
202100053183,1.0,1,1,1,0.0,1.0,-1.0, -1,-1.0,1979.0,A01,18,1,2021,18:00,5,76.0,76540,2,2,1.0,3.0,RONDEAUX. AVENUE JEAN,"49,4318500000","1,0741000000",,76.076540,76540,Seine-Maritime,28.0,Normandie,50.0,7.0,2.0,2,1.0,28,Normandie,76,3,97,Rouen,114083,1556,115639.0,1.0,7,,0.0,2.0,3.0,7.0
202100053183,9.0,2,4,2,2.0,1.0,-1.0, -1,-1.0,2004.0,B01,18,1,2021,18:00,5,76.0,76540,2,2,1.0,3.0,RONDEAUX. AVENUE JEAN,"49,4318500000","1,0741000000",,76.076540,76540,Seine-Maritime,28.0,Normandie,50.0,7.0,2.0,2,1.0,28,Normandie,76,3,97,Rouen,114083,1556,115639.0,1.0,37,5.0,0.0,2.0,2.0,1.0
202100053183,9.0,2,4,2,2.0,1.0,-1.0, -1,-1.0,2007.0,B01,18,1,2021,18:00,5,76.0,76540,2,2,1.0,3.0,RONDEAUX. AVENUE JEAN,"49,4318500000","1,0741000000",,76.076540,76540,Seine-Maritime,28.0,Normandie,50.0,7.0,2.0,2,1.0,28,Normandie,76,3,97,Rouen,114083,1556,115639.0,1.0,37,5.0,0.0,2.0,2.0,1.0
202100053183,1.0,1,1,1,4.0,1.0,-1.0, -1,-1.0,1984.0,B01,18,1,2021,18:00,5,76.0,76540,2,2,1.0,3.0,RONDEAUX. AVENUE JEAN,"49,4318500000","1,0741000000",,76.076540,76540,Seine-Maritime,28.0,Normandie,50.0,7.0,2.0,2,1.0,28,Normandie,76,3,97,Rouen,114083,1556,115639.0,1.0,37,5.0,0.0,2.0,2.0,1.0
202100053183,7.0,2,4,2,2.0,8.0,-1.0, -1,-1.0,2004.0,B01,18,1,2021,18:00,5,76.0,76540,2,2,1.0,3.0,RONDEAUX. AVENUE JEAN,"49,4318500000","1,0741000000",,76.076540,76540,Seine-Maritime,28.0,Normandie,50.0,7.0,2.0,2,1.0,28,Normandie,76,3,97,Rouen,114083,1556,115639.0,1.0,37,5.0,0.0,2.0,2.0,1.0
202100053183,7.0,2,3,2,1.0,1.0,-1.0, -1,-1.0,2001.0,B01,18,1,2021,18:00,5,76.0,76540,2,2,1.0,3.0,RONDEAUX. AVENUE JEAN,"49,4318500000","1,0741000000",,76.076540,76540,Seine-Maritime,28.0,Normandie,50.0,7.0,2.0,2,1.0,28,Normandie,76,3,97,Rouen,114083,1556,115639.0,1.0,37,5.0,0.0,2.0,2.0,1.0
202100053438,2.0,2,1,1,0.0,1.0,-1.0, -1,-1.0,2008.0,B01,27,1,2021,17:05,2,76.0,76414,2,1,2.0,2.0,D920,"49,9196720000","1,1322690000",,76.076414,76414,Seine-Maritime,28.0,Normandie,50.0,3.0,2.0,2,2.0,28,Normandie,76,1,8,Martin-Église,1600,55,1655.0,1.0,7,,0.0,0.0,4.0,1.0
202100053438,1.0,1,3,2,0.0,1.0,-1.0, -1,-1.0,1972.0,B01,27,1,2021,17:05,2,76.0,76414,2,1,2.0,2.0,D920,"49,9196720000","1,1322690000",,76.076414,76414,Seine-Maritime,28.0,Normandie,50.0,3.0,2.0,2,2.0,28,Normandie,76,1,8,Martin-Église,1600,55,1655.0,1.0,7,,0.0,0.0,4.0,1.0