Num_Acc,place,catu,grav,sexe,trajet,secu,locp,actp,etatp,an_nais,num_veh,jour,mois,an,hrmn,lum,dep,com,agg,int,atm,col,adr,lat,long,gps,com_insee_temp,com_insee,departmentName,regionCode,regionName,vma,catr,circ,nbv,surf,Code,Region,Departement,Arrondissement,Code_Canton,Nom_Commune,Population_municipaLe,Population_comptee_a_part,Population_Totale,senc,catv,occutc,obs,obsm,choc,manv
202000001607,1.0,1,4,1,1.0,8.0,-1.0, -1,-1.0,1987.0,A01,17,9,2020,17:20,1,76.0,76498,2,1,1.0,-1.0,JAURES. AVENUE JEAN,"49,4274700","1,0667600",,76.076498,76498,Seine-Maritime,28.0,Normandie,30.0,3.0,1.0,1,1.0,28,Normandie,76,3,27,LePetit-Quevilly,21782,274,22056.0,2.0,50,,0.0,2.0,1.0,18.0
202000001608,1.0,1,4,1,1.0,2.0,-1.0, -1,-1.0,1998.0,A01,17,9,2020,13:10,1,76.0,76366,2,1,1.0,1.0,FRESQUIENNES. ROUTE DE (CD 124),"49,5107200","1,0329000",,76.076366,76366,Seine-Maritime,28.0,Normandie,50.0,3.0,2.0,2,1.0,28,Normandie,76,3,24,LeHoulme,4133,32,4165.0,0.0,33,,0.0,2.0,1.0,13.0
202000001608,1.0,1,4,2,5.0,1.0,-1.0, -1,-1.0,1980.0,B01,17,9,2020,13:10,1,76.0,76366,2,1,1.0,1.0,FRESQUIENNES. ROUTE DE (CD 124),"49,5107200","1,0329000",,76.076366,76366,Seine-Maritime,28.0,Normandie,50.0,3.0,2.0,2,1.0,28,Normandie,76,3,24,LeHoulme,4133,32,4165.0,0.0,7,,0.0,2.0,1.0,1.0
202000001609,10.0,3,4,1,5.0,0.0,8.0,9,1.0,2010.0,A01,16,9,2020,19:50,2,76.0,76366,2,3,1.0,7.0,SAINT JEAN. ROUTE DE,"49,5101100","1,0315800",,76.076366,76366,Seine-Maritime,28.0,Normandie,50.0,3.0,2.0,2,1.0,28,Normandie,76,3,24,LeHoulme,4133,32,4165.0,2.0,7,,0.0,1.0,1.0,15.0
202000001609,1.0,1,1,1,5.0,1.0,-1.0, -1,-1.0,1987.0,A01,16,9,2020,19:50,2,76.0,76366,2,3,1.0,7.0,SAINT JEAN. ROUTE DE,"49,5101100","1,0315800",,76.076366,76366,Seine-Maritime,28.0,Normandie,50.0,3.0,2.0,2,1.0,28,Normandie,76,3,24,LeHoulme,4133,32,4165.0,2.0,7,,0.0,1.0,1.0,15.0
202000001764,2.0,2,1,2,0.0,1.0,-1.0, -1,-1.0,1944.0,C01,19,6,2020,17:10,1,76.0,76351,2,2,1.0,-1.0,VALLEE (RUE DE LA),"49,4950800","0,1552200",,76.076351,76351,Seine-Maritime,28.0,Normandie,50.0,4.0,2.0,2,1.0,28,Normandie,76,2,96,LeHavre,166058,1780,167838.0,1.0,7,,0.0,2.0,3.0,1.0
202000001764,1.0,1,4,1,5.0,1.0,0.0,0,-1.0,1948.0,C01,19,6,2020,17:10,1,76.0,76351,2,2,1.0,-1.0,VALLEE (RUE DE LA),"49,4950800","0,1552200",,76.076351,76351,Seine-Maritime,28.0,Normandie,50.0,4.0,2.0,2,1.0,28,Normandie,76,2,96,LeHavre,166058,1780,167838.0,1.0,7,,0.0,2.0,3.0,1.0
202000001764,1.0,1,1,1,0.0,8.0,-1.0, -1,-1.0,1995.0,B01,19,6,2020,17:10,1,76.0,76351,2,2,1.0,-1.0,VALLEE (RUE DE LA),"49,4950800","0,1552200",,76.076351,76351,Seine-Maritime,28.0,Normandie,50.0,4.0,2.0,2,1.0,28,Normandie,76,2,96,LeHavre,166058,1780,167838.0,1.0,7,,0.0,2.0,2.0,9.0
202000001765,10.0,3,4,1,3.0,8.0,3.0,3,1.0,1950.0,A01,22,6,2020,10:00,1,76.0,76217,2,1,1.0,6.0,AVENUE JEAN JAURES,"49,9101090","1,0668969",,76.076217,76217,Seine-Maritime,28.0,Normandie,50.0,4.0,2.0,2,1.0,28,Normandie,76,1,95,Dieppe,28358,455,28813.0,1.0,30,,0.0,1.0,1.0,0.0
202000001765,1.0,1,1,2,3.0,2.0,-1.0, -1,-1.0,1976.0,A01,22,6,2020,10:00,1,76.0,76217,2,1,1.0,6.0,AVENUE JEAN JAURES,"49,9101090","1,0668969",,76.076217,76217,Seine-Maritime,28.0,Normandie,50.0,4.0,2.0,2,1.0,28,Normandie,76,1,95,Dieppe,28358,455,28813.0,1.0,30,,0.0,1.0,1.0,0.0
202000001832,1.0,1,4,1,5.0,2.0,0.0,0,-1.0,1980.0,A01,18,10,2020,16:55,1,76.0,76549,1,1,1.0,7.0,D149,"49,7569970","0,9149980",,76.076549,76549,Seine-Maritime,28.0,Normandie,80.0,3.0,2.0,2,1.0,28,Normandie,76,1,20,Saâne-Saint-Just,140,6,146.0,1.0,2,,0.0,0.0,8.0,1.0
202000001892,1.0,1,1,1,0.0,1.0,-1.0, -1,-1.0,1988.0,A01,16,10,2020,08:40,1,76.0,76575,2,6,1.0,2.0,MARE AUX DAIMS. AVENUE DE LA,"49,3897600","1,0714500",,76.076575,76575,Seine-Maritime,28.0,Normandie,50.0,4.0,1.0,2,1.0,28,Normandie,76,3,98,Saint-Étienne-du-Rouvray,28508,225,28733.0,0.0,7,,0.0,2.0,1.0,1.0
202000001892,1.0,1,4,1,1.0,8.0,-1.0, -1,-1.0,1993.0,B01,16,10,2020,08:40,1,76.0,76575,2,6,1.0,2.0,MARE AUX DAIMS. AVENUE DE LA,"49,3897600","1,0714500",,76.076575,76575,Seine-Maritime,28.0,Normandie,50.0,4.0,1.0,2,1.0,28,Normandie,76,3,98,Saint-Étienne-du-Rouvray,28508,225,28733.0,0.0,50,,0.0,2.0,4.0,1.0
202000002026,1.0,1,1,1,5.0,1.0,0.0,0,-1.0,1987.0,B01,17,10,2020,08:50,1,76.0,76504,1,2,1.0,3.0,300 Route de Fontaine,"49,8081753","0,7530765",,76.076504,76504,Seine-Maritime,28.0,Normandie,80.0,3.0,2.0,2,1.0,28,Normandie,76,1,33,Pleine-Sève,125,2,127.0,1.0,7,,0.0,2.0,1.0,19.0
202000002026,1.0,1,3,2,5.0,1.0,0.0,0,-1.0,1944.0,A01,17,10,2020,08:50,1,76.0,76504,1,2,1.0,3.0,300 Route de Fontaine,"49,8081753","0,7530765",,76.076504,76504,Seine-Maritime,28.0,Normandie,80.0,3.0,2.0,2,1.0,28,Normandie,76,1,33,Pleine-Sève,125,2,127.0,1.0,7,,12.0,2.0,8.0,1.0
202000002124,2.0,2,3,2,5.0,1.0,0.0,0,-1.0,1965.0,A01,2,8,2020,19:00,1,76.0,76054,1,1,1.0,-1.0,CD149,"49,9016330","1,3967950",,76.076054,76054,Seine-Maritime,28.0,Normandie,80.0,3.0,2.0,2,1.0,28,Normandie,76,1,8,Bailly-en-Rivière,518,10,528.0,1.0,7,,0.0,2.0,3.0,1.0
202000002124,1.0,1,1,1,5.0,1.0,0.0,0,-1.0,1968.0,A01,2,8,2020,19:00,1,76.0,76054,1,1,1.0,-1.0,CD149,"49,9016330","1,3967950",,76.076054,76054,Seine-Maritime,28.0,Normandie,80.0,3.0,2.0,2,1.0,28,Normandie,76,1,8,Bailly-en-Rivière,518,10,528.0,1.0,7,,0.0,2.0,3.0,1.0
202000002124,1.0,1,1,1,5.0,1.0,0.0,0,-1.0,1966.0,B01,2,8,2020,19:00,1,76.0,76054,1,1,1.0,-1.0,CD149,"49,9016330","1,3967950",,76.076054,76054,Seine-Maritime,28.0,Normandie,80.0,3.0,2.0,2,1.0,28,Normandie,76,1,8,Bailly-en-Rivière,518,10,528.0,2.0,10,,0.0,2.0,8.0,1.0
202000002346,1.0,1,3,1,0.0,2.0,-1.0, -1,-1.0,1980.0,B01,22,7,2020,18:55,1,76.0,76540,2,2,1.0,3.0,FRANCE. QUAI DE,"49,4399000","1,0652000",,76.076540,76540,Seine-Maritime,28.0,Normandie,50.0,4.0,3.0,5,1.0,28,Normandie,76,3,97,Rouen,114083,1556,115639.0,0.0,34,,0.0,2.0,1.0,1.0
202000002346,1.0,1,1,1,5.0,1.0,-1.0, -1,-1.0,1978.0,A01,22,7,2020,18:55,1,76.0,76540,2,2,1.0,3.0,FRANCE. QUAI DE,"49,4399000","1,0652000",,76.076540,76540,Seine-Maritime,28.0,Normandie,50.0,4.0,3.0,5,1.0,28,Normandie,76,3,97,Rouen,114083,1556,115639.0,2.0,7,,0.0,2.0,2.0,15.0
202000002347,1.0,1,1,1,9.0,1.0,-1.0, -1,-1.0,1983.0,A01,22,7,2020,20:45,1,76.0,76351,2,1,1.0,1.0,SALVADOR ALLENDE (RUE),"49,5045477","0,1400154",,76.076351,76351,Seine-Maritime,28.0,Normandie,50.0,4.0,2.0,2,1.0,28,Normandie,76,2,96,LeHavre,166058,1780,167838.0,0.0,7,,0.0,2.0,1.0,13.0
202000002347,1.0,1,4,2,0.0,1.0,-1.0, -1,-1.0,1971.0,B01,22,7,2020,20:45,1,76.0,76351,2,1,1.0,1.0,SALVADOR ALLENDE (RUE),"49,5045477","0,1400154",,76.076351,76351,Seine-Maritime,28.0,Normandie,50.0,4.0,2.0,2,1.0,28,Normandie,76,2,96,LeHavre,166058,1780,167838.0,0.0,7,,1.0,2.0,1.0,1.0
202000002510,1.0,1,3,1,5.0,1.0,0.0,0,-1.0,1986.0,B01,10,1,2020,06:25,3,76.0,76484,1,1,1.0,2.0,"Autoroute A13, PK 111.680 en direction de paris","49,3379750","1,0720490",,76.076484,76484,Seine-Maritime,28.0,Normandie,110.0,1.0,1.0,5,1.0,28,Normandie,76,3,31,Oissel,12367,83,12450.0,2.0,7,,0.0,2.0,6.0,1.0
202000002510,1.0,1,4,1,5.0,1.0,0.0,0,-1.0,1997.0,A01,10,1,2020,06:25,3,76.0,76484,1,1,1.0,2.0,"Autoroute A13, PK 111.680 en direction de paris","49,3379750","1,0720490",,76.076484,76484,Seine-Maritime,28.0,Normandie,110.0,1.0,1.0,5,1.0,28,Normandie,76,3,31,Oissel,12367,83,12450.0,2.0,7,,0.0,2.0,2.0,12.0
202000002547,10.0,3,3,1,5.0,0.0,8.0,2,2.0,1977.0,A01,23,8,2020,09:11,1,76.0,76498,2,2,1.0,6.0,JAURES. AVENUE JEAN,"49,4251700","1,0569700",,76.076498,76498,Seine-Maritime,28.0,Normandie,50.0,3.0,3.0,4,1.0,28,Normandie,76,3,27,LePetit-Quevilly,21782,274,22056.0,2.0,7,,2.0,1.0,9.0,15.0
202000002547,10.0,3,3,2,5.0,0.0,8.0,2,2.0,2010.0,A01,23,8,2020,09:11,1,76.0,76498,2,2,1.0,6.0,JAURES. AVENUE JEAN,"49,4251700","1,0569700",,76.076498,76498,Seine-Maritime,28.0,Normandie,50.0,3.0,3.0,4,1.0,28,Normandie,76,3,27,LePetit-Quevilly,21782,274,22056.0,2.0,7,,2.0,1.0,9.0,15.0
202000002547,1.0,1,4,1,5.0,1.0,-1.0, -1,-1.0,1997.0,A01,23,8,2020,09:11,1,76.0,76498,2,2,1.0,6.0,JAURES. AVENUE JEAN,"49,4251700","1,0569700",,76.076498,76498,Seine-Maritime,28.0,Normandie,50.0,3.0,3.0,4,1.0,28,Normandie,76,3,27,LePetit-Quevilly,21782,274,22056.0,2.0,7,,2.0,1.0,9.0,15.0
202000002654,1.0,1,4,1,5.0,2.0,-1.0, -1,-1.0,1946.0,B01,12,7,2020,12:30,1,76.0,76157,1,1,1.0,3.0,VAUPALIERE. ROUTE DE LA,"49,4635546","1,0201138",,76.076157,76157,Seine-Maritime,28.0,Normandie,30.0,3.0,2.0,1,1.0,28,Normandie,76,3,4,Canteleu,13966,360,14326.0,1.0,1,,0.0,2.0,1.0,1.0
202000002655,1.0,1,1,1,5.0,1.0,-1.0, -1,-1.0,1996.0,A01,23,5,2020,09:40,1,76.0,76540,2,7,1.0,6.0,CAUCHOISE. PLACE,"49,4456600","1,0867000",,76.076540,76540,Seine-Maritime,28.0,Normandie,50.0,3.0,2.0,4,1.0,28,Normandie,76,3,97,Rouen,114083,1556,115639.0,0.0,7,,0.0,1.0,3.0,1.0
202000002655,10.0,3,4,1,5.0,0.0,4.0,3,1.0,1953.0,A01,23,5,2020,09:40,1,76.0,76540,2,7,1.0,6.0,CAUCHOISE. PLACE,"49,4456600","1,0867000",,76.076540,76540,Seine-Maritime,28.0,Normandie,50.0,3.0,2.0,4,1.0,28,Normandie,76,3,97,Rouen,114083,1556,115639.0,0.0,7,,0.0,1.0,3.0,1.0
202000002857,2.0,2,1,1,5.0,2.0,0.0,0,-1.0,2011.0,A01,29,11,2020,17:40,3,76.0,76684,1,6,5.0,7.0,D982,"49,4834890","0,4434980",,76.076684,76684,Seine-Maritime,28.0,Normandie,50.0,3.0,1.0,1,2.0,28,Normandie,76,2,3,TancarvilLe1218,24,1242,,2.0,33,,0.0,0.0,0.0,1.0
202000002857,1.0,1,3,1,5.0,2.0,0.0,0,-1.0,1979.0,A01,29,11,2020,17:40,3,76.0,76684,1,6,5.0,7.0,D982,"49,4834890","0,4434980",,76.076684,76684,Seine-Maritime,28.0,Normandie,50.0,3.0,1.0,1,2.0,28,Normandie,76,2,3,TancarvilLe1218,24,1242,,2.0,33,,0.0,0.0,0.0,1.0
202000002973,1.0,1,1,1,0.0,1.0,-1.0, -1,-1.0,1989.0,B01,18,5,2020,00:29,5,76.0,76575,2,1,1.0,3.0,VELAY. RUE DU,"49,3744700","1,0975100",,76.076575,76575,Seine-Maritime,28.0,Normandie,50.0,4.0,2.0,2,1.0,28,Normandie,76,3,98,Saint-Étienne-du-Rouvray,28508,225,28733.0,0.0,7,,0.0,2.0,1.0,1.0
202000002973,1.0,1,4,1,0.0,8.0,-1.0,0,-1.0,1976.0,SA01,18,5,2020,00:29,5,76.0,76575,2,1,1.0,3.0,VELAY. RUE DU,"49,3744700","1,0975100",,76.076575,76575,Seine-Maritime,28.0,Normandie,50.0,4.0,2.0,2,1.0,28,Normandie,76,3,98,Saint-Étienne-du-Rouvray,28508,225,28733.0,0.0,80,,0.0,2.0,8.0,19.0
202000002974,1.0,1,4,2,5.0,1.0,-1.0, -1,-1.0,1988.0,B01,17,5,2020,16:35,1,76.0,76212,2,3,1.0,3.0,CARNOT. RUE SADI,"49,4408600","1,1471200",,76.076212,76212,Seine-Maritime,28.0,Normandie,50.0,3.0,2.0,2,1.0,28,Normandie,76,3,6,Darnétal,9738,74,9812.0,1.0,7,,0.0,2.0,8.0,1.0
202000002974,1.0,1,4,1,5.0,1.0,-1.0, -1,-1.0,1996.0,A01,17,5,2020,16:35,1,76.0,76212,2,3,1.0,3.0,CARNOT. RUE SADI,"49,4408600","1,1471200",,76.076212,76212,Seine-Maritime,28.0,Normandie,50.0,3.0,2.0,2,1.0,28,Normandie,76,3,6,Darnétal,9738,74,9812.0,1.0,7,,9.0,2.0,1.0,1.0
202000003159,1.0,1,1,2,5.0,1.0,0.0,0,-1.0,1964.0,A01,6,3,2020,09:45,1,76.0,76711,2,1,1.0,2.0,D925 D,"50,0399450","1,3971350",,76.076711,76711,Seine-Maritime,28.0,Normandie,80.0,3.0,2.0,2,1.0,28,Normandie,76,1,10,LeTréport,4424,91,4515.0,2.0,7,,0.0,2.0,6.0,1.0
202000003159,1.0,1,3,1,5.0,2.0,0.0,0,-1.0,1973.0,B01,6,3,2020,09:45,1,76.0,76711,2,1,1.0,2.0,D925 D,"50,0399450","1,3971350",,76.076711,76711,Seine-Maritime,28.0,Normandie,80.0,3.0,2.0,2,1.0,28,Normandie,76,1,10,LeTréport,4424,91,4515.0,2.0,33,,0.0,2.0,1.0,2.0
202000003215,10.0,3,4,2,5.0,8.0,3.0,3,1.0,1921.0,Z01,3,3,2020,14:45,1,76.0,76108,2,3,3.0,6.0,POUCHET. RUE MAX,"49,4704100","1,1149700",,76.076108,76108,Seine-Maritime,28.0,Normandie,50.0,4.0,2.0,2,2.0,28,Normandie,76,3,2,Bois-Guillaume,14262,361,14623.0,0.0,7,,0.0,1.0,1.0,15.0
202000003437,1.0,1,3,1,9.0,2.0,0.0,0,-1.0,1996.0,B01,19,9,2020,07:00,2,76.0,76057,1,1,1.0,1.0,Route de Fresquiennes,"49,5457730","0,9731220",,76.076057,76057,Seine-Maritime,28.0,Normandie,80.0,3.0,4.0,1,1.0,28,Normandie,76,3,1,Barentin,12154,238,12392.0,2.0,2,,0.0,2.0,1.0,1.0
202000003728,2.0,2,4,2,0.0,1.0,-1.0, -1,-1.0,1996.0,B01,31,1,2020,20:35,5,76.0,76410,2,1,1.0,2.0,REPUBLIQUE. RUE DE LA,"49,4760100","1,0429000",,76.076410,76410,Seine-Maritime,28.0,Normandie,30.0,3.0,2.0,4,1.0,28,Normandie,76,3,4,Maromme,11024,122,11146.0,0.0,7,,0.0,2.0,4.0,0.0
202000003728,1.0,1,4,2,0.0,1.0,-1.0, -1,-1.0,1970.0,B01,31,1,2020,20:35,5,76.0,76410,2,1,1.0,2.0,REPUBLIQUE. RUE DE LA,"49,4760100","1,0429000",,76.076410,76410,Seine-Maritime,28.0,Normandie,30.0,3.0,2.0,4,1.0,28,Normandie,76,3,4,Maromme,11024,122,11146.0,0.0,7,,0.0,2.0,4.0,0.0
202000003728,1.0,1,1,1,0.0,1.0,-1.0, -1,-1.0,1983.0,A01,31,1,2020,20:35,5,76.0,76410,2,1,1.0,2.0,REPUBLIQUE. RUE DE LA,"49,4760100","1,0429000",,76.076410,76410,Seine-Maritime,28.0,Normandie,30.0,3.0,2.0,4,1.0,28,Normandie,76,3,4,Maromme,11024,122,11146.0,0.0,7,,0.0,2.0,1.0,2.0
202000003797,2.0,2,1,2,5.0,1.0,0.0,0,-1.0,1964.0,A01,2,2,2020,19:30,3,76.0,76594,1,3,2.0,3.0,Route du Havre,"49,4909970","1,0151730",,76.076594,76594,Seine-Maritime,28.0,Normandie,80.0,3.0,2.0,3,2.0,28,Normandie,76,3,24,Saint-Jean-du-Cardonnay,1340,27,1367.0,1.0,7,,0.0,2.0,1.0,15.0
202000003797,1.0,1,1,1,1.0,1.0,0.0,0,-1.0,1970.0,A01,2,2,2020,19:30,3,76.0,76594,1,3,2.0,3.0,Route du Havre,"49,4909970","1,0151730",,76.076594,76594,Seine-Maritime,28.0,Normandie,80.0,3.0,2.0,3,2.0,28,Normandie,76,3,24,Saint-Jean-du-Cardonnay,1340,27,1367.0,1.0,7,,0.0,2.0,1.0,15.0
202000003797,1.0,1,3,1,5.0,2.0,0.0,0,-1.0,1999.0,B01,2,2,2020,19:30,3,76.0,76594,1,3,2.0,3.0,Route du Havre,"49,4909970","1,0151730",,76.076594,76594,Seine-Maritime,28.0,Normandie,80.0,3.0,2.0,3,2.0,28,Normandie,76,3,24,Saint-Jean-du-Cardonnay,1340,27,1367.0,2.0,2,,0.0,2.0,8.0,1.0
202000003798,1.0,1,2,2,0.0,1.0,0.0,0,-1.0,1949.0,A01,1,2,2020,23:10,5,76.0,76648,1,1,1.0,6.0,210 Avenue du General Hely d'Oissel,"49,6686830","1,2719040",,76.076648,76648,Seine-Maritime,28.0,Normandie,70.0,3.0,2.0,2,2.0,28,Normandie,76,1,23,Saint-Saëns,2317,20,2337.0,2.0,7,,13.0,0.0,1.0,13.0
202000003869,1.0,1,4,2,5.0,1.0,-1.0, -1,-1.0,1994.0,A01,21,7,2020,17:00,1,76.0,76351,2,1,1.0,2.0,REPUBLIQUE (COURS DE LA),"49,5017200","0,1312400",,76.076351,76351,Seine-Maritime,28.0,Normandie,50.0,4.0,3.0,6,1.0,28,Normandie,76,2,96,LeHavre,166058,1780,167838.0,1.0,7,,0.0,2.0,1.0,1.0
202000003869,2.0,2,4,2,5.0,1.0,-1.0, -1,-1.0,2001.0,A01,21,7,2020,17:00,1,76.0,76351,2,1,1.0,2.0,REPUBLIQUE (COURS DE LA),"49,5017200","0,1312400",,76.076351,76351,Seine-Maritime,28.0,Normandie,50.0,4.0,3.0,6,1.0,28,Normandie,76,2,96,LeHavre,166058,1780,167838.0,1.0,7,,0.0,2.0,1.0,1.0
202000003869,1.0,1,1,1,5.0,1.0,-1.0, -1,-1.0,1972.0,B01,21,7,2020,17:00,1,76.0,76351,2,1,1.0,2.0,REPUBLIQUE (COURS DE LA),"49,5017200","0,1312400",,76.076351,76351,Seine-Maritime,28.0,Normandie,50.0,4.0,3.0,6,1.0,28,Normandie,76,2,96,LeHavre,166058,1780,167838.0,1.0,7,,0.0,2.0,4.0,23.0
202000003870,1.0,1,4,2,5.0,1.0,-1.0, -1,-1.0,1988.0,A01,22,7,2020,02:25,5,76.0,76351,2,1,1.0,6.0,SALVADOR ALLENDE (RUE),"49,5046700","0,1392200",,76.076351,76351,Seine-Maritime,28.0,Normandie,50.0,4.0,2.0,2,1.0,28,Normandie,76,2,96,LeHavre,166058,1780,167838.0,0.0,7,,1.0,0.0,1.0,14.0
202000003964,1.0,1,1,1,0.0,1.0,0.0,0,-1.0,1973.0,A01,22,7,2020,13:15,1,76.0,76734,1,5,1.0,4.0,D925,"49,6041150","0,2790460",,76.076734,76734,Seine-Maritime,28.0,Normandie,70.0,3.0,2.0,2,1.0,28,Normandie,76,2,26,Vergetot,440,11,451.0,1.0,7,,0.0,0.0,4.0,1.0
202000003964,1.0,1,3,2,9.0,1.0,0.0,0,-1.0,1996.0,C01,22,7,2020,13:15,1,76.0,76734,1,5,1.0,4.0,D925,"49,6041150","0,2790460",,76.076734,76734,Seine-Maritime,28.0,Normandie,70.0,3.0,2.0,2,1.0,28,Normandie,76,2,26,Vergetot,440,11,451.0,1.0,7,,0.0,0.0,1.0,1.0
202000003964,1.0,1,1,1,0.0,1.0,0.0,0,-1.0,1979.0,B01,22,7,2020,13:15,1,76.0,76734,1,5,1.0,4.0,D925,"49,6041150","0,2790460",,76.076734,76734,Seine-Maritime,28.0,Normandie,70.0,3.0,2.0,2,1.0,28,Normandie,76,2,26,Vergetot,440,11,451.0,1.0,7,,0.0,0.0,4.0,1.0
202000004057,2.0,2,4,2,2.0,1.0,-1.0, -1,-1.0,1998.0,B01,15,10,2020,10:30,1,76.0,76351,2,3,1.0,3.0,PHILIPPE LEBON,"49,4957630","0,1313300",,76.076351,76351,Seine-Maritime,28.0,Normandie,50.0,4.0,2.0,1,1.0,28,Normandie,76,2,96,LeHavre,166058,1780,167838.0,1.0,7,,0.0,2.0,3.0,1.0
202000004057,1.0,1,1,2,2.0,1.0,-1.0, -1,-1.0,1998.0,B01,15,10,2020,10:30,1,76.0,76351,2,3,1.0,3.0,PHILIPPE LEBON,"49,4957630","0,1313300",,76.076351,76351,Seine-Maritime,28.0,Normandie,50.0,4.0,2.0,1,1.0,28,Normandie,76,2,96,LeHavre,166058,1780,167838.0,1.0,7,,0.0,2.0,3.0,1.0
202000004057,2.0,2,1,2,2.0,1.0,-1.0, -1,-1.0,1998.0,B01,15,10,2020,10:30,1,76.0,76351,2,3,1.0,3.0,PHILIPPE LEBON,"49,4957630","0,1313300",,76.076351,76351,Seine-Maritime,28.0,Normandie,50.0,4.0,2.0,1,1.0,28,Normandie,76,2,96,LeHavre,166058,1780,167838.0,1.0,7,,0.0,2.0,3.0,1.0
202000004057,1.0,1,1,1,2.0,1.0,-1.0, -1,-1.0,2002.0,A01,15,10,2020,10:30,1,76.0,76351,2,3,1.0,3.0,PHILIPPE LEBON,"49,4957630","0,1313300",,76.076351,76351,Seine-Maritime,28.0,Normandie,50.0,4.0,2.0,1,1.0,28,Normandie,76,2,96,LeHavre,166058,1780,167838.0,1.0,7,,0.0,2.0,1.0,9.0
202000004268,2.0,2,1,2,5.0,1.0,0.0,0,-1.0,1968.0,B01,16,10,2020,23:45,3,76.0,76222,1,1,1.0,1.0,RD43,"49,4895069","0,8876660",,76.076222,76222,Seine-Maritime,28.0,Normandie,50.0,3.0,2.0,2,1.0,28,Normandie,76,3,1,Duclair,4020,52,4072.0,2.0,7,,0.0,2.0,3.0,1.0
202000004268,1.0,1,1,1,5.0,1.0,0.0,0,-1.0,1965.0,B01,16,10,2020,23:45,3,76.0,76222,1,1,1.0,1.0,RD43,"49,4895069","0,8876660",,76.076222,76222,Seine-Maritime,28.0,Normandie,50.0,3.0,2.0,2,1.0,28,Normandie,76,3,1,Duclair,4020,52,4072.0,2.0,7,,0.0,2.0,3.0,1.0
202000004268,2.0,2,4,2,5.0,1.0,0.0,0,-1.0,2003.0,A01,16,10,2020,23:45,3,76.0,76222,1,1,1.0,1.0,RD43,"49,4895069","0,8876660",,76.076222,76222,Seine-Maritime,28.0,Normandie,50.0,3.0,2.0,2,1.0,28,Normandie,76,3,1,Duclair,4020,52,4072.0,1.0,7,,0.0,2.0,1.0,13.0
202000004268,1.0,1,1,1,5.0,1.0,0.0,0,-1.0,2001.0,A01,16,10,2020,23:45,3,76.0,76222,1,1,1.0,1.0,RD43,"49,4895069","0,8876660",,76.076222,76222,Seine-Maritime,28.0,Normandie,50.0,3.0,2.0,2,1.0,28,Normandie,76,3,1,Duclair,4020,52,4072.0,1.0,7,,0.0,2.0,1.0,13.0
202000004316,1.0,1,1,1,5.0,1.0,-1.0, -1,-1.0,1965.0,A01,21,8,2020,07:00,1,76.0,76540,2,2,1.0,3.0,EUROPE. BOULEVARD DE L',"49,4345400","1,0760800",,76.076540,76540,Seine-Maritime,28.0,Normandie,50.0,2.0,1.0,3,1.0,28,Normandie,76,3,97,Rouen,114083,1556,115639.0,1.0,7,,0.0,2.0,2.0,1.0
202000004316,1.0,1,4,2,1.0,1.0,-1.0, -1,-1.0,1979.0,B01,21,8,2020,07:00,1,76.0,76540,2,2,1.0,3.0,EUROPE. BOULEVARD DE L',"49,4345400","1,0760800",,76.076540,76540,Seine-Maritime,28.0,Normandie,50.0,2.0,1.0,3,1.0,28,Normandie,76,3,97,Rouen,114083,1556,115639.0,1.0,7,,0.0,2.0,6.0,15.0
202000004426,1.0,1,1,1,4.0,1.0,-1.0, -1,-1.0,1990.0,A01,1,12,2020,13:00,1,76.0,76351,2,1,1.0,6.0,ETRETAT (D'),"49,4978990","0,0962580",,76.076351,76351,Seine-Maritime,28.0,Normandie,50.0,4.0,2.0,1,1.0,28,Normandie,76,2,96,LeHavre,166058,1780,167838.0,2.0,37,1.0,0.0,1.0,7.0,1.0
202000004426,10.0,3,4,2,4.0,0.0,5.0,1,1.0,1980.0,A01,1,12,2020,13:00,1,76.0,76351,2,1,1.0,6.0,ETRETAT (D'),"49,4978990","0,0962580",,76.076351,76351,Seine-Maritime,28.0,Normandie,50.0,4.0,2.0,1,1.0,28,Normandie,76,2,96,LeHavre,166058,1780,167838.0,2.0,37,1.0,0.0,1.0,7.0,1.0
202000004448,1.0,1,1,1,1.0,1.0,-1.0, -1,-1.0,1978.0,A01,8,12,2020,18:20,5,76.0,76351,2,1,3.0,6.0,RENE COTY,"49,4980960","0,1163600",,76.076351,76351,Seine-Maritime,28.0,Normandie,50.0,4.0,2.0,3,2.0,28,Normandie,76,2,96,LeHavre,166058,1780,167838.0,1.0,7,,0.0,1.0,2.0,1.0
202000004448,10.0,3,1,2,5.0,0.0,1.0,3,2.0,1965.0,A01,8,12,2020,18:20,5,76.0,76351,2,1,3.0,6.0,RENE COTY,"49,4980960","0,1163600",,76.076351,76351,Seine-Maritime,28.0,Normandie,50.0,4.0,2.0,3,2.0,28,Normandie,76,2,96,LeHavre,166058,1780,167838.0,1.0,7,,0.0,1.0,2.0,1.0
202000004448,10.0,3,4,2,5.0,0.0,1.0,3,2.0,1957.0,A01,8,12,2020,18:20,5,76.0,76351,2,1,3.0,6.0,RENE COTY,"49,4980960","0,1163600",,76.076351,76351,Seine-Maritime,28.0,Normandie,50.0,4.0,2.0,3,2.0,28,Normandie,76,2,96,LeHavre,166058,1780,167838.0,1.0,7,,0.0,1.0,2.0,1.0