Num_Acc,place,catu,grav,sexe,trajet,secu,locp,actp,etatp,an_nais,num_veh,jour,mois,an,hrmn,lum,dep,com,agg,int,atm,col,adr,lat,long,gps,com_insee_temp,com_insee,departmentName,regionCode,regionName,vma,catr,circ,nbv,surf,Code,Region,Departement,Arrondissement,Code_Canton,Nom_Commune,Population_municipaLe,Population_comptee_a_part,Population_Totale,senc,catv,occutc,obs,obsm,choc,manv
202000004501,10.0,3,4,2,3.0,0.0,9.0,B,1.0,1975.0,A01,28,11,2020,10:50,1,76.0,76351,1,1,1.0,6.0,BOIS AU COQ (AVENUE),"49,5165000","0,1194000",,76.076351,76351,Seine-Maritime,28.0,Normandie,10.0,6.0,-1.0,-1,1.0,28,Normandie,76,2,96,LeHavre,166058,1780,167838.0,3.0,7,,0.0,1.0,3.0,1.0
202000004611,1.0,1,1,1,1.0,1.0,-1.0, -1,-1.0,1968.0,A01,27,11,2020,06:20,5,76.0,76305,2,1,2.0,1.0,MARCEL LE MIGNOT (AVENUE),"49,5011303","0,2189707",,76.076305,76305,Seine-Maritime,28.0,Normandie,50.0,3.0,2.0,2,2.0,28,Normandie,76,2,16,Gonfreville-l'Orcher,8961,44,9005.0,1.0,7,,0.0,2.0,3.0,15.0
202000004611,1.0,1,4,1,1.0,2.0,-1.0, -1,-1.0,1973.0,B01,27,11,2020,06:20,5,76.0,76305,2,1,2.0,1.0,MARCEL LE MIGNOT (AVENUE),"49,5011303","0,2189707",,76.076305,76305,Seine-Maritime,28.0,Normandie,50.0,3.0,2.0,2,2.0,28,Normandie,76,2,16,Gonfreville-l'Orcher,8961,44,9005.0,2.0,31,,0.0,2.0,1.0,1.0
202000004612,1.0,1,4,1,5.0,2.0,-1.0, -1,-1.0,2000.0,A01,26,11,2020,15:30,1,76.0,76351,2,3,1.0,3.0,FELIX FAURE,"49,5002070","0,1041340",,76.076351,76351,Seine-Maritime,28.0,Normandie,50.0,4.0,2.0,2,1.0,28,Normandie,76,2,96,LeHavre,166058,1780,167838.0,3.0,33,,0.0,2.0,7.0,1.0
202000004612,1.0,1,1,2,5.0,1.0,-1.0, -1,-1.0,1952.0,B01,26,11,2020,15:30,1,76.0,76351,2,3,1.0,3.0,FELIX FAURE,"49,5002070","0,1041340",,76.076351,76351,Seine-Maritime,28.0,Normandie,50.0,4.0,2.0,2,1.0,28,Normandie,76,2,96,LeHavre,166058,1780,167838.0,3.0,7,,0.0,2.0,1.0,15.0
202000004691,1.0,1,2,1,3.0,2.0,0.0,0,-1.0,1966.0,A01,28,11,2020,14:55,1,76.0,76255,1,1,1.0,7.0,D925,"50,0600800","1,4185450",,76.076255,76255,Seine-Maritime,28.0,Normandie,80.0,3.0,1.0,1,1.0,28,Normandie,76,1,10,Eu,6591,197,6788.0,1.0,2,,0.0,0.0,0.0,1.0
202000004872,1.0,1,3,1,1.0,2.0,-1.0, -1,-1.0,2002.0,A01,14,5,2020,18:50,1,76.0,76640,2,1,1.0,7.0,MOULIN. SENTE DU,"49,2711400","1,0477300",,76.076640,76640,Seine-Maritime,28.0,Normandie,30.0,5.0,-1.0,1,1.0,28,Normandie,76,3,5,Saint-Pierre-lès-Elbeuf,8285,87,8372.0,0.0,30,,14.0,0.0,8.0,21.0
202000004873,1.0,1,4,1,5.0,2.0,-1.0, -1,-1.0,1973.0,A01,17,5,2020,19:35,2,76.0,76305,2,1,1.0,7.0,RENE CANCE,"49,5095700","0,2332000",,76.076305,76305,Seine-Maritime,28.0,Normandie,30.0,4.0,2.0,2,1.0,28,Normandie,76,2,16,Gonfreville-l'Orcher,8961,44,9005.0,1.0,30,,0.0,0.0,3.0,1.0
202000004874,1.0,1,3,1,1.0,2.0,-1.0, -1,-1.0,1966.0,B01,24,4,2020,13:21,1,76.0,76217,2,1,1.0,3.0,CHANZY (GENERAL),"49,9127800","1,0829600",,76.076217,76217,Seine-Maritime,28.0,Normandie,30.0,3.0,2.0,2,1.0,28,Normandie,76,1,95,Dieppe,28358,455,28813.0,2.0,33,,0.0,2.0,7.0,17.0
202000004874,1.0,1,1,2,0.0,1.0,-1.0, -1,-1.0,1973.0,A01,24,4,2020,13:21,1,76.0,76217,2,1,1.0,3.0,CHANZY (GENERAL),"49,9127800","1,0829600",,76.076217,76217,Seine-Maritime,28.0,Normandie,30.0,3.0,2.0,2,1.0,28,Normandie,76,1,95,Dieppe,28358,455,28813.0,2.0,7,,0.0,2.0,3.0,15.0
202000005040,1.0,1,1,1,4.0,1.0,0.0,0,-1.0,1978.0,C01,4,3,2020,18:10,2,76.0,76367,1,1,3.0,5.0,D121,"49,4865280","1,0946740",,76.076367,76367,Seine-Maritime,28.0,Normandie,80.0,3.0,2.0,2,2.0,28,Normandie,76,3,24,HouppevilLe2884,51,2935,,1.0,37,1.0,0.0,2.0,3.0,1.0
202000005040,1.0,1,3,2,5.0,1.0,0.0,0,-1.0,1985.0,B01,4,3,2020,18:10,2,76.0,76367,1,1,3.0,5.0,D121,"49,4865280","1,0946740",,76.076367,76367,Seine-Maritime,28.0,Normandie,80.0,3.0,2.0,2,2.0,28,Normandie,76,3,24,HouppevilLe2884,51,2935,,1.0,7,,0.0,2.0,3.0,1.0
202000005040,1.0,1,1,1,2.0,1.0,0.0,0,-1.0,2000.0,A01,4,3,2020,18:10,2,76.0,76367,1,1,3.0,5.0,D121,"49,4865280","1,0946740",,76.076367,76367,Seine-Maritime,28.0,Normandie,80.0,3.0,2.0,2,2.0,28,Normandie,76,3,24,HouppevilLe2884,51,2935,,2.0,7,,0.0,2.0,3.0,13.0
202000005067,1.0,1,3,1,9.0,2.0,0.0,0,-1.0,1994.0,A01,4,3,2020,09:30,1,76.0,76069,1,1,8.0,3.0,D7,"49,3863910","1,1277710",,76.076069,76069,Seine-Maritime,28.0,Normandie,80.0,3.0,2.0,2,2.0,28,Normandie,76,3,6,Belbeuf,2249,48,2297.0,1.0,33,,0.0,2.0,0.0,1.0
202000005067,1.0,1,1,1,0.0,1.0,0.0,0,-1.0,1984.0,B01,4,3,2020,09:30,1,76.0,76069,1,1,8.0,3.0,D7,"49,3863910","1,1277710",,76.076069,76069,Seine-Maritime,28.0,Normandie,80.0,3.0,2.0,2,2.0,28,Normandie,76,3,6,Belbeuf,2249,48,2297.0,2.0,7,,0.0,0.0,8.0,1.0
202000005068,1.0,1,3,2,5.0,2.0,0.0,0,-1.0,1994.0,A01,4,3,2020,23:10,3,76.0,76464,1,1,2.0,7.0,D138,"49,3528750","1,2634760",,76.076464,76464,Seine-Maritime,28.0,Normandie,80.0,3.0,2.0,2,2.0,28,Normandie,76,3,21,La Neuville-Chant-d'Oisel,2377,38,2415.0,1.0,33,,0.0,0.0,0.0,1.0
202000005131,1.0,1,4,1,1.0,2.0,-1.0,0,-1.0,1977.0,A01,2,3,2020,08:40,1,76.0,76540,2,2,1.0,3.0,LECANUET. RUE JEAN,"49,4446700","1,0920500",,76.076540,76540,Seine-Maritime,28.0,Normandie,30.0,4.0,2.0,2,2.0,28,Normandie,76,3,97,Rouen,114083,1556,115639.0,0.0,34,,0.0,2.0,1.0,18.0
202000005131,1.0,1,1,2,1.0,1.0,-1.0,0,-1.0,1972.0,B01,2,3,2020,08:40,1,76.0,76540,2,2,1.0,3.0,LECANUET. RUE JEAN,"49,4446700","1,0920500",,76.076540,76540,Seine-Maritime,28.0,Normandie,30.0,4.0,2.0,2,2.0,28,Normandie,76,3,97,Rouen,114083,1556,115639.0,0.0,7,,0.0,2.0,7.0,1.0
202000005132,1.0,1,1,2,0.0,1.0,-1.0,0,-1.0,1994.0,B01,28,2,2020,23:00,3,76.0,76498,2,1,2.0,3.0,VOIE RAPIDE SUD 3 (RN 338),"49,4318760","1,0590277",,76.076498,76498,Seine-Maritime,28.0,Normandie,90.0,2.0,3.0,4,2.0,28,Normandie,76,3,27,LePetit-Quevilly,21782,274,22056.0,1.0,7,,0.0,2.0,3.0,1.0
202000005132,1.0,1,4,1,0.0,1.0,-1.0,0,-1.0,2001.0,A01,28,2,2020,23:00,3,76.0,76498,2,1,2.0,3.0,VOIE RAPIDE SUD 3 (RN 338),"49,4318760","1,0590277",,76.076498,76498,Seine-Maritime,28.0,Normandie,90.0,2.0,3.0,4,2.0,28,Normandie,76,3,27,LePetit-Quevilly,21782,274,22056.0,1.0,7,,0.0,2.0,2.0,14.0
202000005133,1.0,1,4,1,5.0,1.0,-1.0, -1,-1.0,1996.0,A01,1,3,2020,07:15,3,76.0,76351,2,2,2.0,7.0,D138,"49,4921100","0,1236700",,76.076351,76351,Seine-Maritime,28.0,Normandie,50.0,4.0,3.0,4,1.0,28,Normandie,76,2,96,LeHavre,166058,1780,167838.0,2.0,7,,5.0,0.0,9.0,1.0
202000005133,3.0,2,4,1,5.0,1.0,-1.0, -1,-1.0,1998.0,A01,1,3,2020,07:15,3,76.0,76351,2,2,2.0,7.0,D138,"49,4921100","0,1236700",,76.076351,76351,Seine-Maritime,28.0,Normandie,50.0,4.0,3.0,4,1.0,28,Normandie,76,2,96,LeHavre,166058,1780,167838.0,2.0,7,,5.0,0.0,9.0,1.0
202000005134,1.0,1,1,1,0.0,1.0,-1.0, -1,-1.0,1994.0,B01,29,2,2020,14:20,1,76.0,76351,2,2,1.0,2.0,IRENE JOLIOT CURIE (RUE),"49,5224000","0,1046700",,76.076351,76351,Seine-Maritime,28.0,Normandie,50.0,4.0,2.0,2,1.0,28,Normandie,76,2,96,LeHavre,166058,1780,167838.0,0.0,7,,0.0,0.0,5.0,0.0
202000005134,2.0,2,4,1,0.0,1.0,-1.0, -1,-1.0,1966.0,B01,29,2,2020,14:20,1,76.0,76351,2,2,1.0,2.0,IRENE JOLIOT CURIE (RUE),"49,5224000","0,1046700",,76.076351,76351,Seine-Maritime,28.0,Normandie,50.0,4.0,2.0,2,1.0,28,Normandie,76,2,96,LeHavre,166058,1780,167838.0,0.0,7,,0.0,0.0,5.0,0.0
202000005135,10.0,3,4,1,0.0,0.0,3.0,3,2.0,1952.0,A01,21,1,2020,09:25,1,76.0,76351,2,2,1.0,6.0,LESUEUR (RUE),"49,4928800","0,1231900",,76.076351,76351,Seine-Maritime,28.0,Normandie,50.0,4.0,2.0,2,1.0,28,Normandie,76,2,96,LeHavre,166058,1780,167838.0,2.0,7,,1.0,1.0,1.0,17.0
202000005135,1.0,1,1,1,5.0,1.0,-1.0, -1,-1.0,1947.0,A01,21,1,2020,09:25,1,76.0,76351,2,2,1.0,6.0,LESUEUR (RUE),"49,4928800","0,1231900",,76.076351,76351,Seine-Maritime,28.0,Normandie,50.0,4.0,2.0,2,1.0,28,Normandie,76,2,96,LeHavre,166058,1780,167838.0,2.0,7,,1.0,1.0,1.0,17.0
202000005529,1.0,1,1,2,0.0,1.0,-1.0, -1,-1.0,1960.0,A01,30,1,2020,17:00,1,76.0,76540,2,3,1.0,6.0,CARREL. RUE ARMAND,"49,4400600","1,1020300",,76.076540,76540,Seine-Maritime,28.0,Normandie,30.0,4.0,2.0,2,1.0,28,Normandie,76,3,97,Rouen,114083,1556,115639.0,0.0,7,,0.0,1.0,1.0,15.0
202000005529,10.0,3,4,2,5.0,0.0,3.0,3,1.0,1951.0,A01,30,1,2020,17:00,1,76.0,76540,2,3,1.0,6.0,CARREL. RUE ARMAND,"49,4400600","1,1020300",,76.076540,76540,Seine-Maritime,28.0,Normandie,30.0,4.0,2.0,2,1.0,28,Normandie,76,3,97,Rouen,114083,1556,115639.0,0.0,7,,0.0,1.0,1.0,15.0
202000005726,1.0,1,1,1,4.0,1.0,0.0,0,-1.0,1990.0,A01,31,1,2020,16:30,1,76.0,76684,1,1,1.0,5.0,"Pont, route national 182","49,4737710","0,4635930",,76.076684,76684,Seine-Maritime,28.0,Normandie,70.0,2.0,2.0,4,1.0,28,Normandie,76,2,3,TancarvilLe1218,24,1242,,2.0,14,,0.0,2.0,1.0,1.0
202000005726,7.0,2,4,1,5.0,1.0,0.0,0,-1.0,2008.0,B01,31,1,2020,16:30,1,76.0,76684,1,1,1.0,5.0,"Pont, route national 182","49,4737710","0,4635930",,76.076684,76684,Seine-Maritime,28.0,Normandie,70.0,2.0,2.0,4,1.0,28,Normandie,76,2,3,TancarvilLe1218,24,1242,,2.0,7,,10.0,2.0,4.0,11.0
202000005726,2.0,2,4,2,5.0,1.0,0.0,0,-1.0,2000.0,B01,31,1,2020,16:30,1,76.0,76684,1,1,1.0,5.0,"Pont, route national 182","49,4737710","0,4635930",,76.076684,76684,Seine-Maritime,28.0,Normandie,70.0,2.0,2.0,4,1.0,28,Normandie,76,2,3,TancarvilLe1218,24,1242,,2.0,7,,10.0,2.0,4.0,11.0
202000005726,1.0,1,1,1,5.0,1.0,0.0,0,-1.0,1950.0,B01,31,1,2020,16:30,1,76.0,76684,1,1,1.0,5.0,"Pont, route national 182","49,4737710","0,4635930",,76.076684,76684,Seine-Maritime,28.0,Normandie,70.0,2.0,2.0,4,1.0,28,Normandie,76,2,3,TancarvilLe1218,24,1242,,2.0,7,,10.0,2.0,4.0,11.0
202000005726,1.0,1,1,1,4.0,1.0,0.0,0,-1.0,1970.0,C01,31,1,2020,16:30,1,76.0,76684,1,1,1.0,5.0,"Pont, route national 182","49,4737710","0,4635930",,76.076684,76684,Seine-Maritime,28.0,Normandie,70.0,2.0,2.0,4,1.0,28,Normandie,76,2,3,TancarvilLe1218,24,1242,,1.0,38,1.0,0.0,2.0,1.0,1.0
202000005781,1.0,1,4,1,5.0,1.0,-1.0, -1,-1.0,1987.0,A01,20,7,2020,00:20,5,76.0,76540,2,2,1.0,2.0,RONDEAUX. AVENUE JEAN,"49,4318800","1,0739400",,76.076540,76540,Seine-Maritime,28.0,Normandie,50.0,3.0,3.0,3,1.0,28,Normandie,76,3,97,Rouen,114083,1556,115639.0,1.0,7,,8.0,2.0,0.0,13.0
202000005781,2.0,2,4,2,0.0,1.0,-1.0, -1,-1.0,1991.0,A01,20,7,2020,00:20,5,76.0,76540,2,2,1.0,2.0,RONDEAUX. AVENUE JEAN,"49,4318800","1,0739400",,76.076540,76540,Seine-Maritime,28.0,Normandie,50.0,3.0,3.0,3,1.0,28,Normandie,76,3,97,Rouen,114083,1556,115639.0,1.0,7,,8.0,2.0,0.0,13.0
202000005781,1.0,1,1,1,4.0,1.0,-1.0, -1,-1.0,1998.0,B01,20,7,2020,00:20,5,76.0,76540,2,2,1.0,2.0,RONDEAUX. AVENUE JEAN,"49,4318800","1,0739400",,76.076540,76540,Seine-Maritime,28.0,Normandie,50.0,3.0,3.0,3,1.0,28,Normandie,76,3,97,Rouen,114083,1556,115639.0,1.0,7,,0.0,2.0,6.0,21.0
202000005782,1.0,1,4,1,5.0,1.0,-1.0, -1,-1.0,1990.0,A01,21,7,2020,01:20,5,76.0,76108,2,1,1.0,7.0,RN 28 (ROUTE DE NEUFCHATEL),"49,4605429","1,1101652",,76.076108,76108,Seine-Maritime,28.0,Normandie,50.0,3.0,2.0,2,1.0,28,Normandie,76,3,2,Bois-Guillaume,14262,361,14623.0,1.0,7,,0.0,0.0,2.0,1.0
202000005783,1.0,1,1,1,5.0,1.0,-1.0, -1,-1.0,1960.0,A01,18,7,2020,23:20,5,76.0,76351,2,3,1.0,6.0,JEAN JAURES (AVENUE),"49,5005000","0,1669200",,76.076351,76351,Seine-Maritime,28.0,Normandie,50.0,4.0,2.0,2,1.0,28,Normandie,76,2,96,LeHavre,166058,1780,167838.0,0.0,7,,0.0,1.0,1.0,1.0
202000005783,10.0,3,2,2,5.0,0.0,3.0,3,1.0,1972.0,A01,18,7,2020,23:20,5,76.0,76351,2,3,1.0,6.0,JEAN JAURES (AVENUE),"49,5005000","0,1669200",,76.076351,76351,Seine-Maritime,28.0,Normandie,50.0,4.0,2.0,2,1.0,28,Normandie,76,2,96,LeHavre,166058,1780,167838.0,0.0,7,,0.0,1.0,1.0,1.0
202000005885,1.0,1,3,1,1.0,2.0,0.0,0,-1.0,1967.0,A01,21,7,2020,06:40,1,76.0,76463,1,1,1.0,6.0,D1,"49,4263560","1,6885470",,76.076463,76463,Seine-Maritime,28.0,Normandie,80.0,3.0,2.0,2,1.0,28,Normandie,76,1,12,Neuf-Marché,656,14,670.0,1.0,33,,0.0,6.0,1.0,1.0
202000005886,2.0,2,3,2,5.0,2.0,0.0,0,-1.0,1967.0,B01,21,7,2020,18:15,1,76.0,76179,2,3,1.0,3.0,Rue Edmond Spalikowski,"49,6010480","1,1156650",,76.076179,76179,Seine-Maritime,28.0,Normandie,50.0,3.0,2.0,2,1.0,28,Normandie,76,3,2,Clères,1380,15,1395.0,1.0,33,,0.0,2.0,2.0,17.0
202000005886,1.0,1,1,1,5.0,2.0,0.0,0,-1.0,1967.0,B01,21,7,2020,18:15,1,76.0,76179,2,3,1.0,3.0,Rue Edmond Spalikowski,"49,6010480","1,1156650",,76.076179,76179,Seine-Maritime,28.0,Normandie,50.0,3.0,2.0,2,1.0,28,Normandie,76,3,2,Clères,1380,15,1395.0,1.0,33,,0.0,2.0,2.0,17.0
202000005886,9.0,2,1,2,5.0,1.0,0.0,0,-1.0,2013.0,A01,21,7,2020,18:15,1,76.0,76179,2,3,1.0,3.0,Rue Edmond Spalikowski,"49,6010480","1,1156650",,76.076179,76179,Seine-Maritime,28.0,Normandie,50.0,3.0,2.0,2,1.0,28,Normandie,76,3,2,Clères,1380,15,1395.0,1.0,7,,0.0,2.0,3.0,15.0
202000005886,1.0,1,1,2,5.0,1.0,0.0,0,-1.0,1976.0,A01,21,7,2020,18:15,1,76.0,76179,2,3,1.0,3.0,Rue Edmond Spalikowski,"49,6010480","1,1156650",,76.076179,76179,Seine-Maritime,28.0,Normandie,50.0,3.0,2.0,2,1.0,28,Normandie,76,3,2,Clères,1380,15,1395.0,1.0,7,,0.0,2.0,3.0,15.0
202000005947,6.0,2,4,1,4.0,1.0,-1.0, -1,-1.0,1978.0,C01,19,7,2020,22:20,2,76.0,76231,2,1,1.0,4.0,RN 840 (ROUTE DU NEUBOURG),"49,2786690","1,0059340",,76.076231,76231,Seine-Maritime,28.0,Normandie,50.0,3.0,2.0,2,1.0,28,Normandie,76,3,9,Elbeuf,15951,138,16089.0,0.0,10,,0.0,2.0,1.0,1.0
202000005947,4.0,2,4,1,4.0,1.0,-1.0, -1,-1.0,1989.0,C01,19,7,2020,22:20,2,76.0,76231,2,1,1.0,4.0,RN 840 (ROUTE DU NEUBOURG),"49,2786690","1,0059340",,76.076231,76231,Seine-Maritime,28.0,Normandie,50.0,3.0,2.0,2,1.0,28,Normandie,76,3,9,Elbeuf,15951,138,16089.0,0.0,10,,0.0,2.0,1.0,1.0
202000005947,3.0,2,4,1,4.0,1.0,-1.0, -1,-1.0,1970.0,C01,19,7,2020,22:20,2,76.0,76231,2,1,1.0,4.0,RN 840 (ROUTE DU NEUBOURG),"49,2786690","1,0059340",,76.076231,76231,Seine-Maritime,28.0,Normandie,50.0,3.0,2.0,2,1.0,28,Normandie,76,3,9,Elbeuf,15951,138,16089.0,0.0,10,,0.0,2.0,1.0,1.0
202000005947,1.0,1,4,1,4.0,1.0,-1.0, -1,-1.0,1975.0,C01,19,7,2020,22:20,2,76.0,76231,2,1,1.0,4.0,RN 840 (ROUTE DU NEUBOURG),"49,2786690","1,0059340",,76.076231,76231,Seine-Maritime,28.0,Normandie,50.0,3.0,2.0,2,1.0,28,Normandie,76,3,9,Elbeuf,15951,138,16089.0,0.0,10,,0.0,2.0,1.0,1.0
202000005947,1.0,1,4,1,0.0,1.0,-1.0, -1,-1.0,1990.0,B01,19,7,2020,22:20,2,76.0,76231,2,1,1.0,4.0,RN 840 (ROUTE DU NEUBOURG),"49,2786690","1,0059340",,76.076231,76231,Seine-Maritime,28.0,Normandie,50.0,3.0,2.0,2,1.0,28,Normandie,76,3,9,Elbeuf,15951,138,16089.0,0.0,7,,0.0,2.0,1.0,1.0
202000005947,2.0,2,1,1,0.0,1.0,-1.0, -1,-1.0,1969.0,A01,19,7,2020,22:20,2,76.0,76231,2,1,1.0,4.0,RN 840 (ROUTE DU NEUBOURG),"49,2786690","1,0059340",,76.076231,76231,Seine-Maritime,28.0,Normandie,50.0,3.0,2.0,2,1.0,28,Normandie,76,3,9,Elbeuf,15951,138,16089.0,0.0,7,,0.0,2.0,1.0,17.0
202000005947,1.0,1,4,2,0.0,1.0,-1.0, -1,-1.0,1973.0,A01,19,7,2020,22:20,2,76.0,76231,2,1,1.0,4.0,RN 840 (ROUTE DU NEUBOURG),"49,2786690","1,0059340",,76.076231,76231,Seine-Maritime,28.0,Normandie,50.0,3.0,2.0,2,1.0,28,Normandie,76,3,9,Elbeuf,15951,138,16089.0,0.0,7,,0.0,2.0,1.0,17.0
202000005948,1.0,1,4,1,0.0,2.0,-1.0, -1,-1.0,1978.0,A01,17,7,2020,16:30,1,76.0,76705,1,6,1.0,7.0,PICARD. AVENUE GUSTAVE,"49,3289200","1,1020700",,76.076705,76705,Seine-Maritime,28.0,Normandie,80.0,3.0,1.0,2,1.0,28,Normandie,76,3,5,Tourville-la-Rivière,2568,19,2587.0,1.0,33,,0.0,2.0,7.0,21.0
202000005992,1.0,1,1,1,1.0,1.0,-1.0, -1,-1.0,1976.0,A01,14,10,2020,08:00,1,76.0,76540,2,1,1.0,2.0,MARNE. BOULEVARD DE LA,"49,4462000","1,0883900",,76.076540,76540,Seine-Maritime,28.0,Normandie,50.0,3.0,2.0,2,1.0,28,Normandie,76,3,97,Rouen,114083,1556,115639.0,0.0,7,,0.0,2.0,1.0,1.0
202000005992,1.0,1,4,1,1.0,1.0,-1.0, -1,-1.0,1988.0,B01,14,10,2020,08:00,1,76.0,76540,2,1,1.0,2.0,MARNE. BOULEVARD DE LA,"49,4462000","1,0883900",,76.076540,76540,Seine-Maritime,28.0,Normandie,50.0,3.0,2.0,2,1.0,28,Normandie,76,3,97,Rouen,114083,1556,115639.0,0.0,7,,0.0,2.0,4.0,23.0
202000005993,10.0,3,4,2,5.0,8.0,9.0,1,1.0,1963.0,A01,14,10,2020,18:30,1,76.0,76575,2,1,1.0,6.0,UNIVERSITE. AVENUE DE L',"49,3868400","1,0660300",,76.076575,76575,Seine-Maritime,28.0,Normandie,30.0,4.0,2.0,1,1.0,28,Normandie,76,3,98,Saint-Étienne-du-Rouvray,28508,225,28733.0,1.0,1,,0.0,1.0,4.0,1.0
202000005994,1.0,1,4,1,5.0,2.0,-1.0, -1,-1.0,1981.0,A01,14,10,2020,15:15,1,76.0,76165,2,3,1.0,3.0,FAURE. RUE FELIX,"49,2871400","1,0229400",,76.076165,76165,Seine-Maritime,28.0,Normandie,30.0,4.0,2.0,2,1.0,28,Normandie,76,3,5,Caudebec-lès-Elbeuf,10135,69,10204.0,1.0,30,,0.0,2.0,5.0,17.0
202000005995,1.0,1,4,1,0.0,2.0,-1.0, -1,-1.0,1997.0,A01,15,10,2020,18:30,1,76.0,76349,2,3,1.0,3.0,CABARET (RUE DU),"49,8930900","1,0313800",,76.076349,76349,Seine-Maritime,28.0,Normandie,50.0,3.0,2.0,2,1.0,28,Normandie,76,1,7,Hautot-sur-Mer,1887,46,1933.0,1.0,33,,0.0,2.0,8.0,1.0
202000005995,1.0,1,1,2,0.0,1.0,-1.0, -1,-1.0,1975.0,B01,15,10,2020,18:30,1,76.0,76349,2,3,1.0,3.0,CABARET (RUE DU),"49,8930900","1,0313800",,76.076349,76349,Seine-Maritime,28.0,Normandie,50.0,3.0,2.0,2,1.0,28,Normandie,76,1,7,Hautot-sur-Mer,1887,46,1933.0,0.0,7,,0.0,0.0,0.0,15.0
202000006190,1.0,1,4,1,9.0,1.0,0.0,0,-1.0,1983.0,A01,22,8,2020,04:30,3,76.0,76593,1,1,1.0,7.0,autoroute A29. ,"49,5850000","0,4446000",,76.076593,76593,Seine-Maritime,28.0,Normandie,130.0,1.0,1.0,1,1.0,28,Normandie,76,2,3,Saint-Jean-de-la-NeuvilLe662,12,674,,2.0,7,,3.0,0.0,3.0,1.0
202000006221,1.0,1,4,2,5.0,1.0,-1.0, -1,-1.0,1988.0,B01,19,8,2020,13:50,1,76.0,76575,2,1,1.0,3.0,MADRILLET. RUE DU,"49,3924700","1,0730100",,76.076575,76575,Seine-Maritime,28.0,Normandie,50.0,4.0,2.0,2,1.0,28,Normandie,76,3,98,Saint-Étienne-du-Rouvray,28508,225,28733.0,0.0,7,,0.0,2.0,8.0,1.0
202000006221,2.0,2,4,2,5.0,1.0,-1.0, -1,-1.0,1977.0,B01,19,8,2020,13:50,1,76.0,76575,2,1,1.0,3.0,MADRILLET. RUE DU,"49,3924700","1,0730100",,76.076575,76575,Seine-Maritime,28.0,Normandie,50.0,4.0,2.0,2,1.0,28,Normandie,76,3,98,Saint-Étienne-du-Rouvray,28508,225,28733.0,0.0,7,,0.0,2.0,8.0,1.0
202000006221,3.0,2,4,1,0.0,1.0,-1.0, -1,-1.0,2013.0,B01,19,8,2020,13:50,1,76.0,76575,2,1,1.0,3.0,MADRILLET. RUE DU,"49,3924700","1,0730100",,76.076575,76575,Seine-Maritime,28.0,Normandie,50.0,4.0,2.0,2,1.0,28,Normandie,76,3,98,Saint-Étienne-du-Rouvray,28508,225,28733.0,0.0,7,,0.0,2.0,8.0,1.0
202000006221,4.0,2,4,1,5.0,1.0,-1.0, -1,-1.0,2015.0,B01,19,8,2020,13:50,1,76.0,76575,2,1,1.0,3.0,MADRILLET. RUE DU,"49,3924700","1,0730100",,76.076575,76575,Seine-Maritime,28.0,Normandie,50.0,4.0,2.0,2,1.0,28,Normandie,76,3,98,Saint-Étienne-du-Rouvray,28508,225,28733.0,0.0,7,,0.0,2.0,8.0,1.0
202000006222,10.0,3,4,2,1.0,8.0,3.0,3,1.0,1998.0,Z01,19,8,2020,15:30,1,76.0,76540,2,1,1.0,6.0,HAVRE. QUAI (HAUT) DU,"49,4395600","1,0860900",,76.076540,76540,Seine-Maritime,28.0,Normandie,50.0,3.0,3.0,4,1.0,28,Normandie,76,3,97,Rouen,114083,1556,115639.0,2.0,7,,0.0,1.0,0.0,15.0
202000006223,1.0,1,3,1,5.0,2.0,-1.0, -1,-1.0,1998.0,A01,19,8,2020,17:20,1,76.0,76351,2,2,1.0,3.0,PAUL VERLAINE (AVENUE),"49,5093000","0,1631000",,76.076351,76351,Seine-Maritime,28.0,Normandie,50.0,4.0,2.0,2,1.0,28,Normandie,76,2,96,LeHavre,166058,1780,167838.0,3.0,33,,0.0,2.0,1.0,17.0
202000006223,1.0,1,1,2,5.0,1.0,-1.0, -1,-1.0,1987.0,B01,19,8,2020,17:20,1,76.0,76351,2,2,1.0,3.0,PAUL VERLAINE (AVENUE),"49,5093000","0,1631000",,76.076351,76351,Seine-Maritime,28.0,Normandie,50.0,4.0,2.0,2,1.0,28,Normandie,76,2,96,LeHavre,166058,1780,167838.0,3.0,7,,0.0,2.0,8.0,15.0
202000006407,1.0,1,4,1,5.0,1.0,-1.0, -1,-1.0,1966.0,B01,9,11,2020,15:50,1,76.0,76351,1,1,1.0,2.0,DAUBREE,"49,5129900","0,1128960",,76.076351,76351,Seine-Maritime,28.0,Normandie,30.0,4.0,1.0,1,1.0,28,Normandie,76,2,96,LeHavre,166058,1780,167838.0,1.0,7,,0.0,1.0,4.0,23.0
202000006407,10.0,3,4,2,5.0,0.0,5.0,2,2.0,1966.0,B01,9,11,2020,15:50,1,76.0,76351,1,1,1.0,2.0,DAUBREE,"49,5129900","0,1128960",,76.076351,76351,Seine-Maritime,28.0,Normandie,30.0,4.0,1.0,1,1.0,28,Normandie,76,2,96,LeHavre,166058,1780,167838.0,1.0,7,,0.0,1.0,4.0,23.0
202000006407,1.0,1,4,1,3.0,1.0,-1.0, -1,-1.0,1998.0,A01,9,11,2020,15:50,1,76.0,76351,1,1,1.0,2.0,DAUBREE,"49,5129900","0,1128960",,76.076351,76351,Seine-Maritime,28.0,Normandie,30.0,4.0,1.0,1,1.0,28,Normandie,76,2,96,LeHavre,166058,1780,167838.0,1.0,7,,1.0,2.0,1.0,1.0