Num_Acc,place,catu,grav,sexe,trajet,secu,locp,actp,etatp,an_nais,num_veh,jour,mois,an,hrmn,lum,dep,com,agg,int,atm,col,adr,lat,long,gps,com_insee_temp,com_insee,departmentName,regionCode,regionName,vma,catr,circ,nbv,surf,Code,Region,Departement,Arrondissement,Code_Canton,Nom_Commune,Population_municipaLe,Population_comptee_a_part,Population_Totale,senc,catv,occutc,obs,obsm,choc,manv
202000006407,2.0,2,4,2,3.0,1.0,-1.0, -1,-1.0,1996.0,A01,9,11,2020,15:50,1,76.0,76351,1,1,1.0,2.0,DAUBREE,"49,5129900","0,1128960",,76.076351,76351,Seine-Maritime,28.0,Normandie,30.0,4.0,1.0,1,1.0,28,Normandie,76,2,96,LeHavre,166058,1780,167838.0,1.0,7,,1.0,2.0,1.0,1.0
202000006455,3.0,2,1,1,5.0,1.0,-1.0, -1,-1.0,1988.0,B01,29,5,2020,16:36,1,76.0,76681,2,2,1.0,1.0,RASPAIL. RUE FRANCOIS,"49,4162600","1,0962000",,76.076681,76681,Seine-Maritime,28.0,Normandie,50.0,4.0,2.0,2,1.0,28,Normandie,76,3,99,Sotteville-lès-Rouen,28965,475,29440.0,0.0,7,,0.0,2.0,8.0,1.0
202000006455,2.0,2,3,2,5.0,1.0,-1.0, -1,-1.0,1992.0,B01,29,5,2020,16:36,1,76.0,76681,2,2,1.0,1.0,RASPAIL. RUE FRANCOIS,"49,4162600","1,0962000",,76.076681,76681,Seine-Maritime,28.0,Normandie,50.0,4.0,2.0,2,1.0,28,Normandie,76,3,99,Sotteville-lès-Rouen,28965,475,29440.0,0.0,7,,0.0,2.0,8.0,1.0
202000006455,1.0,1,3,2,5.0,1.0,-1.0, -1,-1.0,1960.0,B01,29,5,2020,16:36,1,76.0,76681,2,2,1.0,1.0,RASPAIL. RUE FRANCOIS,"49,4162600","1,0962000",,76.076681,76681,Seine-Maritime,28.0,Normandie,50.0,4.0,2.0,2,1.0,28,Normandie,76,3,99,Sotteville-lès-Rouen,28965,475,29440.0,0.0,7,,0.0,2.0,8.0,1.0
202000006491,1.0,1,4,1,0.0,1.0,-1.0, -1,-1.0,1992.0,B01,31,12,2020,18:05,5,76.0,76212,2,1,1.0,2.0,BELGES. RUE DES,"49,4422300","1,1498400",,76.076212,76212,Seine-Maritime,28.0,Normandie,50.0,4.0,2.0,2,1.0,28,Normandie,76,3,6,Darnétal,9738,74,9812.0,0.0,7,,0.0,2.0,1.0,1.0
202000006491,1.0,1,4,1,5.0,1.0,-1.0, -1,-1.0,1987.0,A01,31,12,2020,18:05,5,76.0,76212,2,1,1.0,2.0,BELGES. RUE DES,"49,4422300","1,1498400",,76.076212,76212,Seine-Maritime,28.0,Normandie,50.0,4.0,2.0,2,1.0,28,Normandie,76,3,6,Darnétal,9738,74,9812.0,0.0,7,,0.0,2.0,4.0,4.0
202000006492,1.0,1,4,1,4.0,2.0,-1.0, -1,-1.0,1985.0,B01,31,12,2020,09:50,1,76.0,76575,2,6,1.0,3.0,GUYNEMER. RUE GEORGES,"49,3974900","1,0807700",,76.076575,76575,Seine-Maritime,28.0,Normandie,50.0,4.0,2.0,2,1.0,28,Normandie,76,3,98,Saint-Étienne-du-Rouvray,28508,225,28733.0,0.0,41,,0.0,2.0,1.0,1.0
202000006492,1.0,1,1,2,0.0,1.0,-1.0, -1,-1.0,1978.0,A01,31,12,2020,09:50,1,76.0,76575,2,6,1.0,3.0,GUYNEMER. RUE GEORGES,"49,3974900","1,0807700",,76.076575,76575,Seine-Maritime,28.0,Normandie,50.0,4.0,2.0,2,1.0,28,Normandie,76,3,98,Saint-Étienne-du-Rouvray,28508,225,28733.0,0.0,7,,0.0,2.0,3.0,9.0
202000006580,2.0,2,3,1,5.0,0.0,0.0,0,-1.0,1962.0,A01,27,11,2020,00:15,3,76.0,76355,1,1,1.0,6.0,Rd 149,"49,7081910","0,7196040",,76.076355,76355,Seine-Maritime,28.0,Normandie,80.0,3.0,2.0,2,1.0,28,Normandie,76,3,35,Héricourt-en-Caux,959,13,972.0,2.0,7,,13.0,0.0,1.0,1.0
202000006580,1.0,1,2,1,5.0,0.0,0.0,0,-1.0,1989.0,A01,27,11,2020,00:15,3,76.0,76355,1,1,1.0,6.0,Rd 149,"49,7081910","0,7196040",,76.076355,76355,Seine-Maritime,28.0,Normandie,80.0,3.0,2.0,2,1.0,28,Normandie,76,3,35,Héricourt-en-Caux,959,13,972.0,2.0,7,,13.0,0.0,1.0,1.0
202000006696,1.0,1,3,1,1.0,1.0,0.0,0,-1.0,1966.0,A01,26,11,2020,15:45,1,76.0,76653,1,1,1.0,1.0,D50,"49,7734490","0,7184030",,76.076653,76653,Seine-Maritime,28.0,Normandie,80.0,3.0,2.0,2,1.0,28,Normandie,76,1,33,Saint-Vaast-DieppedalLe375,9,384,,1.0,10,,0.0,2.0,3.0,1.0
202000006696,1.0,1,2,2,5.0,1.0,0.0,0,-1.0,1993.0,B01,26,11,2020,15:45,1,76.0,76653,1,1,1.0,1.0,D50,"49,7734490","0,7184030",,76.076653,76653,Seine-Maritime,28.0,Normandie,80.0,3.0,2.0,2,1.0,28,Normandie,76,1,33,Saint-Vaast-DieppedalLe375,9,384,,2.0,7,,0.0,2.0,1.0,13.0
202000006780,1.0,1,3,1,5.0,8.0,0.0,0,-1.0,2004.0,A01,16,5,2020,19:30,1,76.0,76196,1,1,1.0,7.0,Rue du Canot,"49,6269440","0,2617680",,76.076196,76196,Seine-Maritime,28.0,Normandie,50.0,4.0,-1.0,2,1.0,28,Normandie,76,2,26,Criquetot-l'Esneval,2567,82,2649.0,0.0,30,,0.0,0.0,2.0,1.0
202000006781,1.0,1,4,1,1.0,1.0,0.0,0,-1.0,2000.0,A01,17,5,2020,17:40,1,76.0,76123,1,1,1.0,1.0,Route de dieppe,"49,5439940","1,1513970",,76.076123,76123,Seine-Maritime,28.0,Normandie,80.0,3.0,2.0,2,1.0,28,Normandie,76,3,2,Bosc-Guérard-Saint-Adrien,1070,30,1100.0,2.0,7,,0.0,2.0,3.0,1.0
202000006781,1.0,1,3,2,5.0,1.0,0.0,0,-1.0,1983.0,B01,17,5,2020,17:40,1,76.0,76123,1,1,1.0,1.0,Route de dieppe,"49,5439940","1,1513970",,76.076123,76123,Seine-Maritime,28.0,Normandie,80.0,3.0,2.0,2,1.0,28,Normandie,76,3,2,Bosc-Guérard-Saint-Adrien,1070,30,1100.0,1.0,7,,0.0,2.0,3.0,1.0
202000006856,1.0,1,1,1,5.0,1.0,-1.0, -1,-1.0,2000.0,A01,16,5,2020,00:50,5,76.0,76540,2,2,1.0,3.0,MONT RIBOUDET. AVENUE DU,"49,4482100","1,0667500",,76.076540,76540,Seine-Maritime,28.0,Normandie,50.0,3.0,2.0,5,1.0,28,Normandie,76,3,97,Rouen,114083,1556,115639.0,1.0,7,,0.0,2.0,0.0,14.0
202000006856,1.0,1,4,2,5.0,1.0,-1.0, -1,-1.0,1992.0,B01,16,5,2020,00:50,5,76.0,76540,2,2,1.0,3.0,MONT RIBOUDET. AVENUE DU,"49,4482100","1,0667500",,76.076540,76540,Seine-Maritime,28.0,Normandie,50.0,3.0,2.0,5,1.0,28,Normandie,76,3,97,Rouen,114083,1556,115639.0,0.0,7,,0.0,2.0,0.0,1.0
202000007071,1.0,1,1,2,1.0,1.0,-1.0, -1,-1.0,1975.0,A01,24,2,2020,18:20,2,76.0,76540,2,1,1.0,3.0,REPUBLIQUE. RUE DE LA,"49,4380300","1,0964300",,76.076540,76540,Seine-Maritime,28.0,Normandie,30.0,4.0,1.0,2,1.0,28,Normandie,76,3,97,Rouen,114083,1556,115639.0,0.0,7,,0.0,2.0,2.0,15.0
202000007071,1.0,1,4,1,2.0,8.0,-1.0, -1,-1.0,1997.0,B01,24,2,2020,18:20,2,76.0,76540,2,1,1.0,3.0,REPUBLIQUE. RUE DE LA,"49,4380300","1,0964300",,76.076540,76540,Seine-Maritime,28.0,Normandie,30.0,4.0,1.0,2,1.0,28,Normandie,76,3,97,Rouen,114083,1556,115639.0,0.0,1,,0.0,2.0,1.0,1.0
202000007072,1.0,1,1,1,5.0,1.0,-1.0, -1,-1.0,2001.0,A01,25,2,2020,14:00,1,76.0,76351,2,9,1.0,1.0,RAOUL MAIL (AVENUE),"49,5157300","0,1470500",,76.076351,76351,Seine-Maritime,28.0,Normandie,30.0,4.0,2.0,2,1.0,28,Normandie,76,2,96,LeHavre,166058,1780,167838.0,0.0,7,,0.0,2.0,1.0,0.0
202000007072,4.0,2,4,1,0.0,1.0,-1.0, -1,-1.0,2011.0,B01,25,2,2020,14:00,1,76.0,76351,2,9,1.0,1.0,RAOUL MAIL (AVENUE),"49,5157300","0,1470500",,76.076351,76351,Seine-Maritime,28.0,Normandie,30.0,4.0,2.0,2,1.0,28,Normandie,76,2,96,LeHavre,166058,1780,167838.0,0.0,7,,0.0,2.0,7.0,0.0
202000007072,1.0,1,4,2,0.0,1.0,-1.0, -1,-1.0,1986.0,B01,25,2,2020,14:00,1,76.0,76351,2,9,1.0,1.0,RAOUL MAIL (AVENUE),"49,5157300","0,1470500",,76.076351,76351,Seine-Maritime,28.0,Normandie,30.0,4.0,2.0,2,1.0,28,Normandie,76,2,96,LeHavre,166058,1780,167838.0,0.0,7,,0.0,2.0,7.0,0.0
202000007147,1.0,1,4,1,0.0,2.0,-1.0, -1,-1.0,1996.0,A01,15,9,2020,18:01,1,76.0,76498,1,1,1.0,3.0,SUD III (RN 338),"49,4308000","1,0577700",,76.076498,76498,Seine-Maritime,28.0,Normandie,90.0,2.0,3.0,4,1.0,28,Normandie,76,3,27,LePetit-Quevilly,21782,274,22056.0,1.0,33,,0.0,2.0,3.0,26.0
202000007147,4.0,2,1,1,5.0,1.0,-1.0, -1,-1.0,1981.0,B01,15,9,2020,18:01,1,76.0,76498,1,1,1.0,3.0,SUD III (RN 338),"49,4308000","1,0577700",,76.076498,76498,Seine-Maritime,28.0,Normandie,90.0,2.0,3.0,4,1.0,28,Normandie,76,3,27,LePetit-Quevilly,21782,274,22056.0,1.0,7,,0.0,2.0,7.0,12.0
202000007147,1.0,1,1,2,5.0,1.0,-1.0, -1,-1.0,1983.0,B01,15,9,2020,18:01,1,76.0,76498,1,1,1.0,3.0,SUD III (RN 338),"49,4308000","1,0577700",,76.076498,76498,Seine-Maritime,28.0,Normandie,90.0,2.0,3.0,4,1.0,28,Normandie,76,3,27,LePetit-Quevilly,21782,274,22056.0,1.0,7,,0.0,2.0,7.0,12.0
202000007147,2.0,2,1,2,5.0,1.0,-1.0, -1,-1.0,1944.0,B01,15,9,2020,18:01,1,76.0,76498,1,1,1.0,3.0,SUD III (RN 338),"49,4308000","1,0577700",,76.076498,76498,Seine-Maritime,28.0,Normandie,90.0,2.0,3.0,4,1.0,28,Normandie,76,3,27,LePetit-Quevilly,21782,274,22056.0,1.0,7,,0.0,2.0,7.0,12.0
202000007148,1.0,1,1,1,4.0,1.0,-1.0, -1,-1.0,1994.0,A01,15,9,2020,07:29,2,76.0,76366,2,1,1.0,3.0,RN 27 (RUE DU GENERAL DE GAULLE),"49,5002300","1,0459300",,76.076366,76366,Seine-Maritime,28.0,Normandie,50.0,3.0,2.0,2,1.0,28,Normandie,76,3,24,LeHoulme,4133,32,4165.0,0.0,10,,0.0,2.0,5.0,15.0
202000007148,1.0,1,3,1,0.0,2.0,-1.0, -1,-1.0,2000.0,B01,15,9,2020,07:29,2,76.0,76366,2,1,1.0,3.0,RN 27 (RUE DU GENERAL DE GAULLE),"49,5002300","1,0459300",,76.076366,76366,Seine-Maritime,28.0,Normandie,50.0,3.0,2.0,2,1.0,28,Normandie,76,3,24,LeHoulme,4133,32,4165.0,0.0,31,,0.0,2.0,1.0,1.0
202000007149,1.0,1,4,1,5.0,8.0,-1.0, -1,-1.0,1978.0,A01,15,9,2020,17:55,1,76.0,76351,2,2,1.0,3.0,DEMIDOFF (RUE),"49,4976000","0,1361000",,76.076351,76351,Seine-Maritime,28.0,Normandie,50.0,4.0,2.0,2,1.0,28,Normandie,76,2,96,LeHavre,166058,1780,167838.0,3.0,50,,0.0,2.0,0.0,1.0
202000007149,1.0,1,1,1,5.0,1.0,-1.0, -1,-1.0,1990.0,B01,15,9,2020,17:55,1,76.0,76351,2,2,1.0,3.0,DEMIDOFF (RUE),"49,4976000","0,1361000",,76.076351,76351,Seine-Maritime,28.0,Normandie,50.0,4.0,2.0,2,1.0,28,Normandie,76,2,96,LeHavre,166058,1780,167838.0,3.0,7,,0.0,2.0,0.0,1.0
202000007150,1.0,1,4,1,5.0,1.0,0.0,0,-1.0,1992.0,A01,15,9,2020,23:00,5,76.0,76447,1,1,1.0,6.0,JEAN JAURES,"49,5472900","0,2075000",,76.076447,76447,Seine-Maritime,28.0,Normandie,50.0,3.0,2.0,2,1.0,28,Normandie,76,2,15,Montivilliers,15457,203,15660.0,2.0,10,,15.0,0.0,2.0,1.0
202000007320,1.0,1,4,1,0.0,1.0,-1.0, -1,-1.0,1972.0,A01,28,1,2020,12:05,1,76.0,76447,2,6,1.0,3.0,BELLE ETOILE,"49,5304400","0,1898600",,76.076447,76447,Seine-Maritime,28.0,Normandie,50.0,3.0,2.0,2,1.0,28,Normandie,76,2,15,Montivilliers,15457,203,15660.0,3.0,7,,0.0,2.0,3.0,16.0
202000007320,1.0,1,1,1,0.0,1.0,0.0,0,-1.0,1985.0,B01,28,1,2020,12:05,1,76.0,76447,2,6,1.0,3.0,BELLE ETOILE,"49,5304400","0,1898600",,76.076447,76447,Seine-Maritime,28.0,Normandie,50.0,3.0,2.0,2,1.0,28,Normandie,76,2,15,Montivilliers,15457,203,15660.0,3.0,7,,0.0,2.0,5.0,16.0
202000007658,3.0,2,3,1,5.0,8.0,0.0,0,-1.0,1983.0,A01,20,6,2020,04:50,2,76.0,76258,2,1,1.0,7.0,Le Vogosse (Sainte-Marguerite-sur-Fauville),"49,6733600","0,6131860",,76.076258,76258,Seine-Maritime,28.0,Normandie,-1.0,9.0,-1.0,5,9.0,28,Normandie,76,2,33,Terres-de-Caux,4208,112,4320.0,3.0,36,,0.0,0.0,7.0,15.0
202000007658,2.0,2,1,1,5.0,8.0,0.0,0,-1.0,1997.0,A01,20,6,2020,04:50,2,76.0,76258,2,1,1.0,7.0,Le Vogosse (Sainte-Marguerite-sur-Fauville),"49,6733600","0,6131860",,76.076258,76258,Seine-Maritime,28.0,Normandie,-1.0,9.0,-1.0,5,9.0,28,Normandie,76,2,33,Terres-de-Caux,4208,112,4320.0,3.0,36,,0.0,0.0,7.0,15.0
202000007658,2.0,2,1,1,5.0,8.0,0.0,0,-1.0,1997.0,A01,20,6,2020,04:50,2,76.0,76258,2,1,1.0,7.0,Le Vogosse (Sainte-Marguerite-sur-Fauville),"49,6733600","0,6131860",,76.076258,76258,Seine-Maritime,28.0,Normandie,-1.0,9.0,-1.0,5,9.0,28,Normandie,76,2,33,Terres-de-Caux,4208,112,4320.0,3.0,36,,0.0,0.0,7.0,15.0
202000007658,1.0,1,1,2,5.0,8.0,0.0,0,-1.0,1997.0,A01,20,6,2020,04:50,2,76.0,76258,2,1,1.0,7.0,Le Vogosse (Sainte-Marguerite-sur-Fauville),"49,6733600","0,6131860",,76.076258,76258,Seine-Maritime,28.0,Normandie,-1.0,9.0,-1.0,5,9.0,28,Normandie,76,2,33,Terres-de-Caux,4208,112,4320.0,3.0,36,,0.0,0.0,7.0,15.0
202000007685,1.0,1,4,1,0.0,2.0,0.0,0,-1.0,1970.0,B01,10,7,2020,14:30,1,76.0,76395,1,3,1.0,3.0,Route de Dieppe,"49,8798970","0,9670760",,76.076395,76395,Seine-Maritime,28.0,Normandie,80.0,3.0,2.0,2,1.0,28,Normandie,76,1,7,Longueil,526,9,535.0,2.0,33,,0.0,2.0,3.0,1.0
202000007685,1.0,1,1,1,4.0,1.0,0.0,0,-1.0,1959.0,A01,10,7,2020,14:30,1,76.0,76395,1,3,1.0,3.0,Route de Dieppe,"49,8798970","0,9670760",,76.076395,76395,Seine-Maritime,28.0,Normandie,80.0,3.0,2.0,2,1.0,28,Normandie,76,1,7,Longueil,526,9,535.0,2.0,15,,0.0,0.0,8.0,9.0
202000007719,1.0,1,1,1,0.0,1.0,0.0,0,-1.0,1990.0,C01,20,7,2020,19:10,1,76.0,76391,1,1,1.0,4.0,A13,"49,3387700","0,9544160",,76.076391,76391,Seine-Maritime,28.0,Normandie,130.0,1.0,3.0,3,1.0,28,Normandie,76,3,9,La Londe,2362,71,2433.0,2.0,16,,0.0,0.0,0.0,11.0
202000007719,2.0,2,1,2,0.0,1.0,0.0,0,-1.0,1995.0,B01,20,7,2020,19:10,1,76.0,76391,1,1,1.0,4.0,A13,"49,3387700","0,9544160",,76.076391,76391,Seine-Maritime,28.0,Normandie,130.0,1.0,3.0,3,1.0,28,Normandie,76,3,9,La Londe,2362,71,2433.0,2.0,7,,0.0,9.0,1.0,2.0
202000007719,1.0,1,1,1,0.0,1.0,0.0,0,-1.0,1999.0,B01,20,7,2020,19:10,1,76.0,76391,1,1,1.0,4.0,A13,"49,3387700","0,9544160",,76.076391,76391,Seine-Maritime,28.0,Normandie,130.0,1.0,3.0,3,1.0,28,Normandie,76,3,9,La Londe,2362,71,2433.0,2.0,7,,0.0,9.0,1.0,2.0
202000007719,1.0,1,1,1,0.0,1.0,0.0,0,-1.0,1988.0,A01,20,7,2020,19:10,1,76.0,76391,1,1,1.0,4.0,A13,"49,3387700","0,9544160",,76.076391,76391,Seine-Maritime,28.0,Normandie,130.0,1.0,3.0,3,1.0,28,Normandie,76,3,9,La Londe,2362,71,2433.0,2.0,7,,0.0,0.0,0.0,1.0
202000007719,1.0,1,1,1,0.0,1.0,0.0,0,-1.0,1994.0,F01,20,7,2020,19:10,1,76.0,76391,1,1,1.0,4.0,A13,"49,3387700","0,9544160",,76.076391,76391,Seine-Maritime,28.0,Normandie,130.0,1.0,3.0,3,1.0,28,Normandie,76,3,9,La Londe,2362,71,2433.0,2.0,7,,0.0,2.0,1.0,2.0
202000007719,1.0,1,4,1,0.0,2.0,0.0,0,-1.0,1954.0,E01,20,7,2020,19:10,1,76.0,76391,1,1,1.0,4.0,A13,"49,3387700","0,9544160",,76.076391,76391,Seine-Maritime,28.0,Normandie,130.0,1.0,3.0,3,1.0,28,Normandie,76,3,9,La Londe,2362,71,2433.0,2.0,33,,0.0,2.0,1.0,3.0
202000007719,2.0,2,4,2,0.0,2.0,0.0,0,-1.0,1953.0,E01,20,7,2020,19:10,1,76.0,76391,1,1,1.0,4.0,A13,"49,3387700","0,9544160",,76.076391,76391,Seine-Maritime,28.0,Normandie,130.0,1.0,3.0,3,1.0,28,Normandie,76,3,9,La Londe,2362,71,2433.0,2.0,33,,0.0,2.0,1.0,3.0
202000007758,1.0,1,1,1,0.0,1.0,0.0,0,-1.0,1968.0,B01,20,7,2020,18:15,1,76.0,76321,2,3,1.0,1.0,240 Rue d'Orival,"49,7898840","1,2223440",,76.076321,76321,Seine-Maritime,28.0,Normandie,50.0,4.0,2.0,2,1.0,28,Normandie,76,1,23,LesGrandes-Ventes,1746,27,1773.0,2.0,10,,0.0,0.0,3.0,0.0
202000007758,1.0,1,3,1,4.0,1.0,0.0,0,-1.0,1999.0,A01,20,7,2020,18:15,1,76.0,76321,2,3,1.0,1.0,240 Rue d'Orival,"49,7898840","1,2223440",,76.076321,76321,Seine-Maritime,28.0,Normandie,50.0,4.0,2.0,2,1.0,28,Normandie,76,1,23,LesGrandes-Ventes,1746,27,1773.0,1.0,7,,0.0,0.0,1.0,0.0
202000007891,2.0,2,4,2,9.0,1.0,0.0,0,-1.0,1994.0,A01,20,7,2020,13:15,1,76.0,76146,2,1,1.0,6.0,Route de Rouen (Buchy),"49,5842640","1,3511570",,76.076146,76146,Seine-Maritime,28.0,Normandie,50.0,3.0,2.0,2,1.0,28,Normandie,76,3,21,Buchy,2805,108,2913.0,1.0,7,,2.0,0.0,3.0,1.0
202000007891,1.0,1,3,1,9.0,1.0,0.0,0,-1.0,1993.0,A01,20,7,2020,13:15,1,76.0,76146,2,1,1.0,6.0,Route de Rouen (Buchy),"49,5842640","1,3511570",,76.076146,76146,Seine-Maritime,28.0,Normandie,50.0,3.0,2.0,2,1.0,28,Normandie,76,3,21,Buchy,2805,108,2913.0,1.0,7,,2.0,0.0,3.0,1.0
202000007926,1.0,1,1,1,4.0,1.0,-1.0, -1,-1.0,1963.0,A01,13,10,2020,21:15,5,76.0,76575,2,1,1.0,2.0,CROIZAT. AVENUE AMBROISE,"49,3720300","1,1036600",,76.076575,76575,Seine-Maritime,28.0,Normandie,50.0,3.0,2.0,2,1.0,28,Normandie,76,3,98,Saint-Étienne-du-Rouvray,28508,225,28733.0,2.0,37,1.0,0.0,2.0,2.0,1.0
202000007926,1.0,1,4,2,0.0,1.0,-1.0, -1,-1.0,1998.0,B01,13,10,2020,21:15,5,76.0,76575,2,1,1.0,2.0,CROIZAT. AVENUE AMBROISE,"49,3720300","1,1036600",,76.076575,76575,Seine-Maritime,28.0,Normandie,50.0,3.0,2.0,2,1.0,28,Normandie,76,3,98,Saint-Étienne-du-Rouvray,28508,225,28733.0,2.0,7,,0.0,2.0,4.0,24.0
202000007926,2.0,2,4,2,0.0,1.0,-1.0, -1,-1.0,1998.0,B01,13,10,2020,21:15,5,76.0,76575,2,1,1.0,2.0,CROIZAT. AVENUE AMBROISE,"49,3720300","1,1036600",,76.076575,76575,Seine-Maritime,28.0,Normandie,50.0,3.0,2.0,2,1.0,28,Normandie,76,3,98,Saint-Étienne-du-Rouvray,28508,225,28733.0,2.0,7,,0.0,2.0,4.0,24.0
202000007927,1.0,1,1,2,0.0,1.0,-1.0, -1,-1.0,1987.0,A01,13,10,2020,17:05,1,76.0,76351,2,1,1.0,6.0,VLADIMIR KOMAROV (AVE),"49,5052700","0,1818100",,76.076351,76351,Seine-Maritime,28.0,Normandie,50.0,4.0,2.0,2,1.0,28,Normandie,76,2,96,LeHavre,166058,1780,167838.0,3.0,7,,0.0,1.0,1.0,1.0
202000007927,10.0,3,4,1,0.0,0.0,2.0,3,1.0,2012.0,A01,13,10,2020,17:05,1,76.0,76351,2,1,1.0,6.0,VLADIMIR KOMAROV (AVE),"49,5052700","0,1818100",,76.076351,76351,Seine-Maritime,28.0,Normandie,50.0,4.0,2.0,2,1.0,28,Normandie,76,2,96,LeHavre,166058,1780,167838.0,3.0,7,,0.0,1.0,1.0,1.0
202000008110,1.0,1,3,1,5.0,1.0,-1.0, -1,-1.0,1989.0,A01,14,6,2020,01:00,5,76.0,76545,2,1,1.0,3.0,CHAMP DE COURSES (RUE DU),"49,9085400","1,0874900",,76.076545,76545,Seine-Maritime,28.0,Normandie,50.0,3.0,2.0,2,1.0,28,Normandie,76,1,7,Rouxmesnil-BouteilLes1814,33,1847,,1.0,7,,0.0,2.0,8.0,15.0
202000008110,2.0,2,4,1,5.0,1.0,-1.0, -1,-1.0,2001.0,A01,14,6,2020,01:00,5,76.0,76545,2,1,1.0,3.0,CHAMP DE COURSES (RUE DU),"49,9085400","1,0874900",,76.076545,76545,Seine-Maritime,28.0,Normandie,50.0,3.0,2.0,2,1.0,28,Normandie,76,1,7,Rouxmesnil-BouteilLes1814,33,1847,,1.0,7,,0.0,2.0,8.0,15.0
202000008110,1.0,1,2,1,0.0,8.0,-1.0, -1,-1.0,1969.0,B01,14,6,2020,01:00,5,76.0,76545,2,1,1.0,3.0,CHAMP DE COURSES (RUE DU),"49,9085400","1,0874900",,76.076545,76545,Seine-Maritime,28.0,Normandie,50.0,3.0,2.0,2,1.0,28,Normandie,76,1,7,Rouxmesnil-BouteilLes1814,33,1847,,1.0,7,,0.0,2.0,1.0,1.0
202000008125,1.0,1,4,1,5.0,2.0,-1.0, -1,-1.0,2005.0,A01,18,8,2020,16:20,1,76.0,76540,2,3,1.0,3.0,CORNEILLE. QUAI (HAUT) PIERRE,"49,4380700","1,0927800",,76.076540,76540,Seine-Maritime,28.0,Normandie,50.0,3.0,2.0,3,1.0,28,Normandie,76,3,97,Rouen,114083,1556,115639.0,1.0,30,,0.0,2.0,1.0,7.0
202000008125,2.0,2,4,1,5.0,2.0,-1.0, -1,-1.0,2005.0,A01,18,8,2020,16:20,1,76.0,76540,2,3,1.0,3.0,CORNEILLE. QUAI (HAUT) PIERRE,"49,4380700","1,0927800",,76.076540,76540,Seine-Maritime,28.0,Normandie,50.0,3.0,2.0,3,1.0,28,Normandie,76,3,97,Rouen,114083,1556,115639.0,1.0,30,,0.0,2.0,1.0,7.0
202000008125,1.0,1,1,1,5.0,1.0,-1.0, -1,-1.0,1991.0,B01,18,8,2020,16:20,1,76.0,76540,2,3,1.0,3.0,CORNEILLE. QUAI (HAUT) PIERRE,"49,4380700","1,0927800",,76.076540,76540,Seine-Maritime,28.0,Normandie,50.0,3.0,2.0,3,1.0,28,Normandie,76,3,97,Rouen,114083,1556,115639.0,1.0,7,,0.0,2.0,7.0,16.0
202000008475,10.0,3,4,2,0.0,0.0,1.0,3,1.0,1950.0,A01,23,11,2020,18:15,5,76.0,76497,2,1,1.0,6.0,CD 3 (RUE ARISTIDE BRIAND),"49,3935700","1,0236800",,76.076497,76497,Seine-Maritime,28.0,Normandie,50.0,3.0,2.0,2,1.0,28,Normandie,76,3,13,Petit-Couronne,8688,175,8863.0,2.0,7,,0.0,1.0,1.0,1.0
202000008475,1.0,1,1,1,0.0,1.0,-1.0, -1,-1.0,1991.0,A01,23,11,2020,18:15,5,76.0,76497,2,1,1.0,6.0,CD 3 (RUE ARISTIDE BRIAND),"49,3935700","1,0236800",,76.076497,76497,Seine-Maritime,28.0,Normandie,50.0,3.0,2.0,2,1.0,28,Normandie,76,3,13,Petit-Couronne,8688,175,8863.0,2.0,7,,0.0,1.0,1.0,1.0
202000008726,1.0,1,3,1,0.0,1.0,-1.0, -1,-1.0,1993.0,B01,14,5,2020,18:20,1,76.0,76322,2,3,1.0,3.0,PROVINCES. AVENUE DES,"49,4114500","1,0529900",,76.076322,76322,Seine-Maritime,28.0,Normandie,50.0,4.0,2.0,4,1.0,28,Normandie,76,3,13,LeGrand-Quevilly,25975,225,26200.0,0.0,7,,0.0,2.0,0.0,0.0
202000008726,1.0,1,1,1,0.0,1.0,-1.0, -1,-1.0,1950.0,A01,14,5,2020,18:20,1,76.0,76322,2,3,1.0,3.0,PROVINCES. AVENUE DES,"49,4114500","1,0529900",,76.076322,76322,Seine-Maritime,28.0,Normandie,50.0,4.0,2.0,4,1.0,28,Normandie,76,3,13,LeGrand-Quevilly,25975,225,26200.0,0.0,7,,0.0,2.0,1.0,15.0
202000008727,1.0,1,4,1,5.0,1.0,-1.0, -1,-1.0,1947.0,A01,14,5,2020,15:00,1,76.0,76351,2,1,1.0,6.0,CHEMIN RURAL 47,"49,5293000","0,0848300",,76.076351,76351,Seine-Maritime,28.0,Normandie,50.0,4.0,2.0,2,1.0,28,Normandie,76,2,96,LeHavre,166058,1780,167838.0,0.0,7,,15.0,0.0,7.0,14.0
202000009094,1.0,1,4,1,0.0,8.0,-1.0, -1,-1.0,1974.0,A01,15,9,2020,01:15,5,76.0,76351,2,1,1.0,7.0,ALBERT 1ER,"49,4960900","0,0934750",,76.076351,76351,Seine-Maritime,28.0,Normandie,50.0,3.0,3.0,4,1.0,28,Normandie,76,2,96,LeHavre,166058,1780,167838.0,1.0,1,,0.0,0.0,0.0,0.0
202000009095,1.0,1,1,1,1.0,1.0,-1.0, -1,-1.0,1989.0,B01,14,9,2020,16:15,1,76.0,76341,2,1,1.0,3.0,BAT DE L'ORGE,"49,5057900","0,2003500",,76.076341,76341,Seine-Maritime,28.0,Normandie,10.0,4.0,1.0,1,2.0,28,Normandie,76,2,15,Harfleur,8315,53,8368.0,3.0,7,,0.0,2.0,1.0,0.0
202000009095,2.0,2,3,1,5.0,2.0,-1.0, -1,-1.0,1999.0,A01,14,9,2020,16:15,1,76.0,76341,2,1,1.0,3.0,BAT DE L'ORGE,"49,5057900","0,2003500",,76.076341,76341,Seine-Maritime,28.0,Normandie,10.0,4.0,1.0,1,2.0,28,Normandie,76,2,15,Harfleur,8315,53,8368.0,3.0,30,,0.0,2.0,1.0,5.0