Num_Acc,place,catu,grav,sexe,trajet,secu,locp,actp,etatp,an_nais,num_veh,jour,mois,an,hrmn,lum,dep,com,agg,int,atm,col,adr,lat,long,gps,com_insee_temp,com_insee,departmentName,regionCode,regionName,vma,catr,circ,nbv,surf,Code,Region,Departement,Arrondissement,Code_Canton,Nom_Commune,Population_municipaLe,Population_comptee_a_part,Population_Totale,senc,catv,occutc,obs,obsm,choc,manv
202000009095,1.0,1,4,2,5.0,2.0,-1.0, -1,-1.0,2004.0,A01,14,9,2020,16:15,1,76.0,76341,2,1,1.0,3.0,BAT DE L'ORGE,"49,5057900","0,2003500",,76.076341,76341,Seine-Maritime,28.0,Normandie,10.0,4.0,1.0,1,2.0,28,Normandie,76,2,15,Harfleur,8315,53,8368.0,3.0,30,,0.0,2.0,1.0,5.0
202000009382,10.0,3,4,2,1.0,0.0,4.0,3,1.0,1993.0,A01,27,1,2020,08:10,5,76.0,76540,2,1,1.0,6.0,SAINT JULIEN. RUE,"49,4256700","1,0737700",,76.076540,76540,Seine-Maritime,28.0,Normandie,30.0,4.0,2.0,2,1.0,28,Normandie,76,3,97,Rouen,114083,1556,115639.0,0.0,7,,0.0,1.0,1.0,1.0
202000009382,1.0,1,1,2,1.0,1.0,-1.0,0,-1.0,1981.0,A01,27,1,2020,08:10,5,76.0,76540,2,1,1.0,6.0,SAINT JULIEN. RUE,"49,4256700","1,0737700",,76.076540,76540,Seine-Maritime,28.0,Normandie,30.0,4.0,2.0,2,1.0,28,Normandie,76,3,97,Rouen,114083,1556,115639.0,0.0,7,,0.0,1.0,1.0,1.0
202000009383,1.0,1,3,2,3.0,1.0,-1.0, -1,-1.0,1935.0,A01,24,1,2020,14:05,1,76.0,76351,2,1,1.0,6.0,DOCTEUR POSTEL,"49,5102500","0,1304600",,76.076351,76351,Seine-Maritime,28.0,Normandie,10.0,6.0,-1.0,-1,1.0,28,Normandie,76,2,96,LeHavre,166058,1780,167838.0,3.0,7,,6.0,0.0,1.0,1.0
202000009525,1.0,1,3,1,4.0,2.0,-1.0, -1,-1.0,1998.0,A01,18,7,2020,02:20,5,76.0,76108,2,2,1.0,3.0,JUIN. AVENUE DU MARECHAL,"49,4621000","1,1224600",,76.076108,76108,Seine-Maritime,28.0,Normandie,50.0,3.0,2.0,4,1.0,28,Normandie,76,3,2,Bois-Guillaume,14262,361,14623.0,2.0,30,,0.0,2.0,7.0,1.0
202000009525,1.0,1,1,1,5.0,1.0,-1.0, -1,-1.0,1996.0,B01,18,7,2020,02:20,5,76.0,76108,2,2,1.0,3.0,JUIN. AVENUE DU MARECHAL,"49,4621000","1,1224600",,76.076108,76108,Seine-Maritime,28.0,Normandie,50.0,3.0,2.0,4,1.0,28,Normandie,76,3,2,Bois-Guillaume,14262,361,14623.0,2.0,7,,0.0,2.0,1.0,1.0
202000009774,2.0,2,1,1,5.0,1.0,-1.0, -1,-1.0,1979.0,B01,14,6,2020,04:15,5,76.0,76497,1,1,1.0,2.0,RN 138,"49,3696529","1,0419657",,76.076497,76497,Seine-Maritime,28.0,Normandie,110.0,2.0,3.0,6,1.0,28,Normandie,76,3,13,Petit-Couronne,8688,175,8863.0,2.0,7,,0.0,2.0,4.0,1.0
202000009774,2.0,2,4,1,5.0,1.0,-1.0, -1,-1.0,1988.0,B01,14,6,2020,04:15,5,76.0,76497,1,1,1.0,2.0,RN 138,"49,3696529","1,0419657",,76.076497,76497,Seine-Maritime,28.0,Normandie,110.0,2.0,3.0,6,1.0,28,Normandie,76,3,13,Petit-Couronne,8688,175,8863.0,2.0,7,,0.0,2.0,4.0,1.0
202000009774,1.0,1,1,1,5.0,1.0,-1.0,0,-1.0,1983.0,B01,14,6,2020,04:15,5,76.0,76497,1,1,1.0,2.0,RN 138,"49,3696529","1,0419657",,76.076497,76497,Seine-Maritime,28.0,Normandie,110.0,2.0,3.0,6,1.0,28,Normandie,76,3,13,Petit-Couronne,8688,175,8863.0,2.0,7,,0.0,2.0,4.0,1.0
202000009774,1.0,1,1,1,5.0,1.0,-1.0, -1,-1.0,1996.0,A01,14,6,2020,04:15,5,76.0,76497,1,1,1.0,2.0,RN 138,"49,3696529","1,0419657",,76.076497,76497,Seine-Maritime,28.0,Normandie,110.0,2.0,3.0,6,1.0,28,Normandie,76,3,13,Petit-Couronne,8688,175,8863.0,2.0,7,,0.0,2.0,1.0,1.0
202000010189,1.0,1,3,1,5.0,2.0,-1.0, -1,-1.0,1985.0,A01,15,8,2020,08:10,2,76.0,76540,2,1,1.0,6.0,CORNEILLE. PONT PIERRE,"49,4360200","1,0957000",,76.076540,76540,Seine-Maritime,28.0,Normandie,50.0,3.0,1.0,3,2.0,28,Normandie,76,3,97,Rouen,114083,1556,115639.0,1.0,33,,8.0,0.0,7.0,1.0
202000010189,2.0,2,3,1,5.0,2.0,-1.0, -1,-1.0,1990.0,A01,15,8,2020,08:10,2,76.0,76540,2,1,1.0,6.0,CORNEILLE. PONT PIERRE,"49,4360200","1,0957000",,76.076540,76540,Seine-Maritime,28.0,Normandie,50.0,3.0,1.0,3,2.0,28,Normandie,76,3,97,Rouen,114083,1556,115639.0,1.0,33,,8.0,0.0,7.0,1.0
202000010470,2.0,2,1,1,5.0,1.0,0.0,0,-1.0,1982.0,A01,22,11,2020,16:30,1,76.0,76122,1,1,2.0,6.0,Autoroute A28 - PK 44+800,"49,8252000","1,5216000",,76.076122,76122,Seine-Maritime,28.0,Normandie,130.0,1.0,1.0,2,2.0,28,Normandie,76,1,23,CallengevilLe502,8,510,,2.0,7,,2.0,0.0,1.0,1.0
202000010470,1.0,1,4,1,5.0,1.0,0.0,0,-1.0,1990.0,A01,22,11,2020,16:30,1,76.0,76122,1,1,2.0,6.0,Autoroute A28 - PK 44+800,"49,8252000","1,5216000",,76.076122,76122,Seine-Maritime,28.0,Normandie,130.0,1.0,1.0,2,2.0,28,Normandie,76,1,23,CallengevilLe502,8,510,,2.0,7,,2.0,0.0,1.0,1.0
202000010527,1.0,1,1,1,0.0,1.0,-1.0, -1,-1.0,1974.0,A01,20,11,2020,08:15,1,76.0,76212,2,3,1.0,6.0,RN 31 (BOULEVARD DE LA PAIX),"49,4379800","1,1474000",,76.076212,76212,Seine-Maritime,28.0,Normandie,50.0,2.0,2.0,5,2.0,28,Normandie,76,3,6,Darnétal,9738,74,9812.0,0.0,7,,0.0,1.0,1.0,13.0
202000010527,10.0,3,4,2,2.0,0.0,3.0,3,1.0,2003.0,A01,20,11,2020,08:15,1,76.0,76212,2,3,1.0,6.0,RN 31 (BOULEVARD DE LA PAIX),"49,4379800","1,1474000",,76.076212,76212,Seine-Maritime,28.0,Normandie,50.0,2.0,2.0,5,2.0,28,Normandie,76,3,6,Darnétal,9738,74,9812.0,0.0,7,,0.0,1.0,1.0,13.0
202000010659,7.0,2,1,1,0.0,1.0,0.0,0,-1.0,2015.0,B01,13,5,2020,11:40,1,76.0,76046,1,2,1.0,1.0,,"49,4399890","1,2944980",,76.076046,76046,Seine-Maritime,28.0,Normandie,80.0,3.0,2.0,2,1.0,28,Normandie,76,3,21,Auzouville-sur-Ry,689,13,702.0,2.0,7,,0.0,2.0,2.0,15.0
202000010659,7.0,2,4,2,0.0,1.0,0.0,0,-1.0,2013.0,B01,13,5,2020,11:40,1,76.0,76046,1,2,1.0,1.0,,"49,4399890","1,2944980",,76.076046,76046,Seine-Maritime,28.0,Normandie,80.0,3.0,2.0,2,1.0,28,Normandie,76,3,21,Auzouville-sur-Ry,689,13,702.0,2.0,7,,0.0,2.0,2.0,15.0
202000010659,1.0,1,4,2,0.0,1.0,0.0,0,-1.0,1983.0,B01,13,5,2020,11:40,1,76.0,76046,1,2,1.0,1.0,,"49,4399890","1,2944980",,76.076046,76046,Seine-Maritime,28.0,Normandie,80.0,3.0,2.0,2,1.0,28,Normandie,76,3,21,Auzouville-sur-Ry,689,13,702.0,2.0,7,,0.0,2.0,2.0,15.0
202000010659,1.0,1,1,1,5.0,1.0,0.0,0,-1.0,1960.0,A01,13,5,2020,11:40,1,76.0,76046,1,2,1.0,1.0,,"49,4399890","1,2944980",,76.076046,76046,Seine-Maritime,28.0,Normandie,80.0,3.0,2.0,2,1.0,28,Normandie,76,3,21,Auzouville-sur-Ry,689,13,702.0,1.0,7,,0.0,2.0,1.0,1.0
202000010703,1.0,1,1,1,3.0,1.0,-1.0, -1,-1.0,1954.0,A01,12,5,2020,10:15,1,76.0,76351,2,1,1.0,6.0,BOIS AU COQ (AVENUE),"49,5213000","0,1132000",,76.076351,76351,Seine-Maritime,28.0,Normandie,10.0,6.0,-1.0,0,1.0,28,Normandie,76,2,96,LeHavre,166058,1780,167838.0,3.0,7,,0.0,1.0,2.0,20.0
202000010703,10.0,3,3,2,3.0,0.0,9.0,9,1.0,1975.0,A01,12,5,2020,10:15,1,76.0,76351,2,1,1.0,6.0,BOIS AU COQ (AVENUE),"49,5213000","0,1132000",,76.076351,76351,Seine-Maritime,28.0,Normandie,10.0,6.0,-1.0,0,1.0,28,Normandie,76,2,96,LeHavre,166058,1780,167838.0,3.0,7,,0.0,1.0,2.0,20.0
202000010704,1.0,1,3,1,0.0,1.0,-1.0, -1,-1.0,1977.0,A01,13,5,2020,20:15,1,76.0,76565,1,3,1.0,3.0,RD 915,"49,8889298","1,0839987",,76.076565,76565,Seine-Maritime,28.0,Normandie,80.0,3.0,2.0,2,1.0,28,Normandie,76,1,7,Saint-Aubin-sur-Scie,1202,101,1303.0,0.0,7,,0.0,2.0,8.0,15.0
202000010704,1.0,1,3,2,5.0,1.0,-1.0, -1,-1.0,1998.0,B01,13,5,2020,20:15,1,76.0,76565,1,3,1.0,3.0,RD 915,"49,8889298","1,0839987",,76.076565,76565,Seine-Maritime,28.0,Normandie,80.0,3.0,2.0,2,1.0,28,Normandie,76,1,7,Saint-Aubin-sur-Scie,1202,101,1303.0,1.0,7,,0.0,2.0,1.0,1.0
202000010704,2.0,2,3,1,5.0,1.0,-1.0, -1,-1.0,1998.0,B01,13,5,2020,20:15,1,76.0,76565,1,3,1.0,3.0,RD 915,"49,8889298","1,0839987",,76.076565,76565,Seine-Maritime,28.0,Normandie,80.0,3.0,2.0,2,1.0,28,Normandie,76,1,7,Saint-Aubin-sur-Scie,1202,101,1303.0,1.0,7,,0.0,2.0,1.0,1.0
202000011099,1.0,1,1,1,3.0,1.0,-1.0, -1,-1.0,1968.0,A01,24,1,2020,18:11,1,76.0,76351,2,3,1.0,6.0,GUSTAVE BRINDEAU (RUE),"49,4906400","0,1413700",,76.076351,76351,Seine-Maritime,28.0,Normandie,50.0,4.0,2.0,2,1.0,28,Normandie,76,2,96,LeHavre,166058,1780,167838.0,0.0,7,,0.0,1.0,1.0,0.0
202000011099,10.0,3,4,1,0.0,0.0,2.0,3,1.0,1944.0,A01,24,1,2020,18:11,1,76.0,76351,2,3,1.0,6.0,GUSTAVE BRINDEAU (RUE),"49,4906400","0,1413700",,76.076351,76351,Seine-Maritime,28.0,Normandie,50.0,4.0,2.0,2,1.0,28,Normandie,76,2,96,LeHavre,166058,1780,167838.0,0.0,7,,0.0,1.0,1.0,0.0
202000011231,1.0,1,4,1,0.0,8.0,-1.0, -1,-1.0,1956.0,A01,11,9,2020,16:00,1,76.0,76410,2,1,1.0,-1.0,MARTYRS DE LA RESISTANCE. RUE DES,"49,4819600","1,0384800",,76.076410,76410,Seine-Maritime,28.0,Normandie,30.0,3.0,2.0,3,1.0,28,Normandie,76,3,4,Maromme,11024,122,11146.0,2.0,7,,1.0,2.0,5.0,22.0
202000011231,1.0,1,1,1,0.0,1.0,-1.0, -1,-1.0,1975.0,B01,11,9,2020,16:00,1,76.0,76410,2,1,1.0,-1.0,MARTYRS DE LA RESISTANCE. RUE DES,"49,4819600","1,0384800",,76.076410,76410,Seine-Maritime,28.0,Normandie,30.0,3.0,2.0,3,1.0,28,Normandie,76,3,4,Maromme,11024,122,11146.0,2.0,10,,1.0,0.0,5.0,0.0
202000011232,1.0,1,4,1,0.0,1.0,-1.0, -1,-1.0,1993.0,A01,12,9,2020,00:26,5,76.0,76540,2,2,1.0,6.0,EUROPE. BOULEVARD DE L',"49,4259400","1,0873400",,76.076540,76540,Seine-Maritime,28.0,Normandie,50.0,4.0,2.0,4,1.0,28,Normandie,76,3,97,Rouen,114083,1556,115639.0,3.0,7,,12.0,0.0,5.0,18.0
202000011233,1.0,1,4,1,5.0,1.0,-1.0, -1,-1.0,2001.0,B01,13,9,2020,00:55,5,76.0,76351,2,1,1.0,3.0,GEORGES LAFAURIE (RUE),"49,5014000","0,1144000",,76.076351,76351,Seine-Maritime,28.0,Normandie,50.0,4.0,2.0,2,1.0,28,Normandie,76,2,96,LeHavre,166058,1780,167838.0,3.0,7,,0.0,2.0,8.0,1.0
202000011233,2.0,2,1,1,5.0,1.0,-1.0, -1,-1.0,2002.0,B01,13,9,2020,00:55,5,76.0,76351,2,1,1.0,3.0,GEORGES LAFAURIE (RUE),"49,5014000","0,1144000",,76.076351,76351,Seine-Maritime,28.0,Normandie,50.0,4.0,2.0,2,1.0,28,Normandie,76,2,96,LeHavre,166058,1780,167838.0,3.0,7,,0.0,2.0,8.0,1.0
202000011233,1.0,1,4,2,5.0,1.0,-1.0, -1,-1.0,2002.0,C01,13,9,2020,00:55,5,76.0,76351,2,1,1.0,3.0,GEORGES LAFAURIE (RUE),"49,5014000","0,1144000",,76.076351,76351,Seine-Maritime,28.0,Normandie,50.0,4.0,2.0,2,1.0,28,Normandie,76,2,96,LeHavre,166058,1780,167838.0,3.0,7,,0.0,2.0,3.0,1.0
202000011512,1.0,1,3,1,5.0,2.0,0.0,0,-1.0,2000.0,B01,13,7,2020,12:00,1,76.0,76520,2,1,1.0,3.0,18 Route du Grand Marche,"49,8506460","1,6275620",,76.076520,76520,Seine-Maritime,28.0,Normandie,50.0,3.0,2.0,2,1.0,28,Normandie,76,1,10,Réalcamp,595,9,604.0,2.0,31,,0.0,2.0,1.0,17.0
202000011512,1.0,1,1,1,5.0,1.0,0.0,0,-1.0,1973.0,A01,13,7,2020,12:00,1,76.0,76520,2,1,1.0,3.0,18 Route du Grand Marche,"49,8506460","1,6275620",,76.076520,76520,Seine-Maritime,28.0,Normandie,50.0,3.0,2.0,2,1.0,28,Normandie,76,1,10,Réalcamp,595,9,604.0,2.0,7,,0.0,2.0,3.0,15.0
202000011533,1.0,1,4,1,3.0,1.0,0.0,0,-1.0,1988.0,B01,17,7,2020,09:25,1,76.0,76484,1,1,1.0,5.0,"A13, pk 112.250","49,3415380","1,0659100",,76.076484,76484,Seine-Maritime,28.0,Normandie,-1.0,1.0,3.0,5,1.0,28,Normandie,76,3,31,Oissel,12367,83,12450.0,1.0,7,,4.0,0.0,9.0,1.0
202000011533,2.0,2,1,2,3.0,1.0,0.0,0,-1.0,1966.0,B01,17,7,2020,09:25,1,76.0,76484,1,1,1.0,5.0,"A13, pk 112.250","49,3415380","1,0659100",,76.076484,76484,Seine-Maritime,28.0,Normandie,-1.0,1.0,3.0,5,1.0,28,Normandie,76,3,31,Oissel,12367,83,12450.0,1.0,7,,4.0,0.0,9.0,1.0
202000011533,1.0,1,1,1,4.0,1.0,0.0,0,-1.0,1981.0,C01,17,7,2020,09:25,1,76.0,76484,1,1,1.0,5.0,"A13, pk 112.250","49,3415380","1,0659100",,76.076484,76484,Seine-Maritime,28.0,Normandie,-1.0,1.0,3.0,5,1.0,28,Normandie,76,3,31,Oissel,12367,83,12450.0,1.0,7,,0.0,2.0,1.0,1.0
202000011654,1.0,1,1,1,0.0,1.0,-1.0, -1,-1.0,1988.0,A01,5,5,2020,19:10,1,76.0,76231,2,1,1.0,3.0,SAUSSAYE. RUE DE LA,"49,2716600","0,9970900",,76.076231,76231,Seine-Maritime,28.0,Normandie,50.0,3.0,2.0,2,1.0,28,Normandie,76,3,9,Elbeuf,15951,138,16089.0,2.0,7,,0.0,2.0,7.0,17.0
202000011654,1.0,1,4,2,0.0,1.0,-1.0, -1,-1.0,1960.0,B01,5,5,2020,19:10,1,76.0,76231,2,1,1.0,3.0,SAUSSAYE. RUE DE LA,"49,2716600","0,9970900",,76.076231,76231,Seine-Maritime,28.0,Normandie,50.0,3.0,2.0,2,1.0,28,Normandie,76,3,9,Elbeuf,15951,138,16089.0,2.0,3,,0.0,2.0,8.0,1.0
202000011655,1.0,1,1,1,0.0,1.0,-1.0, -1,-1.0,1987.0,A01,23,5,2020,11:15,1,76.0,76575,2,3,1.0,6.0,PARIS. RUE DE,"49,3972900","1,1031700",,76.076575,76575,Seine-Maritime,28.0,Normandie,50.0,3.0,2.0,2,1.0,28,Normandie,76,3,98,Saint-Étienne-du-Rouvray,28508,225,28733.0,2.0,7,,0.0,1.0,8.0,15.0
202000011655,10.0,3,3,1,0.0,0.0,4.0,3,1.0,1950.0,A01,23,5,2020,11:15,1,76.0,76575,2,3,1.0,6.0,PARIS. RUE DE,"49,3972900","1,1031700",,76.076575,76575,Seine-Maritime,28.0,Normandie,50.0,3.0,2.0,2,1.0,28,Normandie,76,3,98,Saint-Étienne-du-Rouvray,28508,225,28733.0,2.0,7,,0.0,1.0,8.0,15.0
202000011736,1.0,1,2,2,3.0,0.0,0.0,0,-1.0,1939.0,A01,17,6,2020,11:00,1,76.0,76013,1,1,1.0,6.0,D17,"49,7725690","0,5229290",,76.076013,76013,Seine-Maritime,28.0,Normandie,80.0,3.0,2.0,2,1.0,28,Normandie,76,2,11,Angerville-la-Martel,1083,27,1110.0,1.0,7,,2.0,0.0,1.0,1.0
202000011769,2.0,2,4,1,0.0,1.0,-1.0, -1,-1.0,1968.0,B01,7,10,2020,18:50,1,76.0,76498,2,6,1.0,3.0,BRUYERES. ROND POINT DES,"49,4125700","1,0725900",,76.076498,76498,Seine-Maritime,28.0,Normandie,30.0,3.0,2.0,3,1.0,28,Normandie,76,3,27,LePetit-Quevilly,21782,274,22056.0,1.0,7,,0.0,2.0,8.0,16.0
202000011769,1.0,1,4,1,0.0,1.0,-1.0, -1,-1.0,1990.0,B01,7,10,2020,18:50,1,76.0,76498,2,6,1.0,3.0,BRUYERES. ROND POINT DES,"49,4125700","1,0725900",,76.076498,76498,Seine-Maritime,28.0,Normandie,30.0,3.0,2.0,3,1.0,28,Normandie,76,3,27,LePetit-Quevilly,21782,274,22056.0,1.0,7,,0.0,2.0,8.0,16.0
202000011769,1.0,1,1,1,4.0,1.0,-1.0, -1,-1.0,1984.0,A01,7,10,2020,18:50,1,76.0,76498,2,6,1.0,3.0,BRUYERES. ROND POINT DES,"49,4125700","1,0725900",,76.076498,76498,Seine-Maritime,28.0,Normandie,30.0,3.0,2.0,3,1.0,28,Normandie,76,3,27,LePetit-Quevilly,21782,274,22056.0,1.0,14,,0.0,2.0,5.0,15.0
202000011770,1.0,1,4,1,5.0,2.0,-1.0, -1,-1.0,2002.0,A01,9,10,2020,16:45,1,76.0,76351,2,2,1.0,3.0,VERDUN (RUE DE),"49,5045300","0,1516300",,76.076351,76351,Seine-Maritime,28.0,Normandie,50.0,4.0,2.0,2,1.0,28,Normandie,76,2,96,LeHavre,166058,1780,167838.0,1.0,30,,0.0,2.0,1.0,0.0
202000011770,2.0,2,4,2,5.0,2.0,-1.0, -1,-1.0,2002.0,A01,9,10,2020,16:45,1,76.0,76351,2,2,1.0,3.0,VERDUN (RUE DE),"49,5045300","0,1516300",,76.076351,76351,Seine-Maritime,28.0,Normandie,50.0,4.0,2.0,2,1.0,28,Normandie,76,2,96,LeHavre,166058,1780,167838.0,1.0,30,,0.0,2.0,1.0,0.0
202000011770,1.0,1,1,2,1.0,1.0,-1.0, -1,-1.0,1984.0,B01,9,10,2020,16:45,1,76.0,76351,2,2,1.0,3.0,VERDUN (RUE DE),"49,5045300","0,1516300",,76.076351,76351,Seine-Maritime,28.0,Normandie,50.0,4.0,2.0,2,1.0,28,Normandie,76,2,96,LeHavre,166058,1780,167838.0,2.0,7,,0.0,2.0,6.0,1.0
202000011771,2.0,2,4,1,4.0,1.0,-1.0, -1,-1.0,1977.0,A01,10,10,2020,20:17,5,76.0,76351,2,8,2.0,3.0,DEMIDOFF (RUE),"49,4972000","0,1277000",,76.076351,76351,Seine-Maritime,28.0,Normandie,50.0,4.0,2.0,2,2.0,28,Normandie,76,2,96,LeHavre,166058,1780,167838.0,3.0,7,,0.0,4.0,7.0,15.0
202000011771,1.0,1,1,1,4.0,1.0,-1.0, -1,-1.0,1973.0,A01,10,10,2020,20:17,5,76.0,76351,2,8,2.0,3.0,DEMIDOFF (RUE),"49,4972000","0,1277000",,76.076351,76351,Seine-Maritime,28.0,Normandie,50.0,4.0,2.0,2,2.0,28,Normandie,76,2,96,LeHavre,166058,1780,167838.0,3.0,7,,0.0,4.0,7.0,15.0
202000011771,1.0,1,4,2,4.0,8.0,-1.0, -1,-1.0,1959.0,B01,10,10,2020,20:17,5,76.0,76351,2,8,2.0,3.0,DEMIDOFF (RUE),"49,4972000","0,1277000",,76.076351,76351,Seine-Maritime,28.0,Normandie,50.0,4.0,2.0,2,2.0,28,Normandie,76,2,96,LeHavre,166058,1780,167838.0,3.0,40,,0.0,2.0,1.0,1.0
202000011916,1.0,1,3,1,5.0,2.0,0.0,0,-1.0,1986.0,A01,7,10,2020,16:20,1,76.0,76120,1,1,1.0,6.0,D7,"49,6096250","1,4082560",,76.076120,76120,Seine-Maritime,28.0,Normandie,80.0,3.0,2.0,2,1.0,28,Normandie,76,3,21,Bosc-Bordel,447,10,457.0,1.0,2,,2.0,0.0,1.0,1.0
202000012065,1.0,1,4,2,9.0,1.0,0.0,0,-1.0,1935.0,A01,15,8,2020,11:45,1,76.0,76542,1,1,1.0,1.0,D88,"49,7278220","0,7604170",,76.076542,76542,Seine-Maritime,28.0,Normandie,80.0,3.0,2.0,2,1.0,28,Normandie,76,3,35,Routes,287,4,291.0,2.0,7,,0.0,2.0,3.0,0.0
202000012065,2.0,2,3,2,9.0,1.0,0.0,0,-1.0,1938.0,A01,15,8,2020,11:45,1,76.0,76542,1,1,1.0,1.0,D88,"49,7278220","0,7604170",,76.076542,76542,Seine-Maritime,28.0,Normandie,80.0,3.0,2.0,2,1.0,28,Normandie,76,3,35,Routes,287,4,291.0,2.0,7,,0.0,2.0,3.0,0.0
202000012065,2.0,2,1,1,0.0,1.0,0.0,0,-1.0,1996.0,B01,15,8,2020,11:45,1,76.0,76542,1,1,1.0,1.0,D88,"49,7278220","0,7604170",,76.076542,76542,Seine-Maritime,28.0,Normandie,80.0,3.0,2.0,2,1.0,28,Normandie,76,3,35,Routes,287,4,291.0,1.0,7,,0.0,2.0,3.0,0.0
202000012065,1.0,1,1,1,9.0,1.0,0.0,0,-1.0,1996.0,B01,15,8,2020,11:45,1,76.0,76542,1,1,1.0,1.0,D88,"49,7278220","0,7604170",,76.076542,76542,Seine-Maritime,28.0,Normandie,80.0,3.0,2.0,2,1.0,28,Normandie,76,3,35,Routes,287,4,291.0,1.0,7,,0.0,2.0,3.0,0.0
202000012066,1.0,1,3,1,5.0,2.0,0.0,0,-1.0,1962.0,A01,15,8,2020,11:35,1,76.0,76188,1,9,1.0,7.0,Route de la Dreule,"49,6511890","1,2408440",,76.076188,76188,Seine-Maritime,28.0,Normandie,70.0,3.0,2.0,2,1.0,28,Normandie,76,3,23,Cottévrard,473,4,477.0,2.0,1,,0.0,0.0,9.0,0.0
202000012108,1.0,1,1,1,5.0,1.0,0.0,0,-1.0,1951.0,A01,16,8,2020,22:20,3,76.0,76484,1,1,1.0,2.0,A13,"49,3428520","1,0618760",,76.076484,76484,Seine-Maritime,28.0,Normandie,110.0,1.0,3.0,5,1.0,28,Normandie,76,3,31,Oissel,12367,83,12450.0,1.0,7,,0.0,2.0,5.0,1.0
202000012108,4.0,2,1,1,5.0,1.0,0.0,0,-1.0,2005.0,A01,16,8,2020,22:20,3,76.0,76484,1,1,1.0,2.0,A13,"49,3428520","1,0618760",,76.076484,76484,Seine-Maritime,28.0,Normandie,110.0,1.0,3.0,5,1.0,28,Normandie,76,3,31,Oissel,12367,83,12450.0,1.0,7,,0.0,2.0,5.0,1.0
202000012108,2.0,2,4,1,5.0,1.0,0.0,0,-1.0,2001.0,A01,16,8,2020,22:20,3,76.0,76484,1,1,1.0,2.0,A13,"49,3428520","1,0618760",,76.076484,76484,Seine-Maritime,28.0,Normandie,110.0,1.0,3.0,5,1.0,28,Normandie,76,3,31,Oissel,12367,83,12450.0,1.0,7,,0.0,2.0,5.0,1.0
202000012108,7.0,2,1,2,5.0,1.0,0.0,0,-1.0,1974.0,A01,16,8,2020,22:20,3,76.0,76484,1,1,1.0,2.0,A13,"49,3428520","1,0618760",,76.076484,76484,Seine-Maritime,28.0,Normandie,110.0,1.0,3.0,5,1.0,28,Normandie,76,3,31,Oissel,12367,83,12450.0,1.0,7,,0.0,2.0,5.0,1.0
202000012108,2.0,2,4,1,5.0,1.0,0.0,0,-1.0,2002.0,A01,16,8,2020,22:20,3,76.0,76484,1,1,1.0,2.0,A13,"49,3428520","1,0618760",,76.076484,76484,Seine-Maritime,28.0,Normandie,110.0,1.0,3.0,5,1.0,28,Normandie,76,3,31,Oissel,12367,83,12450.0,1.0,7,,0.0,2.0,5.0,1.0
202000012108,1.0,1,1,1,5.0,1.0,0.0,0,-1.0,1985.0,B01,16,8,2020,22:20,3,76.0,76484,1,1,1.0,2.0,A13,"49,3428520","1,0618760",,76.076484,76484,Seine-Maritime,28.0,Normandie,110.0,1.0,3.0,5,1.0,28,Normandie,76,3,31,Oissel,12367,83,12450.0,1.0,7,,0.0,2.0,3.0,12.0
202000012530,4.0,2,4,1,5.0,1.0,-1.0, -1,-1.0,1996.0,A01,10,5,2020,03:00,5,76.0,76351,2,1,1.0,6.0,DEMIDOFF (RUE),"49,4976896","0,1369429",,76.076351,76351,Seine-Maritime,28.0,Normandie,30.0,4.0,2.0,2,3.0,28,Normandie,76,2,96,LeHavre,166058,1780,167838.0,3.0,7,,1.0,0.0,1.0,1.0
202000012530,2.0,2,4,1,5.0,1.0,-1.0, -1,-1.0,1996.0,A01,10,5,2020,03:00,5,76.0,76351,2,1,1.0,6.0,DEMIDOFF (RUE),"49,4976896","0,1369429",,76.076351,76351,Seine-Maritime,28.0,Normandie,30.0,4.0,2.0,2,3.0,28,Normandie,76,2,96,LeHavre,166058,1780,167838.0,3.0,7,,1.0,0.0,1.0,1.0
202000012531,1.0,1,3,1,5.0,8.0,-1.0, -1,-1.0,2002.0,A01,11,5,2020,19:15,2,76.0,76351,2,1,1.0,6.0,BIGNE A FOSSE,"49,5301585","0,1155770",,76.076351,76351,Seine-Maritime,28.0,Normandie,10.0,5.0,2.0,1,1.0,28,Normandie,76,2,96,LeHavre,166058,1780,167838.0,3.0,30,,9.0,0.0,2.0,1.0
202000012572,1.0,1,3,1,5.0,2.0,0.0,0,-1.0,1983.0,A01,12,5,2020,18:55,1,76.0,76378,1,1,1.0,6.0,Route du Mesnil,"49,4135350","0,8418490",,76.076378,76378,Seine-Maritime,28.0,Normandie,80.0,3.0,2.0,2,1.0,28,Normandie,76,3,1,Jumièges,1726,27,1753.0,2.0,33,,8.0,0.0,3.0,1.0
202000012617,10.0,3,4,1,3.0,0.0,1.0,3,2.0,1980.0,A01,11,5,2020,10:30,1,76.0,76217,2,1,6.0,6.0,CANADIENS (AVENUE DES)  RN27,"49,9097000","1,0761000",,76.076217,76217,Seine-Maritime,28.0,Normandie,50.0,2.0,1.0,2,1.0,28,Normandie,76,1,95,Dieppe,28358,455,28813.0,1.0,7,,0.0,1.0,2.0,1.0
202000012617,1.0,1,1,1,3.0,1.0,-1.0, -1,-1.0,1991.0,A01,11,5,2020,10:30,1,76.0,76217,2,1,6.0,6.0,CANADIENS (AVENUE DES)  RN27,"49,9097000","1,0761000",,76.076217,76217,Seine-Maritime,28.0,Normandie,50.0,2.0,1.0,2,1.0,28,Normandie,76,1,95,Dieppe,28358,455,28813.0,1.0,7,,0.0,1.0,2.0,1.0