Num_Acc,place,catu,grav,sexe,trajet,secu,locp,actp,etatp,an_nais,num_veh,jour,mois,an,hrmn,lum,dep,com,agg,int,atm,col,adr,lat,long,gps,com_insee_temp,com_insee,departmentName,regionCode,regionName,vma,catr,circ,nbv,surf,Code,Region,Departement,Arrondissement,Code_Canton,Nom_Commune,Population_municipaLe,Population_comptee_a_part,Population_Totale,senc,catv,occutc,obs,obsm,choc,manv
202000024759,2.0,2,1,2,5.0,1.0,-1.0, -1,-1.0,1942.0,A01,8,2,2020,07:45,2,76.0,76351,2,1,2.0,6.0,GENERAL FERRIE (AVENUE),"49,5089800","0,1746300",,76.076351,76351,Seine-Maritime,28.0,Normandie,50.0,4.0,2.0,2,2.0,28,Normandie,76,2,96,LeHavre,166058,1780,167838.0,3.0,7,,0.0,1.0,1.0,1.0
202000024759,10.0,3,3,2,5.0,0.0,2.0,3,1.0,1938.0,A01,8,2,2020,07:45,2,76.0,76351,2,1,2.0,6.0,GENERAL FERRIE (AVENUE),"49,5089800","0,1746300",,76.076351,76351,Seine-Maritime,28.0,Normandie,50.0,4.0,2.0,2,2.0,28,Normandie,76,2,96,LeHavre,166058,1780,167838.0,3.0,7,,0.0,1.0,1.0,1.0
202000024760,1.0,1,1,2,0.0,1.0,-1.0, -1,-1.0,1975.0,A01,24,1,2020,13:15,1,76.0,76351,2,1,1.0,6.0,FELIX FAURE,"49,5016800","0,1140000",,76.076351,76351,Seine-Maritime,28.0,Normandie,50.0,4.0,2.0,2,1.0,28,Normandie,76,2,96,LeHavre,166058,1780,167838.0,3.0,7,,0.0,1.0,1.0,1.0
202000024760,10.0,3,3,2,2.0,0.0,3.0,3,1.0,2004.0,A01,24,1,2020,13:15,1,76.0,76351,2,1,1.0,6.0,FELIX FAURE,"49,5016800","0,1140000",,76.076351,76351,Seine-Maritime,28.0,Normandie,50.0,4.0,2.0,2,1.0,28,Normandie,76,2,96,LeHavre,166058,1780,167838.0,3.0,7,,0.0,1.0,1.0,1.0
202000024761,1.0,1,3,1,5.0,2.0,-1.0,0,-1.0,2002.0,B01,7,2,2020,22:00,5,76.0,76217,2,2,1.0,6.0,FAUBOURG DE LA BARRE (DE),"49,9222079","1,0701585",,76.076217,76217,Seine-Maritime,28.0,Normandie,50.0,3.0,2.0,2,1.0,28,Normandie,76,1,95,Dieppe,28358,455,28813.0,1.0,2,,0.0,2.0,3.0,1.0
202000024761,2.0,2,4,2,5.0,2.0,-1.0,0,-1.0,2003.0,B01,7,2,2020,22:00,5,76.0,76217,2,2,1.0,6.0,FAUBOURG DE LA BARRE (DE),"49,9222079","1,0701585",,76.076217,76217,Seine-Maritime,28.0,Normandie,50.0,3.0,2.0,2,1.0,28,Normandie,76,1,95,Dieppe,28358,455,28813.0,1.0,2,,0.0,2.0,3.0,1.0
202000024891,1.0,1,4,2,4.0,1.0,-1.0, -1,-1.0,1994.0,B01,5,9,2020,09:05,1,76.0,76540,2,3,1.0,3.0,AMIENS. RUE D',"49,4401900","1,1027200",,76.076540,76540,Seine-Maritime,28.0,Normandie,30.0,4.0,2.0,2,1.0,28,Normandie,76,3,97,Rouen,114083,1556,115639.0,0.0,10,,0.0,2.0,2.0,1.0
202000024891,1.0,1,1,2,5.0,1.0,-1.0, -1,-1.0,1966.0,A01,5,9,2020,09:05,1,76.0,76540,2,3,1.0,3.0,AMIENS. RUE D',"49,4401900","1,1027200",,76.076540,76540,Seine-Maritime,28.0,Normandie,30.0,4.0,2.0,2,1.0,28,Normandie,76,3,97,Rouen,114083,1556,115639.0,0.0,7,,0.0,2.0,1.0,16.0
202000024892,1.0,1,3,2,0.0,2.0,-1.0, -1,-1.0,1989.0,A01,6,9,2020,04:00,5,76.0,76351,2,2,1.0,2.0,MARECHAL JOFFRE (RUE),"49,4996000","0,1227400",,76.076351,76351,Seine-Maritime,28.0,Normandie,50.0,4.0,2.0,2,1.0,28,Normandie,76,2,96,LeHavre,166058,1780,167838.0,2.0,30,,0.0,2.0,1.0,0.0
202000024892,1.0,1,1,1,0.0,1.0,-1.0, -1,-1.0,1995.0,B01,6,9,2020,04:00,5,76.0,76351,2,2,1.0,2.0,MARECHAL JOFFRE (RUE),"49,4996000","0,1227400",,76.076351,76351,Seine-Maritime,28.0,Normandie,50.0,4.0,2.0,2,1.0,28,Normandie,76,2,96,LeHavre,166058,1780,167838.0,2.0,7,,0.0,2.0,3.0,0.0
202000024893,2.0,2,4,2,5.0,2.0,-1.0, -1,-1.0,1986.0,A01,6,9,2020,00:55,5,76.0,76351,2,2,1.0,7.0,REPUBLIQUE (COURS DE LA),"49,5000000","0,1298000",,76.076351,76351,Seine-Maritime,28.0,Normandie,50.0,4.0,2.0,4,1.0,28,Normandie,76,2,96,LeHavre,166058,1780,167838.0,3.0,2,,0.0,2.0,8.0,1.0
202000024893,1.0,1,1,1,5.0,2.0,-1.0, -1,-1.0,1983.0,A01,6,9,2020,00:55,5,76.0,76351,2,2,1.0,7.0,REPUBLIQUE (COURS DE LA),"49,5000000","0,1298000",,76.076351,76351,Seine-Maritime,28.0,Normandie,50.0,4.0,2.0,4,1.0,28,Normandie,76,2,96,LeHavre,166058,1780,167838.0,3.0,2,,0.0,2.0,8.0,1.0
202000025011,1.0,1,3,2,5.0,1.0,0.0,0,-1.0,1958.0,A01,8,8,2020,15:20,1,76.0,76628,1,9,1.0,7.0,A29,"49,6408840","1,0214710",,76.076628,76628,Seine-Maritime,28.0,Normandie,130.0,1.0,1.0,4,1.0,28,Normandie,76,1,20,Saint-Ouen-du-Breuil,889,14,903.0,2.0,7,,0.0,0.0,9.0,0.0
202000025011,2.0,2,3,1,5.0,1.0,0.0,0,-1.0,1962.0,A01,8,8,2020,15:20,1,76.0,76628,1,9,1.0,7.0,A29,"49,6408840","1,0214710",,76.076628,76628,Seine-Maritime,28.0,Normandie,130.0,1.0,1.0,4,1.0,28,Normandie,76,1,20,Saint-Ouen-du-Breuil,889,14,903.0,2.0,7,,0.0,0.0,9.0,0.0
202000025018,1.0,1,1,1,5.0,1.0,0.0,0,-1.0,1944.0,A01,8,8,2020,10:40,1,76.0,76755,1,3,7.0,3.0,D926,"49,6883890","0,5450730",,76.076755,76755,Seine-Maritime,28.0,Normandie,80.0,3.0,2.0,2,1.0,28,Normandie,76,2,11,Ypreville-BivilLe555,8,563,,1.0,7,,0.0,0.0,8.0,15.0
202000025018,2.0,2,3,2,5.0,2.0,0.0,0,-1.0,1968.0,B01,8,8,2020,10:40,1,76.0,76755,1,3,7.0,3.0,D926,"49,6883890","0,5450730",,76.076755,76755,Seine-Maritime,28.0,Normandie,80.0,3.0,2.0,2,1.0,28,Normandie,76,2,11,Ypreville-BivilLe555,8,563,,1.0,33,,0.0,2.0,9.0,17.0
202000025018,1.0,1,4,1,5.0,2.0,0.0,0,-1.0,1966.0,B01,8,8,2020,10:40,1,76.0,76755,1,3,7.0,3.0,D926,"49,6883890","0,5450730",,76.076755,76755,Seine-Maritime,28.0,Normandie,80.0,3.0,2.0,2,1.0,28,Normandie,76,2,11,Ypreville-BivilLe555,8,563,,1.0,33,,0.0,2.0,9.0,17.0
202000025102,2.0,2,3,2,5.0,1.0,-1.0, -1,-1.0,2000.0,A01,6,8,2020,04:50,5,76.0,76217,2,1,1.0,6.0,GAMBETTA (AVENUE),"49,9219900","1,0732200",,76.076217,76217,Seine-Maritime,28.0,Normandie,50.0,3.0,2.0,3,1.0,28,Normandie,76,1,95,Dieppe,28358,455,28813.0,1.0,7,,2.0,0.0,2.0,14.0
202000025102,4.0,2,4,2,0.0,1.0,-1.0, -1,-1.0,2003.0,A01,6,8,2020,04:50,5,76.0,76217,2,1,1.0,6.0,GAMBETTA (AVENUE),"49,9219900","1,0732200",,76.076217,76217,Seine-Maritime,28.0,Normandie,50.0,3.0,2.0,3,1.0,28,Normandie,76,1,95,Dieppe,28358,455,28813.0,1.0,7,,2.0,0.0,2.0,14.0
202000025102,1.0,1,4,2,5.0,1.0,-1.0, -1,-1.0,1998.0,A01,6,8,2020,04:50,5,76.0,76217,2,1,1.0,6.0,GAMBETTA (AVENUE),"49,9219900","1,0732200",,76.076217,76217,Seine-Maritime,28.0,Normandie,50.0,3.0,2.0,3,1.0,28,Normandie,76,1,95,Dieppe,28358,455,28813.0,1.0,7,,2.0,0.0,2.0,14.0
202000025275,1.0,1,4,2,1.0,1.0,0.0,0,-1.0,1990.0,A01,5,6,2020,20:00,1,76.0,76484,1,1,1.0,6.0,A139,"49,3527490","1,0335730",,76.076484,76484,Seine-Maritime,28.0,Normandie,110.0,1.0,3.0,4,1.0,28,Normandie,76,3,31,Oissel,12367,83,12450.0,2.0,7,,3.0,0.0,2.0,21.0
202000025313,1.0,1,3,1,5.0,1.0,0.0,0,-1.0,1956.0,B01,7,6,2020,23:00,3,76.0,76473,1,2,1.0,2.0,D490,"49,4861150","0,7574790",,76.076473,76473,Seine-Maritime,28.0,Normandie,80.0,3.0,2.0,2,1.0,28,Normandie,76,3,25,Notre-Dame-de-Bliquetuit,817,11,828.0,2.0,3,,0.0,0.0,4.0,15.0
202000025313,1.0,1,1,1,5.0,1.0,0.0,0,-1.0,1977.0,A01,7,6,2020,23:00,3,76.0,76473,1,2,1.0,2.0,D490,"49,4861150","0,7574790",,76.076473,76473,Seine-Maritime,28.0,Normandie,80.0,3.0,2.0,2,1.0,28,Normandie,76,3,25,Notre-Dame-de-Bliquetuit,817,11,828.0,2.0,7,,0.0,2.0,1.0,1.0
202000025313,9.0,2,1,2,5.0,1.0,0.0,0,-1.0,1981.0,A01,7,6,2020,23:00,3,76.0,76473,1,2,1.0,2.0,D490,"49,4861150","0,7574790",,76.076473,76473,Seine-Maritime,28.0,Normandie,80.0,3.0,2.0,2,1.0,28,Normandie,76,3,25,Notre-Dame-de-Bliquetuit,817,11,828.0,2.0,7,,0.0,2.0,1.0,1.0
202000025345,1.0,1,1,1,4.0,1.0,-1.0, -1,-1.0,1998.0,A01,6,11,2020,07:40,1,76.0,76540,2,1,1.0,3.0,NEUFCHATEL. ROUTE DE,"49,4530300","1,0986600",,76.076540,76540,Seine-Maritime,28.0,Normandie,50.0,3.0,2.0,3,1.0,28,Normandie,76,3,97,Rouen,114083,1556,115639.0,1.0,7,,0.0,2.0,8.0,9.0
202000025345,1.0,1,4,1,1.0,2.0,-1.0, -1,-1.0,1978.0,B01,6,11,2020,07:40,1,76.0,76540,2,1,1.0,3.0,NEUFCHATEL. ROUTE DE,"49,4530300","1,0986600",,76.076540,76540,Seine-Maritime,28.0,Normandie,50.0,3.0,2.0,3,1.0,28,Normandie,76,3,97,Rouen,114083,1556,115639.0,1.0,80,,0.0,2.0,1.0,1.0
202000025348,1.0,1,4,1,0.0,8.0,-1.0, -1,-1.0,1997.0,A01,5,11,2020,21:00,5,76.0,76351,2,2,1.0,3.0,MARECHAL JOFFRE (RUE),"49,4989310","0,1198750",,76.076351,76351,Seine-Maritime,28.0,Normandie,50.0,4.0,2.0,2,1.0,28,Normandie,76,2,96,LeHavre,166058,1780,167838.0,3.0,2,,0.0,2.0,1.0,17.0
202000025348,1.0,1,1,1,1.0,1.0,-1.0, -1,-1.0,2000.0,B01,5,11,2020,21:00,5,76.0,76351,2,2,1.0,3.0,MARECHAL JOFFRE (RUE),"49,4989310","0,1198750",,76.076351,76351,Seine-Maritime,28.0,Normandie,50.0,4.0,2.0,2,1.0,28,Normandie,76,2,96,LeHavre,166058,1780,167838.0,3.0,7,,0.0,2.0,3.0,15.0
202000025501,1.0,1,3,1,5.0,2.0,0.0,0,-1.0,1959.0,A01,6,6,2020,17:00,1,76.0,76488,1,1,6.0,7.0,Rue de Maldestour,"49,7839000","0,5923000",,76.076488,76488,Seine-Maritime,28.0,Normandie,80.0,3.0,2.0,2,1.0,28,Normandie,76,1,33,OuainvilLe527,12,539,,2.0,31,,0.0,0.0,8.0,1.0
202000025576,1.0,1,1,1,0.0,1.0,-1.0, -1,-1.0,1944.0,A01,2,10,2020,20:00,3,76.0,76095,2,1,2.0,5.0,RN 28 (ROUTE DE NEUFCHATEL),"49,4575200","1,1080900",,76.076095,76095,Seine-Maritime,28.0,Normandie,50.0,3.0,2.0,2,2.0,28,Normandie,76,3,2,Bihorel,8199,164,8363.0,0.0,7,,0.0,2.0,1.0,1.0
202000025576,1.0,1,1,1,0.0,1.0,-1.0, -1,-1.0,2001.0,C01,2,10,2020,20:00,3,76.0,76095,2,1,2.0,5.0,RN 28 (ROUTE DE NEUFCHATEL),"49,4575200","1,1080900",,76.076095,76095,Seine-Maritime,28.0,Normandie,50.0,3.0,2.0,2,2.0,28,Normandie,76,3,2,Bihorel,8199,164,8363.0,0.0,7,,0.0,2.0,0.0,1.0
202000025576,1.0,1,4,1,4.0,2.0,-1.0, -1,-1.0,1997.0,B01,2,10,2020,20:00,3,76.0,76095,2,1,2.0,5.0,RN 28 (ROUTE DE NEUFCHATEL),"49,4575200","1,1080900",,76.076095,76095,Seine-Maritime,28.0,Normandie,50.0,3.0,2.0,2,2.0,28,Normandie,76,3,2,Bihorel,8199,164,8363.0,0.0,2,,0.0,2.0,4.0,1.0
202000025663,10.0,3,3,1,5.0,8.0,3.0,3,1.0,1928.0,A01,5,6,2020,15:00,1,76.0,76217,2,1,1.0,6.0,BOURSE (ARCADES DE LA),"49,9267600","1,0794700",,76.076217,76217,Seine-Maritime,28.0,Normandie,30.0,4.0,1.0,2,1.0,28,Normandie,76,1,95,Dieppe,28358,455,28813.0,2.0,7,,0.0,1.0,1.0,2.0
202000025663,1.0,1,1,1,0.0,1.0,-1.0, -1,-1.0,2000.0,A01,5,6,2020,15:00,1,76.0,76217,2,1,1.0,6.0,BOURSE (ARCADES DE LA),"49,9267600","1,0794700",,76.076217,76217,Seine-Maritime,28.0,Normandie,30.0,4.0,1.0,2,1.0,28,Normandie,76,1,95,Dieppe,28358,455,28813.0,2.0,7,,0.0,1.0,1.0,2.0
202000025943,1.0,1,4,1,0.0,1.0,-1.0, -1,-1.0,1984.0,A01,9,4,2020,23:00,5,76.0,76319,1,1,1.0,7.0,ESSARTS. RUE DES (CD 13),"49,3382604","1,0140420",,76.076319,76319,Seine-Maritime,28.0,Normandie,80.0,3.0,2.0,2,1.0,28,Normandie,76,3,9,Grand-Couronne,9726,177,9903.0,2.0,7,,0.0,0.0,1.0,0.0
202000026028,1.0,1,4,1,0.0,2.0,-1.0, -1,-1.0,2001.0,B01,15,12,2020,18:00,5,76.0,76540,2,1,1.0,2.0,CANADIENS. AVENUE DES,"49,4589100","1,1289700",,76.076540,76540,Seine-Maritime,28.0,Normandie,30.0,4.0,2.0,2,1.0,28,Normandie,76,3,97,Rouen,114083,1556,115639.0,0.0,2,,0.0,0.0,0.0,0.0
202000026028,1.0,1,1,1,5.0,1.0,-1.0, -1,-1.0,1947.0,A01,15,12,2020,18:00,5,76.0,76540,2,1,1.0,2.0,CANADIENS. AVENUE DES,"49,4589100","1,1289700",,76.076540,76540,Seine-Maritime,28.0,Normandie,30.0,4.0,2.0,2,1.0,28,Normandie,76,3,97,Rouen,114083,1556,115639.0,0.0,7,,0.0,2.0,1.0,2.0
202000026153,1.0,1,3,1,0.0,8.0,-1.0, -1,-1.0,1988.0,A01,16,1,2020,19:07,4,76.0,76165,2,1,1.0,-1.0,CHENNEVIERE. RUE,"49,2899100","1,0262500",,76.076165,76165,Seine-Maritime,28.0,Normandie,50.0,4.0,2.0,2,1.0,28,Normandie,76,3,5,Caudebec-lès-Elbeuf,10135,69,10204.0,3.0,1,,0.0,2.0,2.0,9.0
202000026153,1.0,1,1,2,0.0,1.0,-1.0, -1,-1.0,1991.0,B01,16,1,2020,19:07,4,76.0,76165,2,1,1.0,-1.0,CHENNEVIERE. RUE,"49,2899100","1,0262500",,76.076165,76165,Seine-Maritime,28.0,Normandie,50.0,4.0,2.0,2,1.0,28,Normandie,76,3,5,Caudebec-lès-Elbeuf,10135,69,10204.0,0.0,7,,0.0,2.0,2.0,1.0
202000026154,1.0,1,1,1,0.0,1.0,-1.0, -1,-1.0,1985.0,B01,16,1,2020,18:05,5,76.0,76351,2,1,1.0,-1.0,FRISSARD (QUAI),"49,4903800","0,1275600",,76.076351,76351,Seine-Maritime,28.0,Normandie,30.0,4.0,2.0,2,1.0,28,Normandie,76,2,96,LeHavre,166058,1780,167838.0,0.0,7,,0.0,2.0,3.0,23.0
202000026154,10.0,3,4,1,0.0,0.0,3.0,3,1.0,1996.0,A01,16,1,2020,18:05,5,76.0,76351,2,1,1.0,-1.0,FRISSARD (QUAI),"49,4903800","0,1275600",,76.076351,76351,Seine-Maritime,28.0,Normandie,30.0,4.0,2.0,2,1.0,28,Normandie,76,2,96,LeHavre,166058,1780,167838.0,0.0,33,,0.0,1.0,1.0,1.0
202000026154,1.0,1,1,1,5.0,2.0,0.0,0,-1.0,1999.0,A01,16,1,2020,18:05,5,76.0,76351,2,1,1.0,-1.0,FRISSARD (QUAI),"49,4903800","0,1275600",,76.076351,76351,Seine-Maritime,28.0,Normandie,30.0,4.0,2.0,2,1.0,28,Normandie,76,2,96,LeHavre,166058,1780,167838.0,0.0,33,,0.0,1.0,1.0,1.0
202000026338,1.0,1,1,1,1.0,1.0,0.0,0,-1.0,1993.0,A01,15,1,2020,08:10,5,76.0,76540,2,1,1.0,6.0,MONT RIBOUDET. AVENUE DU,"49,4463700","1,0708900",,76.076540,76540,Seine-Maritime,28.0,Normandie,50.0,3.0,3.0,7,1.0,28,Normandie,76,3,97,Rouen,114083,1556,115639.0,1.0,7,,0.0,1.0,1.0,1.0
202000026338,10.0,3,4,2,1.0,0.0,3.0,3,1.0,1998.0,A01,15,1,2020,08:10,5,76.0,76540,2,1,1.0,6.0,MONT RIBOUDET. AVENUE DU,"49,4463700","1,0708900",,76.076540,76540,Seine-Maritime,28.0,Normandie,50.0,3.0,3.0,7,1.0,28,Normandie,76,3,97,Rouen,114083,1556,115639.0,1.0,7,,0.0,1.0,1.0,1.0
202000026339,1.0,1,1,1,0.0,1.0,0.0,0,-1.0,1958.0,A01,15,1,2020,09:10,1,76.0,76351,2,1,1.0,6.0,PIERRE FARCIS,"49,5168100","0,1011000",,76.076351,76351,Seine-Maritime,28.0,Normandie,50.0,4.0,2.0,-1,1.0,28,Normandie,76,2,96,LeHavre,166058,1780,167838.0,3.0,7,,0.0,1.0,2.0,1.0
202000026339,10.0,3,4,1,3.0,0.0,2.0,3,1.0,1969.0,A01,15,1,2020,09:10,1,76.0,76351,2,1,1.0,6.0,PIERRE FARCIS,"49,5168100","0,1011000",,76.076351,76351,Seine-Maritime,28.0,Normandie,50.0,4.0,2.0,-1,1.0,28,Normandie,76,2,96,LeHavre,166058,1780,167838.0,3.0,7,,0.0,1.0,2.0,1.0
202000026340,1.0,1,1,1,5.0,1.0,0.0,0,-1.0,1936.0,A01,10,1,2020,12:10,1,76.0,76351,2,2,1.0,3.0,LOUIS BRINDEAU,"49,4912200","0,1033600",,76.076351,76351,Seine-Maritime,28.0,Normandie,30.0,4.0,1.0,2,1.0,28,Normandie,76,2,96,LeHavre,166058,1780,167838.0,2.0,7,,0.0,2.0,1.0,1.0
202000026340,2.0,2,1,2,5.0,1.0,0.0,0,-1.0,1940.0,A01,10,1,2020,12:10,1,76.0,76351,2,2,1.0,3.0,LOUIS BRINDEAU,"49,4912200","0,1033600",,76.076351,76351,Seine-Maritime,28.0,Normandie,30.0,4.0,1.0,2,1.0,28,Normandie,76,2,96,LeHavre,166058,1780,167838.0,2.0,7,,0.0,2.0,1.0,1.0
202000026340,1.0,1,4,1,2.0,8.0,0.0,0,-1.0,2006.0,B01,10,1,2020,12:10,1,76.0,76351,2,2,1.0,3.0,LOUIS BRINDEAU,"49,4912200","0,1033600",,76.076351,76351,Seine-Maritime,28.0,Normandie,30.0,4.0,1.0,2,1.0,28,Normandie,76,2,96,LeHavre,166058,1780,167838.0,2.0,1,,0.0,2.0,2.0,1.0
202000026737,1.0,1,3,2,0.0,1.0,0.0,0,-1.0,1996.0,A01,7,9,2020,08:30,1,76.0,76155,2,1,7.0,3.0,153 Rue des Potiers,"49,9845350","1,3536680",,76.076155,76155,Seine-Maritime,28.0,Normandie,50.0,3.0,2.0,2,1.0,28,Normandie,76,1,10,Canehan,381,13,394.0,1.0,7,,0.0,2.0,1.0,1.0
202000026737,1.0,1,1,1,4.0,0.0,0.0,0,-1.0,1968.0,B01,7,9,2020,08:30,1,76.0,76155,2,1,7.0,3.0,153 Rue des Potiers,"49,9845350","1,3536680",,76.076155,76155,Seine-Maritime,28.0,Normandie,50.0,3.0,2.0,2,1.0,28,Normandie,76,1,10,Canehan,381,13,394.0,0.0,21,,0.0,2.0,2.0,19.0
202000026880,1.0,1,4,1,5.0,2.0,0.0,0,-1.0,2000.0,A01,6,9,2020,15:00,1,76.0,76637,1,1,1.0,7.0,D79,"49,8124980","0,5121250",,76.076637,76637,Seine-Maritime,28.0,Normandie,80.0,3.0,2.0,2,1.0,28,Normandie,76,2,11,Saint-Pierre-en-Port,830,14,844.0,1.0,33,,16.0,0.0,7.0,1.0
202000026880,2.0,2,4,2,5.0,2.0,0.0,0,-1.0,2000.0,A01,6,9,2020,15:00,1,76.0,76637,1,1,1.0,7.0,D79,"49,8124980","0,5121250",,76.076637,76637,Seine-Maritime,28.0,Normandie,80.0,3.0,2.0,2,1.0,28,Normandie,76,2,11,Saint-Pierre-en-Port,830,14,844.0,1.0,33,,16.0,0.0,7.0,1.0
202000027067,1.0,1,4,1,0.0,1.0,-1.0, -1,-1.0,1985.0,A01,5,11,2020,04:30,5,76.0,76681,2,1,9.0,3.0,14 JUILLET. AVENUE DU,"49,4078700","1,0904900",,76.076681,76681,Seine-Maritime,28.0,Normandie,50.0,4.0,2.0,2,1.0,28,Normandie,76,3,99,Sotteville-lès-Rouen,28965,475,29440.0,0.0,7,,0.0,2.0,1.0,1.0
202000027067,1.0,1,4,1,0.0,1.0,-1.0, -1,-1.0,1978.0,B01,5,11,2020,04:30,5,76.0,76681,2,1,9.0,3.0,14 JUILLET. AVENUE DU,"49,4078700","1,0904900",,76.076681,76681,Seine-Maritime,28.0,Normandie,50.0,4.0,2.0,2,1.0,28,Normandie,76,3,99,Sotteville-lès-Rouen,28965,475,29440.0,0.0,10,,0.0,2.0,2.0,1.0
202000027069,1.0,1,1,1,5.0,1.0,-1.0, -1,-1.0,1955.0,A01,4,11,2020,17:36,1,76.0,76351,2,3,1.0,2.0,PAUL BERT (AVENUE).,"49,5079900","0,1682400",,76.076351,76351,Seine-Maritime,28.0,Normandie,50.0,4.0,2.0,2,1.0,28,Normandie,76,2,96,LeHavre,166058,1780,167838.0,2.0,7,,0.0,2.0,3.0,0.0
202000027069,1.0,1,4,1,0.0,2.0,-1.0, -1,-1.0,1966.0,B01,4,11,2020,17:36,1,76.0,76351,2,3,1.0,2.0,PAUL BERT (AVENUE).,"49,5079900","0,1682400",,76.076351,76351,Seine-Maritime,28.0,Normandie,50.0,4.0,2.0,2,1.0,28,Normandie,76,2,96,LeHavre,166058,1780,167838.0,2.0,33,,0.0,2.0,1.0,0.0
202000027073,10.0,3,4,2,5.0,8.0,3.0,3,2.0,1936.0,Z01,4,11,2020,09:50,1,76.0,76351,2,3,1.0,6.0,ALBERT SAMAIN,"49,5167300","0,0929600",,76.076351,76351,Seine-Maritime,28.0,Normandie,50.0,4.0,2.0,2,1.0,28,Normandie,76,2,96,LeHavre,166058,1780,167838.0,0.0,7,,0.0,1.0,1.0,1.0
202000027085,2.0,2,4,2,0.0,1.0,-1.0,0,-1.0,2001.0,A01,9,4,2020,01:15,5,76.0,76319,2,1,1.0,7.0,ESSARTS. RUE DES (CD 13),"49,3528700","1,0130800",,76.076319,76319,Seine-Maritime,28.0,Normandie,50.0,3.0,2.0,2,1.0,28,Normandie,76,3,9,Grand-Couronne,9726,177,9903.0,1.0,7,,14.0,0.0,1.0,1.0
202000027302,10.0,3,4,2,9.0,0.0,1.0,5,1.0,1994.0,A01,8,4,2020,17:40,1,76.0,76226,2,1,7.0,6.0,2 Rue des Hetres,"49,7904490","0,4849000",,76.076226,76226,Seine-Maritime,28.0,Normandie,50.0,4.0,2.0,2,1.0,28,Normandie,76,2,11,Écretteville-sur-Mer,155,2,157.0,3.0,33,,0.0,1.0,1.0,1.0
202000027302,1.0,1,1,1,3.0,2.0,0.0,0,-1.0,1995.0,A01,8,4,2020,17:40,1,76.0,76226,2,1,7.0,6.0,2 Rue des Hetres,"49,7904490","0,4849000",,76.076226,76226,Seine-Maritime,28.0,Normandie,50.0,4.0,2.0,2,1.0,28,Normandie,76,2,11,Écretteville-sur-Mer,155,2,157.0,3.0,33,,0.0,1.0,1.0,1.0
202000027305,1.0,1,3,2,5.0,0.0,0.0,0,-1.0,1962.0,A01,8,4,2020,18:30,1,76.0,76452,2,6,1.0,7.0,Rue de Bois Isambert,"49,5435800","1,1042010",,76.076452,76452,Seine-Maritime,28.0,Normandie,50.0,3.0,2.0,2,1.0,28,Normandie,76,3,2,MontvilLe4595,51,4646,,2.0,1,,0.0,0.0,8.0,1.0
202000027455,1.0,1,4,1,3.0,1.0,-1.0, -1,-1.0,1976.0,B01,2,11,2020,11:40,1,76.0,76351,2,1,2.0,1.0,LOUIS BLERIOT,"49,5302052","0,0948046",,76.076351,76351,Seine-Maritime,28.0,Normandie,50.0,3.0,2.0,2,2.0,28,Normandie,76,2,96,LeHavre,166058,1780,167838.0,1.0,7,,0.0,2.0,1.0,1.0
202000027455,2.0,2,4,2,3.0,1.0,-1.0, -1,-1.0,1976.0,B01,2,11,2020,11:40,1,76.0,76351,2,1,2.0,1.0,LOUIS BLERIOT,"49,5302052","0,0948046",,76.076351,76351,Seine-Maritime,28.0,Normandie,50.0,3.0,2.0,2,2.0,28,Normandie,76,2,96,LeHavre,166058,1780,167838.0,1.0,7,,0.0,2.0,1.0,1.0
202000027455,1.0,1,1,1,0.0,1.0,-1.0, -1,-1.0,1982.0,A01,2,11,2020,11:40,1,76.0,76351,2,1,2.0,1.0,LOUIS BLERIOT,"49,5302052","0,0948046",,76.076351,76351,Seine-Maritime,28.0,Normandie,50.0,3.0,2.0,2,2.0,28,Normandie,76,2,96,LeHavre,166058,1780,167838.0,2.0,7,,0.0,2.0,3.0,13.0
202000027735,1.0,1,3,1,5.0,2.0,0.0,0,-1.0,1980.0,B01,3,10,2020,10:00,1,76.0,76125,1,9,8.0,1.0,Chemin de Crecieusemare,"49,6246400","1,1685100",,76.076125,76125,Seine-Maritime,28.0,Normandie,80.0,4.0,2.0,2,6.0,28,Normandie,76,3,23,Bosc-le-Hard,1579,18,1597.0,1.0,33,,0.0,2.0,1.0,0.0
202000027735,1.0,1,1,1,5.0,1.0,0.0,0,-1.0,1995.0,A01,3,10,2020,10:00,1,76.0,76125,1,9,8.0,1.0,Chemin de Crecieusemare,"49,6246400","1,1685100",,76.076125,76125,Seine-Maritime,28.0,Normandie,80.0,4.0,2.0,2,6.0,28,Normandie,76,3,23,Bosc-le-Hard,1579,18,1597.0,2.0,10,,0.0,2.0,1.0,1.0
202000028035,1.0,1,1,1,4.0,1.0,0.0,0,-1.0,1977.0,A01,16,12,2020,11:29,1,76.0,76728,1,1,1.0,2.0,A150,"49,4826990","1,0067490",,76.076728,76728,Seine-Maritime,28.0,Normandie,110.0,1.0,1.0,4,1.0,28,Normandie,76,3,24,La Vaupalière,1192,21,1213.0,1.0,17,,1.0,0.0,2.0,1.0
202000028035,1.0,1,3,2,3.0,1.0,0.0,0,-1.0,1974.0,B01,16,12,2020,11:29,1,76.0,76728,1,1,1.0,2.0,A150,"49,4826990","1,0067490",,76.076728,76728,Seine-Maritime,28.0,Normandie,110.0,1.0,1.0,4,1.0,28,Normandie,76,3,24,La Vaupalière,1192,21,1213.0,1.0,7,,0.0,2.0,4.0,23.0
202000028237,1.0,1,3,2,0.0,8.0,-1.0, -1,-1.0,1949.0,A01,14,1,2020,16:55,2,76.0,76217,2,9,1.0,3.0,DUQUESNE (QUAI),"49,9251000","1,0804690",,76.076217,76217,Seine-Maritime,28.0,Normandie,30.0,4.0,1.0,2,1.0,28,Normandie,76,1,95,Dieppe,28358,455,28813.0,0.0,1,,0.0,2.0,1.0,15.0