Num_Acc,place,catu,grav,sexe,trajet,secu,locp,actp,etatp,an_nais,num_veh,jour,mois,an,hrmn,lum,dep,com,agg,int,atm,col,adr,lat,long,gps,com_insee_temp,com_insee,departmentName,regionCode,regionName,vma,catr,circ,nbv,surf,Code,Region,Departement,Arrondissement,Code_Canton,Nom_Commune,Population_municipaLe,Population_comptee_a_part,Population_Totale,senc,catv,occutc,obs,obsm,choc,manv
202000033696,1.0,1,1,2,5.0,1.0,-1.0, -1,-1.0,1990.0,A01,27,9,2020,01:20,5,76.0,76351,2,2,1.0,3.0,JULES LECESNE (RUE),"49,4933000","0,1185000",,76.076351,76351,Seine-Maritime,28.0,Normandie,50.0,4.0,1.0,1,1.0,28,Normandie,76,2,96,LeHavre,166058,1780,167838.0,3.0,7,,0.0,2.0,1.0,19.0
202000033696,4.0,2,4,1,5.0,1.0,-1.0, -1,-1.0,1997.0,B01,27,9,2020,01:20,5,76.0,76351,2,2,1.0,3.0,JULES LECESNE (RUE),"49,4933000","0,1185000",,76.076351,76351,Seine-Maritime,28.0,Normandie,50.0,4.0,1.0,1,1.0,28,Normandie,76,2,96,LeHavre,166058,1780,167838.0,3.0,7,,0.0,2.0,7.0,1.0
202000033696,2.0,2,4,1,5.0,1.0,-1.0, -1,-1.0,1995.0,B01,27,9,2020,01:20,5,76.0,76351,2,2,1.0,3.0,JULES LECESNE (RUE),"49,4933000","0,1185000",,76.076351,76351,Seine-Maritime,28.0,Normandie,50.0,4.0,1.0,1,1.0,28,Normandie,76,2,96,LeHavre,166058,1780,167838.0,3.0,7,,0.0,2.0,7.0,1.0
202000033696,1.0,1,1,1,5.0,1.0,-1.0, -1,-1.0,1996.0,B01,27,9,2020,01:20,5,76.0,76351,2,2,1.0,3.0,JULES LECESNE (RUE),"49,4933000","0,1185000",,76.076351,76351,Seine-Maritime,28.0,Normandie,50.0,4.0,1.0,1,1.0,28,Normandie,76,2,96,LeHavre,166058,1780,167838.0,3.0,7,,0.0,2.0,7.0,1.0
202000033812,1.0,1,3,2,0.0,1.0,0.0,0,-1.0,1980.0,A01,11,12,2020,10:26,1,76.0,76462,2,1,2.0,3.0,Avenue des Canadiens,"49,7297540","1,4287160",,76.076462,76462,Seine-Maritime,28.0,Normandie,80.0,3.0,2.0,2,2.0,28,Normandie,76,1,23,Neufchâtel-en-Bray,4680,213,4893.0,0.0,7,,0.0,0.0,3.0,15.0
202000033812,2.0,2,1,2,0.0,1.0,0.0,0,-1.0,1982.0,A01,11,12,2020,10:26,1,76.0,76462,2,1,2.0,3.0,Avenue des Canadiens,"49,7297540","1,4287160",,76.076462,76462,Seine-Maritime,28.0,Normandie,80.0,3.0,2.0,2,2.0,28,Normandie,76,1,23,Neufchâtel-en-Bray,4680,213,4893.0,0.0,7,,0.0,0.0,3.0,15.0
202000033812,1.0,1,4,1,4.0,1.0,0.0,0,-1.0,1965.0,B01,11,12,2020,10:26,1,76.0,76462,2,1,2.0,3.0,Avenue des Canadiens,"49,7297540","1,4287160",,76.076462,76462,Seine-Maritime,28.0,Normandie,80.0,3.0,2.0,2,2.0,28,Normandie,76,1,23,Neufchâtel-en-Bray,4680,213,4893.0,0.0,7,,0.0,2.0,2.0,1.0
202000033993,1.0,1,1,1,4.0,1.0,-1.0,0,-1.0,1969.0,B01,9,1,2020,08:00,5,76.0,76540,2,1,1.0,3.0,CONSTANTINE. RUE DE,"49,4480600","1,0719400",,76.076540,76540,Seine-Maritime,28.0,Normandie,50.0,4.0,1.0,1,1.0,28,Normandie,76,3,97,Rouen,114083,1556,115639.0,0.0,7,,0.0,2.0,4.0,15.0
202000033993,1.0,1,4,2,1.0,2.0,-1.0,0,-1.0,1967.0,A01,9,1,2020,08:00,5,76.0,76540,2,1,1.0,3.0,CONSTANTINE. RUE DE,"49,4480600","1,0719400",,76.076540,76540,Seine-Maritime,28.0,Normandie,50.0,4.0,1.0,1,1.0,28,Normandie,76,3,97,Rouen,114083,1556,115639.0,0.0,50,,0.0,2.0,1.0,1.0
202000034125,1.0,1,4,1,0.0,8.0,-1.0, -1,-1.0,2006.0,B01,2,7,2020,16:50,1,76.0,76575,2,1,1.0,3.0,HOTEL FORMULE 1 (AV. DES CANADIENS),"49,4001100","1,0639100",,76.076575,76575,Seine-Maritime,28.0,Normandie,50.0,4.0,2.0,2,1.0,28,Normandie,76,3,98,Saint-Étienne-du-Rouvray,28508,225,28733.0,0.0,1,,0.0,2.0,8.0,1.0
202000034125,1.0,1,1,2,0.0,1.0,-1.0, -1,-1.0,1968.0,A01,2,7,2020,16:50,1,76.0,76575,2,1,1.0,3.0,HOTEL FORMULE 1 (AV. DES CANADIENS),"49,4001100","1,0639100",,76.076575,76575,Seine-Maritime,28.0,Normandie,50.0,4.0,2.0,2,1.0,28,Normandie,76,3,98,Saint-Étienne-du-Rouvray,28508,225,28733.0,0.0,7,,0.0,2.0,1.0,9.0
202000034126,1.0,1,1,1,5.0,1.0,-1.0, -1,-1.0,1969.0,B01,3,7,2020,09:25,1,76.0,76351,2,2,1.0,3.0,BOUGAINVILLE,"49,4984100","0,1255400",,76.076351,76351,Seine-Maritime,28.0,Normandie,50.0,4.0,2.0,1,1.0,28,Normandie,76,2,96,LeHavre,166058,1780,167838.0,1.0,7,,0.0,2.0,2.0,1.0
202000034126,1.0,1,4,1,5.0,2.0,-1.0, -1,-1.0,1993.0,A01,3,7,2020,09:25,1,76.0,76351,2,2,1.0,3.0,BOUGAINVILLE,"49,4984100","0,1255400",,76.076351,76351,Seine-Maritime,28.0,Normandie,50.0,4.0,2.0,1,1.0,28,Normandie,76,2,96,LeHavre,166058,1780,167838.0,1.0,33,,0.0,2.0,3.0,16.0
202000034126,2.0,2,3,2,5.0,2.0,-1.0, -1,-1.0,1998.0,A01,3,7,2020,09:25,1,76.0,76351,2,2,1.0,3.0,BOUGAINVILLE,"49,4984100","0,1255400",,76.076351,76351,Seine-Maritime,28.0,Normandie,50.0,4.0,2.0,1,1.0,28,Normandie,76,2,96,LeHavre,166058,1780,167838.0,1.0,33,,0.0,2.0,3.0,16.0
202000034325,1.0,1,1,1,4.0,2.0,-1.0, -1,-1.0,1994.0,A01,28,2,2020,11:45,1,76.0,76351,2,3,2.0,6.0,MARECHAL JOFFRE (RUE),"49,4989000","0,1197300",,76.076351,76351,Seine-Maritime,28.0,Normandie,50.0,4.0,2.0,2,2.0,28,Normandie,76,2,96,LeHavre,166058,1780,167838.0,0.0,2,,0.0,1.0,7.0,0.0
202000034325,10.0,3,4,1,0.0,0.0,3.0,3,1.0,1934.0,A01,28,2,2020,11:45,1,76.0,76351,2,3,2.0,6.0,MARECHAL JOFFRE (RUE),"49,4989000","0,1197300",,76.076351,76351,Seine-Maritime,28.0,Normandie,50.0,4.0,2.0,2,2.0,28,Normandie,76,2,96,LeHavre,166058,1780,167838.0,0.0,2,,0.0,1.0,7.0,0.0
202000034395,1.0,1,4,1,5.0,2.0,-1.0,0,-1.0,1998.0,A01,15,3,2020,15:45,1,76.0,76540,2,1,1.0,7.0,GUILLAUME LE CONQUERANT. RAMPE,"49,4410500","1,0815000",,76.076540,76540,Seine-Maritime,28.0,Normandie,50.0,2.0,2.0,5,1.0,28,Normandie,76,3,97,Rouen,114083,1556,115639.0,2.0,33,,12.0,0.0,1.0,9.0
202000034490,1.0,1,3,1,1.0,2.0,-1.0, -1,-1.0,1963.0,B01,2,9,2020,14:00,1,76.0,76217,2,1,1.0,3.0,POURVILLE (ROUTE DE),"49,9218400","1,0567800",,76.076217,76217,Seine-Maritime,28.0,Normandie,50.0,3.0,2.0,2,1.0,28,Normandie,76,1,95,Dieppe,28358,455,28813.0,2.0,31,,0.0,2.0,1.0,1.0
202000034490,1.0,1,1,1,4.0,1.0,-1.0, -1,-1.0,1967.0,A01,2,9,2020,14:00,1,76.0,76217,2,1,1.0,3.0,POURVILLE (ROUTE DE),"49,9218400","1,0567800",,76.076217,76217,Seine-Maritime,28.0,Normandie,50.0,3.0,2.0,2,1.0,28,Normandie,76,1,95,Dieppe,28358,455,28813.0,1.0,10,,0.0,2.0,2.0,26.0
202000034688,1.0,1,4,1,1.0,1.0,-1.0,0,-1.0,1958.0,A01,11,2,2020,16:35,1,76.0,76157,1,1,1.0,1.0,SAHURS. ROUTE DE (CD 351),"49,4316000","1,0133700",,76.076157,76157,Seine-Maritime,28.0,Normandie,70.0,3.0,2.0,2,2.0,28,Normandie,76,3,4,Canteleu,13966,360,14326.0,2.0,7,,0.0,2.0,1.0,13.0
202000034688,9.0,2,1,1,1.0,1.0,-1.0,0,-1.0,1992.0,B01,11,2,2020,16:35,1,76.0,76157,1,1,1.0,1.0,SAHURS. ROUTE DE (CD 351),"49,4316000","1,0133700",,76.076157,76157,Seine-Maritime,28.0,Normandie,70.0,3.0,2.0,2,2.0,28,Normandie,76,3,4,Canteleu,13966,360,14326.0,1.0,37,6.0,0.0,2.0,1.0,1.0
202000034688,8.0,2,4,2,1.0,1.0,-1.0,0,-1.0,1986.0,B01,11,2,2020,16:35,1,76.0,76157,1,1,1.0,1.0,SAHURS. ROUTE DE (CD 351),"49,4316000","1,0133700",,76.076157,76157,Seine-Maritime,28.0,Normandie,70.0,3.0,2.0,2,2.0,28,Normandie,76,3,4,Canteleu,13966,360,14326.0,1.0,37,6.0,0.0,2.0,1.0,1.0
202000034688,8.0,2,1,1,1.0,1.0,-1.0,0,-1.0,1991.0,B01,11,2,2020,16:35,1,76.0,76157,1,1,1.0,1.0,SAHURS. ROUTE DE (CD 351),"49,4316000","1,0133700",,76.076157,76157,Seine-Maritime,28.0,Normandie,70.0,3.0,2.0,2,2.0,28,Normandie,76,3,4,Canteleu,13966,360,14326.0,1.0,37,6.0,0.0,2.0,1.0,1.0
202000034688,7.0,2,4,2,1.0,1.0,-1.0,0,-1.0,1989.0,B01,11,2,2020,16:35,1,76.0,76157,1,1,1.0,1.0,SAHURS. ROUTE DE (CD 351),"49,4316000","1,0133700",,76.076157,76157,Seine-Maritime,28.0,Normandie,70.0,3.0,2.0,2,2.0,28,Normandie,76,3,4,Canteleu,13966,360,14326.0,1.0,37,6.0,0.0,2.0,1.0,1.0
202000034688,7.0,2,1,2,1.0,1.0,-1.0,0,-1.0,1988.0,B01,11,2,2020,16:35,1,76.0,76157,1,1,1.0,1.0,SAHURS. ROUTE DE (CD 351),"49,4316000","1,0133700",,76.076157,76157,Seine-Maritime,28.0,Normandie,70.0,3.0,2.0,2,2.0,28,Normandie,76,3,4,Canteleu,13966,360,14326.0,1.0,37,6.0,0.0,2.0,1.0,1.0
202000034688,1.0,1,1,1,4.0,1.0,-1.0,0,-1.0,1986.0,B01,11,2,2020,16:35,1,76.0,76157,1,1,1.0,1.0,SAHURS. ROUTE DE (CD 351),"49,4316000","1,0133700",,76.076157,76157,Seine-Maritime,28.0,Normandie,70.0,3.0,2.0,2,2.0,28,Normandie,76,3,4,Canteleu,13966,360,14326.0,1.0,37,6.0,0.0,2.0,1.0,1.0
202000035053,1.0,1,3,1,0.0,2.0,-1.0, -1,-1.0,1973.0,B01,29,7,2020,17:10,1,76.0,76540,2,2,1.0,3.0,BICHERAY. AVENUE DU COMMANDANT,"49,4496600","1,0505500",,76.076540,76540,Seine-Maritime,28.0,Normandie,50.0,3.0,2.0,7,1.0,28,Normandie,76,3,97,Rouen,114083,1556,115639.0,2.0,33,,0.0,2.0,1.0,1.0
202000035053,1.0,1,1,1,5.0,1.0,-1.0, -1,-1.0,1965.0,A01,29,7,2020,17:10,1,76.0,76540,2,2,1.0,3.0,BICHERAY. AVENUE DU COMMANDANT,"49,4496600","1,0505500",,76.076540,76540,Seine-Maritime,28.0,Normandie,50.0,3.0,2.0,7,1.0,28,Normandie,76,3,97,Rouen,114083,1556,115639.0,1.0,3,,0.0,2.0,6.0,15.0
202000035056,1.0,1,1,1,4.0,1.0,-1.0, -1,-1.0,1990.0,A01,29,7,2020,12:00,1,76.0,76575,2,2,1.0,3.0,FERBER. RUE DU CAPITAINE,"49,3955400","1,0775400",,76.076575,76575,Seine-Maritime,28.0,Normandie,50.0,4.0,2.0,2,1.0,28,Normandie,76,3,98,Saint-Étienne-du-Rouvray,28508,225,28733.0,0.0,14,,0.0,2.0,1.0,1.0
202000035056,2.0,2,4,1,0.0,1.0,-1.0, -1,-1.0,1987.0,B01,29,7,2020,12:00,1,76.0,76575,2,2,1.0,3.0,FERBER. RUE DU CAPITAINE,"49,3955400","1,0775400",,76.076575,76575,Seine-Maritime,28.0,Normandie,50.0,4.0,2.0,2,1.0,28,Normandie,76,3,98,Saint-Étienne-du-Rouvray,28508,225,28733.0,0.0,7,,0.0,2.0,7.0,1.0
202000035056,1.0,1,4,2,0.0,1.0,-1.0, -1,-1.0,1967.0,B01,29,7,2020,12:00,1,76.0,76575,2,2,1.0,3.0,FERBER. RUE DU CAPITAINE,"49,3955400","1,0775400",,76.076575,76575,Seine-Maritime,28.0,Normandie,50.0,4.0,2.0,2,1.0,28,Normandie,76,3,98,Saint-Étienne-du-Rouvray,28508,225,28733.0,0.0,7,,0.0,2.0,7.0,1.0
202000035059,1.0,1,4,1,0.0,2.0,-1.0, -1,-1.0,1996.0,B01,29,7,2020,17:30,1,76.0,76351,2,2,1.0,3.0,GRAND HAMEAU (Avenue du ),"49,5242500","0,0968600",,76.076351,76351,Seine-Maritime,28.0,Normandie,50.0,3.0,2.0,2,1.0,28,Normandie,76,2,96,LeHavre,166058,1780,167838.0,1.0,33,,0.0,2.0,1.0,0.0
202000035059,1.0,1,1,1,0.0,1.0,-1.0, -1,-1.0,1981.0,A01,29,7,2020,17:30,1,76.0,76351,2,2,1.0,3.0,GRAND HAMEAU (Avenue du ),"49,5242500","0,0968600",,76.076351,76351,Seine-Maritime,28.0,Normandie,50.0,3.0,2.0,2,1.0,28,Normandie,76,2,96,LeHavre,166058,1780,167838.0,2.0,7,,0.0,2.0,6.0,0.0
202000035062,1.0,1,1,1,4.0,1.0,-1.0, -1,-1.0,1956.0,A01,28,7,2020,12:20,1,76.0,76351,1,1,1.0,3.0,LENINGRAD (BD DE),"49,5003500","0,1793000",,76.076351,76351,Seine-Maritime,28.0,Normandie,70.0,3.0,3.0,4,1.0,28,Normandie,76,2,96,LeHavre,166058,1780,167838.0,2.0,15,,0.0,2.0,6.0,12.0
202000035062,1.0,1,4,2,5.0,1.0,-1.0, -1,-1.0,1990.0,B01,28,7,2020,12:20,1,76.0,76351,1,1,1.0,3.0,LENINGRAD (BD DE),"49,5003500","0,1793000",,76.076351,76351,Seine-Maritime,28.0,Normandie,70.0,3.0,3.0,4,1.0,28,Normandie,76,2,96,LeHavre,166058,1780,167838.0,2.0,7,,0.0,2.0,6.0,1.0
202000035062,3.0,2,1,2,5.0,3.0,-1.0, -1,-1.0,2014.0,B01,28,7,2020,12:20,1,76.0,76351,1,1,1.0,3.0,LENINGRAD (BD DE),"49,5003500","0,1793000",,76.076351,76351,Seine-Maritime,28.0,Normandie,70.0,3.0,3.0,4,1.0,28,Normandie,76,2,96,LeHavre,166058,1780,167838.0,2.0,7,,0.0,2.0,6.0,1.0
202000035063,1.0,1,1,2,9.0,1.0,-1.0, -1,-1.0,1978.0,A01,28,7,2020,12:50,1,76.0,76351,2,1,1.0,6.0,JULES DURAND (BD),"49,4894700","0,1547900",,76.076351,76351,Seine-Maritime,28.0,Normandie,50.0,3.0,2.0,2,1.0,28,Normandie,76,2,96,LeHavre,166058,1780,167838.0,1.0,7,,0.0,1.0,7.0,1.0
202000035063,10.0,3,4,2,9.0,0.0,1.0,3,1.0,1991.0,A01,28,7,2020,12:50,1,76.0,76351,2,1,1.0,6.0,JULES DURAND (BD),"49,4894700","0,1547900",,76.076351,76351,Seine-Maritime,28.0,Normandie,50.0,3.0,2.0,2,1.0,28,Normandie,76,2,96,LeHavre,166058,1780,167838.0,1.0,7,,0.0,1.0,7.0,1.0
202000035127,1.0,1,3,2,4.0,1.0,0.0,0,-1.0,1959.0,A01,28,9,2020,06:33,3,76.0,76138,1,2,2.0,3.0,D151,"49,6587370","1,1818050",,76.076138,76138,Seine-Maritime,28.0,Normandie,80.0,3.0,2.0,2,2.0,28,Normandie,76,1,23,Bracquetuit,332,8,340.0,3.0,37,2.0,7.0,2.0,2.0,19.0
202000035127,9.0,2,4,2,2.0,1.0,0.0,0,-1.0,2004.0,A01,28,9,2020,06:33,3,76.0,76138,1,2,2.0,3.0,D151,"49,6587370","1,1818050",,76.076138,76138,Seine-Maritime,28.0,Normandie,80.0,3.0,2.0,2,2.0,28,Normandie,76,1,23,Bracquetuit,332,8,340.0,3.0,37,2.0,7.0,2.0,2.0,19.0
202000035127,1.0,1,4,1,1.0,1.0,0.0,0,-1.0,1999.0,B01,28,9,2020,06:33,3,76.0,76138,1,2,2.0,3.0,D151,"49,6587370","1,1818050",,76.076138,76138,Seine-Maritime,28.0,Normandie,80.0,3.0,2.0,2,2.0,28,Normandie,76,1,23,Bracquetuit,332,8,340.0,2.0,7,,0.0,2.0,1.0,1.0
202000035368,1.0,1,3,1,5.0,0.0,0.0,0,-1.0,1978.0,A01,12,1,2020,17:50,2,76.0,76211,1,3,2.0,6.0,D149,"49,9118176","1,5571774",,76.076211,76211,Seine-Maritime,28.0,Normandie,80.0,3.0,2.0,2,1.0,28,Normandie,76,1,10,Dancourt,233,2,235.0,1.0,7,,2.0,0.0,1.0,1.0
202000035570,1.0,1,3,1,5.0,2.0,-1.0, -1,-1.0,1993.0,A01,29,5,2020,19:00,1,76.0,76540,2,3,1.0,2.0,BOISGUILBERT. QUAI DE,"49,4424200","1,0772700",,76.076540,76540,Seine-Maritime,28.0,Normandie,50.0,4.0,1.0,4,1.0,28,Normandie,76,3,97,Rouen,114083,1556,115639.0,2.0,32,,0.0,2.0,1.0,1.0
202000035570,1.0,1,1,1,0.0,1.0,-1.0, -1,-1.0,1983.0,B01,29,5,2020,19:00,1,76.0,76540,2,3,1.0,2.0,BOISGUILBERT. QUAI DE,"49,4424200","1,0772700",,76.076540,76540,Seine-Maritime,28.0,Normandie,50.0,4.0,1.0,4,1.0,28,Normandie,76,3,97,Rouen,114083,1556,115639.0,2.0,7,,0.0,2.0,6.0,15.0
202000035684,1.0,1,3,1,4.0,8.0,0.0,0,-1.0,1965.0,A01,11,12,2020,07:30,3,76.0,76244,1,1,2.0,3.0,AUTOROUTE a28 pk 061+500,"49,7069560","1,3757260",,76.076244,76244,Seine-Maritime,28.0,Normandie,-1.0,1.0,3.0,4,2.0,28,Normandie,76,1,23,EsclavelLes386,6,392,,2.0,15,,3.0,2.0,3.0,13.0
202000035684,1.0,1,4,2,0.0,8.0,0.0,0,-1.0,1988.0,B01,11,12,2020,07:30,3,76.0,76244,1,1,2.0,3.0,AUTOROUTE a28 pk 061+500,"49,7069560","1,3757260",,76.076244,76244,Seine-Maritime,28.0,Normandie,-1.0,1.0,3.0,4,2.0,28,Normandie,76,1,23,EsclavelLes386,6,392,,2.0,7,,3.0,2.0,0.0,17.0
202000035779,1.0,1,2,1,0.0,0.0,0.0,0,-1.0,1991.0,A01,12,1,2020,17:15,2,76.0,76222,1,1,1.0,6.0,410 Route de Sainte Marguerite,"49,4910590","0,8615660",,76.076222,76222,Seine-Maritime,28.0,Normandie,80.0,3.0,2.0,2,1.0,28,Normandie,76,3,1,Duclair,4020,52,4072.0,1.0,7,,8.0,0.0,5.0,1.0
202000035822,1.0,1,1,1,5.0,1.0,0.0,0,-1.0,1999.0,A01,31,5,2020,03:30,3,76.0,76380,1,1,1.0,7.0,3 Avenue des Canadiens,"49,7940000","0,9803000",,76.076380,76380,Seine-Maritime,28.0,Normandie,80.0,3.0,2.0,2,1.0,28,Normandie,76,1,20,LammervilLe309,8,317,,2.0,7,,13.0,0.0,9.0,21.0
202000035822,2.0,2,3,2,5.0,1.0,0.0,0,-1.0,1996.0,A01,31,5,2020,03:30,3,76.0,76380,1,1,1.0,7.0,3 Avenue des Canadiens,"49,7940000","0,9803000",,76.076380,76380,Seine-Maritime,28.0,Normandie,80.0,3.0,2.0,2,1.0,28,Normandie,76,1,20,LammervilLe309,8,317,,2.0,7,,13.0,0.0,9.0,21.0
202000035919,1.0,1,1,1,0.0,1.0,-1.0, -1,-1.0,1985.0,A01,8,12,2020,07:30,3,76.0,76575,2,3,1.0,6.0,LORRAINE. RUE DE,"49,3742840","1,1027100",,76.076575,76575,Seine-Maritime,28.0,Normandie,50.0,3.0,1.0,1,1.0,28,Normandie,76,3,98,Saint-Étienne-du-Rouvray,28508,225,28733.0,0.0,7,,0.0,1.0,1.0,16.0
202000035919,10.0,3,4,2,2.0,0.0,3.0,3,1.0,1971.0,A01,8,12,2020,07:30,3,76.0,76575,2,3,1.0,6.0,LORRAINE. RUE DE,"49,3742840","1,1027100",,76.076575,76575,Seine-Maritime,28.0,Normandie,50.0,3.0,1.0,1,1.0,28,Normandie,76,3,98,Saint-Étienne-du-Rouvray,28508,225,28733.0,0.0,7,,0.0,1.0,1.0,16.0
202000036054,1.0,1,1,1,0.0,1.0,-1.0, -1,-1.0,1975.0,A01,1,7,2020,22:11,5,76.0,76231,2,6,1.0,3.0,JAURES. RUE JEAN,"49,2870000","1,0088000",,76.076231,76231,Seine-Maritime,28.0,Normandie,50.0,3.0,2.0,2,1.0,28,Normandie,76,3,9,Elbeuf,15951,138,16089.0,2.0,7,,0.0,2.0,2.0,1.0
202000036054,1.0,1,4,2,5.0,8.0,-1.0, -1,-1.0,1995.0,B01,1,7,2020,22:11,5,76.0,76231,2,6,1.0,3.0,JAURES. RUE JEAN,"49,2870000","1,0088000",,76.076231,76231,Seine-Maritime,28.0,Normandie,50.0,3.0,2.0,2,1.0,28,Normandie,76,3,9,Elbeuf,15951,138,16089.0,0.0,50,,0.0,2.0,3.0,1.0
202000036055,1.0,1,1,1,0.0,1.0,-1.0, -1,-1.0,1964.0,C01,1,7,2020,10:00,1,76.0,76402,2,1,2.0,5.0,RN 27 (ROUTE DE DIEPPE),"49,5221000","1,0400000",,76.076402,76402,Seine-Maritime,28.0,Normandie,50.0,3.0,2.0,2,2.0,28,Normandie,76,3,24,Malaunay,6143,49,6192.0,0.0,10,,0.0,2.0,1.0,0.0
202000036055,1.0,1,3,2,5.0,1.0,-1.0, -1,-1.0,1953.0,B01,1,7,2020,10:00,1,76.0,76402,2,1,2.0,5.0,RN 27 (ROUTE DE DIEPPE),"49,5221000","1,0400000",,76.076402,76402,Seine-Maritime,28.0,Normandie,50.0,3.0,2.0,2,2.0,28,Normandie,76,3,24,Malaunay,6143,49,6192.0,0.0,7,,0.0,2.0,5.0,1.0
202000036055,1.0,1,1,1,4.0,1.0,-1.0, -1,-1.0,1953.0,A01,1,7,2020,10:00,1,76.0,76402,2,1,2.0,5.0,RN 27 (ROUTE DE DIEPPE),"49,5221000","1,0400000",,76.076402,76402,Seine-Maritime,28.0,Normandie,50.0,3.0,2.0,2,2.0,28,Normandie,76,3,24,Malaunay,6143,49,6192.0,0.0,7,,0.0,2.0,6.0,4.0
202000036056,1.0,1,4,1,0.0,2.0,-1.0, -1,-1.0,1962.0,A01,1,7,2020,16:00,1,76.0,76305,2,1,1.0,6.0,INDUSTRIELLE (ROUTE),"49,4877000","0,2105000",,76.076305,76305,Seine-Maritime,28.0,Normandie,70.0,4.0,3.0,6,1.0,28,Normandie,76,2,16,Gonfreville-l'Orcher,8961,44,9005.0,3.0,30,,14.0,0.0,0.0,0.0
202000036141,1.0,1,3,1,4.0,2.0,0.0,0,-1.0,1982.0,A01,3,7,2020,06:35,1,76.0,76584,1,1,1.0,7.0,A28 vers Rouen pk 055.100,"49,7487808","1,4787877",,76.076584,76584,Seine-Maritime,28.0,Normandie,130.0,1.0,3.0,4,1.0,28,Normandie,76,1,23,Saint-Germain-sur-Eaulne,222,4,226.0,1.0,33,,0.0,0.0,1.0,1.0
202000036146,1.0,1,4,1,1.0,2.0,0.0,0,-1.0,1962.0,A01,8,6,2020,08:00,1,76.0,76361,1,1,1.0,7.0,Route d'Etretat,"49,6116130","0,1550306",,76.076361,76361,Seine-Maritime,28.0,Normandie,70.0,3.0,2.0,2,1.0,28,Normandie,76,2,26,HeuquevilLe720,9,729,,1.0,33,,11.0,0.0,1.0,17.0
202000036300,1.0,1,1,2,5.0,1.0,-1.0,0,-1.0,1997.0,A01,13,3,2020,18:05,1,76.0,76540,2,1,1.0,7.0,RONDEAUX. AVENUE JEAN,"49,4371500","1,0785800",,76.076540,76540,Seine-Maritime,28.0,Normandie,50.0,2.0,2.0,4,1.0,28,Normandie,76,3,97,Rouen,114083,1556,115639.0,1.0,7,,0.0,1.0,1.0,1.0
202000036300,10.0,3,3,1,5.0,0.0,4.0,3,1.0,1974.0,A01,13,3,2020,18:05,1,76.0,76540,2,1,1.0,7.0,RONDEAUX. AVENUE JEAN,"49,4371500","1,0785800",,76.076540,76540,Seine-Maritime,28.0,Normandie,50.0,2.0,2.0,4,1.0,28,Normandie,76,3,97,Rouen,114083,1556,115639.0,1.0,7,,0.0,1.0,1.0,1.0
202000036301,1.0,1,1,1,0.0,1.0,-1.0,0,-1.0,1981.0,A01,13,3,2020,18:00,1,76.0,76157,2,3,1.0,3.0,CD 982 (COTE DE CANTELEU),"49,4451500","1,0420500",,76.076157,76157,Seine-Maritime,28.0,Normandie,70.0,3.0,2.0,4,1.0,28,Normandie,76,3,4,Canteleu,13966,360,14326.0,2.0,7,,0.0,2.0,1.0,15.0
202000036301,2.0,2,4,2,0.0,1.0,-1.0,0,-1.0,2007.0,B01,13,3,2020,18:00,1,76.0,76157,2,3,1.0,3.0,CD 982 (COTE DE CANTELEU),"49,4451500","1,0420500",,76.076157,76157,Seine-Maritime,28.0,Normandie,70.0,3.0,2.0,4,1.0,28,Normandie,76,3,4,Canteleu,13966,360,14326.0,1.0,7,,0.0,2.0,7.0,1.0
202000036301,1.0,1,3,1,0.0,1.0,-1.0,0,-1.0,1970.0,B01,13,3,2020,18:00,1,76.0,76157,2,3,1.0,3.0,CD 982 (COTE DE CANTELEU),"49,4451500","1,0420500",,76.076157,76157,Seine-Maritime,28.0,Normandie,70.0,3.0,2.0,4,1.0,28,Normandie,76,3,4,Canteleu,13966,360,14326.0,1.0,7,,0.0,2.0,7.0,1.0
202000036380,1.0,1,4,1,1.0,2.0,-1.0, -1,-1.0,1999.0,A01,31,8,2020,19:40,1,76.0,76540,2,1,1.0,7.0,JUIFS. RUE AUX,"49,4420300","1,0923300",,76.076540,76540,Seine-Maritime,28.0,Normandie,10.0,4.0,-1.0,0,1.0,28,Normandie,76,3,97,Rouen,114083,1556,115639.0,0.0,1,,0.0,1.0,1.0,1.0
202000036380,10.0,3,4,1,5.0,0.0,9.0,2,1.0,1991.0,A01,31,8,2020,19:40,1,76.0,76540,2,1,1.0,7.0,JUIFS. RUE AUX,"49,4420300","1,0923300",,76.076540,76540,Seine-Maritime,28.0,Normandie,10.0,4.0,-1.0,0,1.0,28,Normandie,76,3,97,Rouen,114083,1556,115639.0,0.0,1,,0.0,1.0,1.0,1.0
202000036381,2.0,2,1,1,4.0,1.0,-1.0, -1,-1.0,1981.0,B01,1,8,2020,05:45,2,76.0,76481,2,2,1.0,3.0,JARDINETS (IMPASSE DES),"49,5524800","0,1176300",,76.076481,76481,Seine-Maritime,28.0,Normandie,50.0,4.0,2.0,2,1.0,28,Normandie,76,2,26,Octeville-sur-Mer,6122,119,6241.0,3.0,10,,0.0,2.0,3.0,0.0
202000036381,1.0,1,1,1,4.0,1.0,-1.0, -1,-1.0,1986.0,B01,1,8,2020,05:45,2,76.0,76481,2,2,1.0,3.0,JARDINETS (IMPASSE DES),"49,5524800","0,1176300",,76.076481,76481,Seine-Maritime,28.0,Normandie,50.0,4.0,2.0,2,1.0,28,Normandie,76,2,26,Octeville-sur-Mer,6122,119,6241.0,3.0,10,,0.0,2.0,3.0,0.0