Num_Acc,place,catu,grav,sexe,trajet,secu,locp,actp,etatp,an_nais,num_veh,jour,mois,an,hrmn,lum,dep,com,agg,int,atm,col,adr,lat,long,gps,com_insee_temp,com_insee,departmentName,regionCode,regionName,vma,catr,circ,nbv,surf,Code,Region,Departement,Arrondissement,Code_Canton,Nom_Commune,Population_municipaLe,Population_comptee_a_part,Population_Totale,senc,catv,occutc,obs,obsm,choc,manv
202000041313,1.0,1,3,1,5.0,2.0,0.0,0,-1.0,1992.0,A01,6,1,2020,15:40,1,76.0,76116,1,1,1.0,3.0,Allée Louis Blériot,"49,3908920","1,1933390",,76.076116,76116,Seine-Maritime,28.0,Normandie,50.0,4.0,2.0,2,1.0,28,Normandie,76,3,21,Boos,3991,46,4037.0,1.0,33,,0.0,2.0,1.0,18.0
202000041313,1.0,1,1,1,4.0,1.0,0.0,0,-1.0,1980.0,B01,6,1,2020,15:40,1,76.0,76116,1,1,1.0,3.0,Allée Louis Blériot,"49,3908920","1,1933390",,76.076116,76116,Seine-Maritime,28.0,Normandie,50.0,4.0,2.0,2,1.0,28,Normandie,76,3,21,Boos,3991,46,4037.0,1.0,7,,0.0,2.0,2.0,1.0
202000041313,2.0,2,1,2,9.0,1.0,0.0,0,-1.0,1997.0,B01,6,1,2020,15:40,1,76.0,76116,1,1,1.0,3.0,Allée Louis Blériot,"49,3908920","1,1933390",,76.076116,76116,Seine-Maritime,28.0,Normandie,50.0,4.0,2.0,2,1.0,28,Normandie,76,3,21,Boos,3991,46,4037.0,1.0,7,,0.0,2.0,2.0,1.0
202000041314,1.0,1,4,2,0.0,1.0,-1.0, -1,-1.0,1994.0,A01,25,7,2020,20:05,1,76.0,76305,1,1,2.0,6.0,RD 6382,"49,4986400","0,1979400",,76.076305,76305,Seine-Maritime,28.0,Normandie,70.0,3.0,3.0,2,2.0,28,Normandie,76,2,16,Gonfreville-l'Orcher,8961,44,9005.0,1.0,7,,4.0,0.0,3.0,13.0
202000041491,1.0,1,3,1,5.0,2.0,0.0,0,-1.0,1999.0,A01,26,5,2020,20:30,2,76.0,76250,2,1,1.0,7.0,Route Saint Jacques,"49,5669930","0,3111260",,76.076250,76250,Seine-Maritime,28.0,Normandie,50.0,3.0,2.0,2,1.0,28,Normandie,76,2,32,Étainhus,1210,28,1238.0,2.0,2,,0.0,0.0,8.0,1.0
202000041524,10.0,3,4,1,5.0,0.0,5.0,1,2.0,2014.0,A01,25,5,2020,20:40,1,76.0,76540,2,1,1.0,6.0,LA FAYETTE. RUE,"49,4309200","1,0864200",,76.076540,76540,Seine-Maritime,28.0,Normandie,20.0,9.0,-1.0,2,1.0,28,Normandie,76,3,97,Rouen,114083,1556,115639.0,0.0,30,,0.0,1.0,0.0,1.0
202000041524,1.0,1,1,1,4.0,2.0,-1.0, -1,-1.0,2002.0,A01,25,5,2020,20:40,1,76.0,76540,2,1,1.0,6.0,LA FAYETTE. RUE,"49,4309200","1,0864200",,76.076540,76540,Seine-Maritime,28.0,Normandie,20.0,9.0,-1.0,2,1.0,28,Normandie,76,3,97,Rouen,114083,1556,115639.0,0.0,30,,0.0,1.0,0.0,1.0
202000041525,1.0,1,1,2,1.0,1.0,-1.0, -1,-1.0,1993.0,A01,26,5,2020,09:20,1,76.0,76351,2,1,1.0,3.0,BOIS AU COQ (AVENUE),"49,5197000","0,1153000",,76.076351,76351,Seine-Maritime,28.0,Normandie,50.0,4.0,3.0,4,1.0,28,Normandie,76,2,96,LeHavre,166058,1780,167838.0,3.0,7,,0.0,2.0,2.0,25.0
202000041525,1.0,1,3,2,3.0,8.0,-1.0, -1,-1.0,1994.0,B01,26,5,2020,09:20,1,76.0,76351,2,1,1.0,3.0,BOIS AU COQ (AVENUE),"49,5197000","0,1153000",,76.076351,76351,Seine-Maritime,28.0,Normandie,50.0,4.0,3.0,4,1.0,28,Normandie,76,2,96,LeHavre,166058,1780,167838.0,3.0,50,,0.0,2.0,1.0,25.0
202000041526,1.0,1,4,2,1.0,1.0,-1.0, -1,-1.0,1984.0,B01,25,5,2020,17:15,1,76.0,76351,2,2,1.0,1.0,RAYMOND GUENOT,"49,4943000","0,1037000",,76.076351,76351,Seine-Maritime,28.0,Normandie,50.0,4.0,2.0,1,1.0,28,Normandie,76,2,96,LeHavre,166058,1780,167838.0,1.0,7,,0.0,2.0,2.0,9.0
202000041526,1.0,1,4,1,3.0,1.0,-1.0, -1,-1.0,1971.0,A01,25,5,2020,17:15,1,76.0,76351,2,2,1.0,1.0,RAYMOND GUENOT,"49,4943000","0,1037000",,76.076351,76351,Seine-Maritime,28.0,Normandie,50.0,4.0,2.0,1,1.0,28,Normandie,76,2,96,LeHavre,166058,1780,167838.0,2.0,7,,1.0,0.0,2.0,1.0
202000041526,2.0,2,1,2,3.0,1.0,-1.0, -1,-1.0,1975.0,A01,25,5,2020,17:15,1,76.0,76351,2,2,1.0,1.0,RAYMOND GUENOT,"49,4943000","0,1037000",,76.076351,76351,Seine-Maritime,28.0,Normandie,50.0,4.0,2.0,1,1.0,28,Normandie,76,2,96,LeHavre,166058,1780,167838.0,2.0,7,,1.0,0.0,2.0,1.0
202000041527,2.0,2,4,1,5.0,1.0,-1.0, -1,-1.0,2000.0,A01,23,5,2020,22:20,5,76.0,76351,1,6,1.0,6.0,LOUIS BLANC,"49,5078000","0,1338000",,76.076351,76351,Seine-Maritime,28.0,Normandie,50.0,3.0,2.0,2,1.0,28,Normandie,76,2,96,LeHavre,166058,1780,167838.0,1.0,7,,8.0,0.0,1.0,1.0
202000041527,1.0,1,4,1,5.0,1.0,-1.0, -1,-1.0,2000.0,A01,23,5,2020,22:20,5,76.0,76351,1,6,1.0,6.0,LOUIS BLANC,"49,5078000","0,1338000",,76.076351,76351,Seine-Maritime,28.0,Normandie,50.0,3.0,2.0,2,1.0,28,Normandie,76,2,96,LeHavre,166058,1780,167838.0,1.0,7,,8.0,0.0,1.0,1.0
202000041917,1.0,1,1,1,4.0,1.0,-1.0, -1,-1.0,1959.0,A01,21,10,2020,11:30,1,76.0,76351,2,1,1.0,3.0,PONT VI (DU),"49,4851100","0,1624800",,76.076351,76351,Seine-Maritime,28.0,Normandie,50.0,4.0,2.0,2,1.0,28,Normandie,76,2,96,LeHavre,166058,1780,167838.0,0.0,17,,0.0,2.0,2.0,15.0
202000041917,1.0,1,3,1,4.0,2.0,-1.0, -1,-1.0,1998.0,B01,21,10,2020,11:30,1,76.0,76351,2,1,1.0,3.0,PONT VI (DU),"49,4851100","0,1624800",,76.076351,76351,Seine-Maritime,28.0,Normandie,50.0,4.0,2.0,2,1.0,28,Normandie,76,2,96,LeHavre,166058,1780,167838.0,0.0,2,,0.0,2.0,1.0,1.0
202000041918,1.0,1,4,2,1.0,2.0,-1.0, -1,-1.0,1973.0,B01,21,10,2020,18:20,1,76.0,76351,2,1,1.0,1.0,HALLATES (DES),"49,5062000","0,1442600",,76.076351,76351,Seine-Maritime,28.0,Normandie,50.0,4.0,-1.0,1,1.0,28,Normandie,76,2,96,LeHavre,166058,1780,167838.0,3.0,80,,0.0,2.0,3.0,0.0
202000041918,1.0,1,1,1,5.0,1.0,-1.0, -1,-1.0,1988.0,A01,21,10,2020,18:20,1,76.0,76351,2,1,1.0,1.0,HALLATES (DES),"49,5062000","0,1442600",,76.076351,76351,Seine-Maritime,28.0,Normandie,50.0,4.0,-1.0,1,1.0,28,Normandie,76,2,96,LeHavre,166058,1780,167838.0,3.0,7,,0.0,2.0,3.0,1.0
202000041919,1.0,1,1,1,0.0,1.0,-1.0, -1,-1.0,1991.0,C01,21,10,2020,18:05,2,76.0,76351,1,1,1.0,4.0,LENINGRAD (BD DE),"49,5002000","0,1723700",,76.076351,76351,Seine-Maritime,28.0,Normandie,50.0,3.0,3.0,5,1.0,28,Normandie,76,2,96,LeHavre,166058,1780,167838.0,1.0,7,,0.0,2.0,4.0,0.0
202000041919,1.0,1,4,2,0.0,1.0,-1.0, -1,-1.0,1993.0,B01,21,10,2020,18:05,2,76.0,76351,1,1,1.0,4.0,LENINGRAD (BD DE),"49,5002000","0,1723700",,76.076351,76351,Seine-Maritime,28.0,Normandie,50.0,3.0,3.0,5,1.0,28,Normandie,76,2,96,LeHavre,166058,1780,167838.0,1.0,7,,0.0,2.0,0.0,0.0
202000041919,1.0,1,1,1,0.0,1.0,-1.0, -1,-1.0,1999.0,A01,21,10,2020,18:05,2,76.0,76351,1,1,1.0,4.0,LENINGRAD (BD DE),"49,5002000","0,1723700",,76.076351,76351,Seine-Maritime,28.0,Normandie,50.0,3.0,3.0,5,1.0,28,Normandie,76,2,96,LeHavre,166058,1780,167838.0,1.0,7,,0.0,2.0,1.0,0.0
202000042022,1.0,1,4,1,5.0,8.0,0.0,0,-1.0,1997.0,A01,29,8,2020,06:58,2,76.0,76517,1,1,2.0,6.0,A28,"49,5312740","1,2081820",,76.076517,76517,Seine-Maritime,28.0,Normandie,110.0,1.0,3.0,4,2.0,28,Normandie,76,3,2,Quincampoix,3110,68,3178.0,1.0,7,,13.0,0.0,1.0,0.0
202000042022,2.0,2,3,2,5.0,8.0,0.0,0,-1.0,1999.0,A01,29,8,2020,06:58,2,76.0,76517,1,1,2.0,6.0,A28,"49,5312740","1,2081820",,76.076517,76517,Seine-Maritime,28.0,Normandie,110.0,1.0,3.0,4,2.0,28,Normandie,76,3,2,Quincampoix,3110,68,3178.0,1.0,7,,13.0,0.0,1.0,0.0
202000042034,1.0,1,3,1,5.0,2.0,0.0,0,-1.0,2005.0,A01,28,8,2020,14:40,1,76.0,76196,2,2,1.0,3.0,Rue des Chataîgniers,"49,6269965","0,2622293",,76.076196,76196,Seine-Maritime,28.0,Normandie,50.0,4.0,2.0,2,1.0,28,Normandie,76,2,26,Criquetot-l'Esneval,2567,82,2649.0,3.0,2,,0.0,2.0,7.0,1.0
202000042034,1.0,1,1,2,5.0,8.0,0.0,0,-1.0,1990.0,B01,28,8,2020,14:40,1,76.0,76196,2,2,1.0,3.0,Rue des Chataîgniers,"49,6269965","0,2622293",,76.076196,76196,Seine-Maritime,28.0,Normandie,50.0,4.0,2.0,2,1.0,28,Normandie,76,2,26,Criquetot-l'Esneval,2567,82,2649.0,3.0,7,,0.0,2.0,1.0,1.0
202000042089,1.0,1,1,2,3.0,1.0,0.0,0,-1.0,1991.0,A01,28,8,2020,08:45,1,76.0,76244,2,6,2.0,6.0,RD 928 RD915,"49,6943160","1,3652340",,76.076244,76244,Seine-Maritime,28.0,Normandie,70.0,3.0,1.0,1,2.0,28,Normandie,76,1,23,EsclavelLes386,6,392,,1.0,7,,0.0,1.0,1.0,1.0
202000042089,10.0,3,4,1,4.0,9.0,2.0,9,3.0,2003.0,A01,28,8,2020,08:45,1,76.0,76244,2,6,2.0,6.0,RD 928 RD915,"49,6943160","1,3652340",,76.076244,76244,Seine-Maritime,28.0,Normandie,70.0,3.0,1.0,1,2.0,28,Normandie,76,1,23,EsclavelLes386,6,392,,1.0,7,,0.0,1.0,1.0,1.0
202000042089,10.0,3,1,1,4.0,9.0,2.0,9,2.0,1994.0,A01,28,8,2020,08:45,1,76.0,76244,2,6,2.0,6.0,RD 928 RD915,"49,6943160","1,3652340",,76.076244,76244,Seine-Maritime,28.0,Normandie,70.0,3.0,1.0,1,2.0,28,Normandie,76,1,23,EsclavelLes386,6,392,,1.0,7,,0.0,1.0,1.0,1.0
202000042170,10.0,3,4,1,4.0,0.0,6.0,0,1.0,1971.0,A01,10,3,2020,19:20,5,76.0,76410,1,1,2.0,7.0,D86,"49,4738100","1,0290400",,76.076410,76410,Seine-Maritime,28.0,Normandie,50.0,3.0,3.0,2,2.0,28,Normandie,76,3,4,Maromme,11024,122,11146.0,2.0,7,,0.0,1.0,1.0,6.0
202000042378,10.0,3,3,2,0.0,0.0,3.0,3,1.0,1936.0,A01,21,7,2020,13:40,1,76.0,76351,2,3,1.0,6.0,SAINTE ADRESSE (DE),"49,4995300","0,0934700",,76.076351,76351,Seine-Maritime,28.0,Normandie,50.0,4.0,2.0,1,1.0,28,Normandie,76,2,96,LeHavre,166058,1780,167838.0,1.0,7,,0.0,1.0,2.0,1.0
202000042378,1.0,1,1,2,5.0,1.0,-1.0, -1,-1.0,1948.0,A01,21,7,2020,13:40,1,76.0,76351,2,3,1.0,6.0,SAINTE ADRESSE (DE),"49,4995300","0,0934700",,76.076351,76351,Seine-Maritime,28.0,Normandie,50.0,4.0,2.0,1,1.0,28,Normandie,76,2,96,LeHavre,166058,1780,167838.0,1.0,7,,0.0,1.0,2.0,1.0
202000042399,2.0,2,1,1,5.0,1.0,0.0,0,-1.0,2001.0,A01,5,1,2020,18:27,5,76.0,76351,2,2,1.0,3.0,LENINGRAD (BD DE),"49,4987400","0,1592600",,76.076351,76351,Seine-Maritime,28.0,Normandie,50.0,3.0,3.0,8,1.0,28,Normandie,76,2,96,LeHavre,166058,1780,167838.0,1.0,7,,0.0,2.0,3.0,15.0
202000042399,1.0,1,1,2,5.0,1.0,0.0,0,-1.0,1973.0,A01,5,1,2020,18:27,5,76.0,76351,2,2,1.0,3.0,LENINGRAD (BD DE),"49,4987400","0,1592600",,76.076351,76351,Seine-Maritime,28.0,Normandie,50.0,3.0,3.0,8,1.0,28,Normandie,76,2,96,LeHavre,166058,1780,167838.0,1.0,7,,0.0,2.0,3.0,15.0
202000042399,1.0,1,4,1,5.0,2.0,0.0,0,-1.0,2003.0,B01,5,1,2020,18:27,5,76.0,76351,2,2,1.0,3.0,LENINGRAD (BD DE),"49,4987400","0,1592600",,76.076351,76351,Seine-Maritime,28.0,Normandie,50.0,3.0,3.0,8,1.0,28,Normandie,76,2,96,LeHavre,166058,1780,167838.0,2.0,2,,0.0,2.0,1.0,1.0
202000042403,1.0,1,1,2,9.0,1.0,0.0,0,-1.0,1941.0,A01,4,1,2020,10:10,1,76.0,76351,2,3,1.0,6.0,VERDUN (RUE DE),"49,5017700","0,1542700",,76.076351,76351,Seine-Maritime,28.0,Normandie,50.0,3.0,2.0,2,1.0,28,Normandie,76,2,96,LeHavre,166058,1780,167838.0,0.0,7,,0.0,1.0,3.0,15.0
202000042403,10.0,3,2,2,5.0,0.0,3.0,3,1.0,1950.0,A01,4,1,2020,10:10,1,76.0,76351,2,3,1.0,6.0,VERDUN (RUE DE),"49,5017700","0,1542700",,76.076351,76351,Seine-Maritime,28.0,Normandie,50.0,3.0,2.0,2,1.0,28,Normandie,76,2,96,LeHavre,166058,1780,167838.0,0.0,7,,0.0,1.0,3.0,15.0
202000042514,1.0,1,3,2,5.0,1.0,0.0,0,-1.0,1986.0,A01,27,7,2020,21:00,3,76.0,76181,1,1,1.0,6.0,781 Route du Mont aux Roux,"49,6213620","0,6331430",,76.076181,76181,Seine-Maritime,28.0,Normandie,80.0,4.0,2.0,2,1.0,28,Normandie,76,2,33,ClévilLe144,3,147,,1.0,7,,2.0,0.0,1.0,0.0
202000042517,1.0,1,3,1,0.0,2.0,0.0,0,-1.0,1985.0,A01,27,7,2020,20:00,2,76.0,76395,1,1,1.0,7.0,RD 323,"49,8950210","0,9594150",,76.076395,76395,Seine-Maritime,28.0,Normandie,80.0,3.0,-1.0,2,1.0,28,Normandie,76,1,7,Longueil,526,9,535.0,2.0,33,,13.0,0.0,1.0,1.0
202000042634,1.0,1,2,1,4.0,8.0,0.0,0,-1.0,1977.0,A01,28,7,2020,19:20,1,76.0,76718,1,1,7.0,7.0,D6015,"49,6165220","0,7126310",,76.076718,76718,Seine-Maritime,28.0,Normandie,70.0,3.0,2.0,3,1.0,28,Normandie,76,3,35,ValliquervilLe1423,38,1461,,1.0,15,,0.0,0.0,7.0,2.0
202000042755,1.0,1,1,1,4.0,1.0,0.0,0,-1.0,1981.0,A01,24,9,2020,12:00,1,76.0,76400,2,3,7.0,5.0,RUE GÉNÉRAL DE GAULLE,"49,8209340","0,9112970",,76.076400,76400,Seine-Maritime,28.0,Normandie,50.0,3.0,2.0,2,1.0,28,Normandie,76,1,20,Luneray,2170,36,2206.0,2.0,10,,0.0,2.0,3.0,15.0
202000042755,1.0,1,4,1,1.0,1.0,0.0,0,-1.0,2000.0,B01,24,9,2020,12:00,1,76.0,76400,2,3,7.0,5.0,RUE GÉNÉRAL DE GAULLE,"49,8209340","0,9112970",,76.076400,76400,Seine-Maritime,28.0,Normandie,50.0,3.0,2.0,2,1.0,28,Normandie,76,1,20,Luneray,2170,36,2206.0,1.0,7,,0.0,2.0,1.0,23.0
202000042755,1.0,1,1,1,1.0,1.0,0.0,0,-1.0,1971.0,C01,24,9,2020,12:00,1,76.0,76400,2,3,7.0,5.0,RUE GÉNÉRAL DE GAULLE,"49,8209340","0,9112970",,76.076400,76400,Seine-Maritime,28.0,Normandie,50.0,3.0,2.0,2,1.0,28,Normandie,76,1,20,Luneray,2170,36,2206.0,0.0,7,,0.0,2.0,1.0,23.0
202000042940,1.0,1,3,1,5.0,1.0,0.0,0,-1.0,2001.0,A01,5,1,2020,06:30,3,76.0,76352,1,1,5.0,6.0,route de rouen,"49,4638800","1,4650400",,76.076352,76352,Seine-Maritime,28.0,Normandie,80.0,2.0,2.0,2,2.0,28,Normandie,76,1,12,La Haye,369,4,373.0,1.0,7,,2.0,0.0,1.0,1.0
202000042940,7.0,2,1,1,5.0,1.0,0.0,0,-1.0,2003.0,A01,5,1,2020,06:30,3,76.0,76352,1,1,5.0,6.0,route de rouen,"49,4638800","1,4650400",,76.076352,76352,Seine-Maritime,28.0,Normandie,80.0,2.0,2.0,2,2.0,28,Normandie,76,1,12,La Haye,369,4,373.0,1.0,7,,2.0,0.0,1.0,1.0
202000042940,8.0,2,1,1,5.0,1.0,0.0,0,-1.0,2001.0,A01,5,1,2020,06:30,3,76.0,76352,1,1,5.0,6.0,route de rouen,"49,4638800","1,4650400",,76.076352,76352,Seine-Maritime,28.0,Normandie,80.0,2.0,2.0,2,2.0,28,Normandie,76,1,12,La Haye,369,4,373.0,1.0,7,,2.0,0.0,1.0,1.0
202000042940,4.0,2,1,1,5.0,1.0,0.0,0,-1.0,2001.0,A01,5,1,2020,06:30,3,76.0,76352,1,1,5.0,6.0,route de rouen,"49,4638800","1,4650400",,76.076352,76352,Seine-Maritime,28.0,Normandie,80.0,2.0,2.0,2,2.0,28,Normandie,76,1,12,La Haye,369,4,373.0,1.0,7,,2.0,0.0,1.0,1.0
202000042940,2.0,2,1,2,5.0,1.0,0.0,0,-1.0,2002.0,A01,5,1,2020,06:30,3,76.0,76352,1,1,5.0,6.0,route de rouen,"49,4638800","1,4650400",,76.076352,76352,Seine-Maritime,28.0,Normandie,80.0,2.0,2.0,2,2.0,28,Normandie,76,1,12,La Haye,369,4,373.0,1.0,7,,2.0,0.0,1.0,1.0
202000042940,2.0,2,1,2,5.0,1.0,0.0,0,-1.0,2001.0,A01,5,1,2020,06:30,3,76.0,76352,1,1,5.0,6.0,route de rouen,"49,4638800","1,4650400",,76.076352,76352,Seine-Maritime,28.0,Normandie,80.0,2.0,2.0,2,2.0,28,Normandie,76,1,12,La Haye,369,4,373.0,1.0,7,,2.0,0.0,1.0,1.0
202000042940,7.0,2,3,2,5.0,1.0,0.0,0,-1.0,2002.0,A01,5,1,2020,06:30,3,76.0,76352,1,1,5.0,6.0,route de rouen,"49,4638800","1,4650400",,76.076352,76352,Seine-Maritime,28.0,Normandie,80.0,2.0,2.0,2,2.0,28,Normandie,76,1,12,La Haye,369,4,373.0,1.0,7,,2.0,0.0,1.0,1.0
202000042942,1.0,1,3,1,0.0,1.0,0.0,0,-1.0,1974.0,A01,6,1,2020,13:25,1,76.0,76111,1,1,1.0,1.0,N31,"49,4628620","1,2527020",,76.076111,76111,Seine-Maritime,28.0,Normandie,80.0,2.0,2.0,2,1.0,28,Normandie,76,3,21,Bois-l'Évêque,612,10,622.0,1.0,7,,0.0,2.0,3.0,5.0
202000042942,1.0,1,1,1,4.0,1.0,0.0,0,-1.0,1954.0,B01,6,1,2020,13:25,1,76.0,76111,1,1,1.0,1.0,N31,"49,4628620","1,2527020",,76.076111,76111,Seine-Maritime,28.0,Normandie,80.0,2.0,2.0,2,1.0,28,Normandie,76,3,21,Bois-l'Évêque,612,10,622.0,2.0,15,,0.0,2.0,3.0,5.0
202000042986,1.0,1,4,1,0.0,1.0,0.0,0,-1.0,1968.0,B01,5,2,2020,12:15,1,76.0,76351,2,3,1.0,3.0,GENERAL FERRIE (AVENUE),"49,5098000","0,1744800",,76.076351,76351,Seine-Maritime,28.0,Normandie,50.0,4.0,2.0,2,1.0,28,Normandie,76,2,96,LeHavre,166058,1780,167838.0,3.0,7,,0.0,2.0,2.0,1.0
202000043089,1.0,1,1,2,0.0,1.0,0.0,0,-1.0,1976.0,B01,6,2,2020,19:30,5,76.0,76738,1,2,1.0,3.0,196 Route de la Gare,"49,5550130","1,2794350",,76.076738,76738,Seine-Maritime,28.0,Normandie,80.0,3.0,2.0,2,1.0,28,Normandie,76,3,21,Vieux-Manoir,771,11,782.0,1.0,7,,0.0,2.0,1.0,19.0
202000043089,1.0,1,4,2,1.0,1.0,0.0,0,-1.0,1959.0,A01,6,2,2020,19:30,5,76.0,76738,1,2,1.0,3.0,196 Route de la Gare,"49,5550130","1,2794350",,76.076738,76738,Seine-Maritime,28.0,Normandie,80.0,3.0,2.0,2,1.0,28,Normandie,76,3,21,Vieux-Manoir,771,11,782.0,1.0,7,,12.0,2.0,7.0,1.0
202000043089,2.0,2,4,1,0.0,1.0,0.0,0,-1.0,2002.0,A01,6,2,2020,19:30,5,76.0,76738,1,2,1.0,3.0,196 Route de la Gare,"49,5550130","1,2794350",,76.076738,76738,Seine-Maritime,28.0,Normandie,80.0,3.0,2.0,2,1.0,28,Normandie,76,3,21,Vieux-Manoir,771,11,782.0,1.0,7,,12.0,2.0,7.0,1.0
202000043090,1.0,1,3,1,5.0,8.0,0.0,0,-1.0,1949.0,A01,6,2,2020,10:30,1,76.0,76152,2,1,7.0,6.0,14 Rue de l'Eglise,"49,5785980","1,2283550",,76.076152,76152,Seine-Maritime,28.0,Normandie,50.0,3.0,2.0,2,1.0,28,Normandie,76,3,21,Cailly,742,4,746.0,1.0,7,,1.0,0.0,2.0,14.0
202000043152,1.0,1,3,1,1.0,2.0,0.0,0,-1.0,1997.0,A01,29,6,2020,15:30,1,76.0,76551,1,4,6.0,7.0,Route d'Etainhus,"49,5622890","0,3031810",,76.076551,76551,Seine-Maritime,28.0,Normandie,80.0,3.0,2.0,2,1.0,28,Normandie,76,2,32,SainnevilLe854,11,865,,1.0,33,,6.0,0.0,0.0,1.0
202000043153,1.0,1,2,1,5.0,2.0,0.0,0,-1.0,1955.0,A01,26,6,2020,16:50,1,76.0,76647,2,1,1.0,7.0,Route de la Cerlangue,"49,5235860","0,3673230",,76.076647,76647,Seine-Maritime,28.0,Normandie,50.0,3.0,2.0,2,1.0,28,Normandie,76,2,32,Saint-Romain-de-Colbosc,4436,43,4479.0,2.0,1,,0.0,0.0,0.0,1.0
202000043175,1.0,1,4,1,0.0,2.0,-1.0, -1,-1.0,1984.0,A01,26,6,2020,20:35,1,76.0,76575,2,2,1.0,3.0,MACE. PERIPHERIQUE JEAN,"49,3949100","1,0665200",,76.076575,76575,Seine-Maritime,28.0,Normandie,30.0,4.0,2.0,2,1.0,28,Normandie,76,3,98,Saint-Étienne-du-Rouvray,28508,225,28733.0,0.0,32,,0.0,2.0,7.0,1.0
202000043239,2.0,2,1,1,5.0,1.0,0.0,0,-1.0,2005.0,A01,28,6,2020,00:45,3,76.0,76183,1,1,8.0,7.0,D68,"49,7568328","0,4616931",,76.076183,76183,Seine-Maritime,28.0,Normandie,80.0,3.0,2.0,2,2.0,28,Normandie,76,2,11,CollevilLe767,19,786,,2.0,10,,16.0,0.0,0.0,0.0
202000043239,2.0,2,4,1,5.0,8.0,0.0,0,-1.0,2004.0,A01,28,6,2020,00:45,3,76.0,76183,1,1,8.0,7.0,D68,"49,7568328","0,4616931",,76.076183,76183,Seine-Maritime,28.0,Normandie,80.0,3.0,2.0,2,2.0,28,Normandie,76,2,11,CollevilLe767,19,786,,2.0,10,,16.0,0.0,0.0,0.0
202000043239,1.0,1,3,1,5.0,0.0,0.0,0,-1.0,2003.0,A01,28,6,2020,00:45,3,76.0,76183,1,1,8.0,7.0,D68,"49,7568328","0,4616931",,76.076183,76183,Seine-Maritime,28.0,Normandie,80.0,3.0,2.0,2,2.0,28,Normandie,76,2,11,CollevilLe767,19,786,,2.0,10,,16.0,0.0,0.0,0.0
202000043240,2.0,2,4,1,4.0,1.0,0.0,0,-1.0,1970.0,B01,26,6,2020,23:15,3,76.0,76348,1,3,1.0,3.0,Route du Grand Tôt,"49,6767720","0,7335790",,76.076348,76348,Seine-Maritime,28.0,Normandie,80.0,4.0,2.0,2,1.0,28,Normandie,76,3,35,Hautot-Saint-Sulpice,690,8,698.0,3.0,7,,13.0,2.0,1.0,1.0
202000043240,1.0,1,1,2,4.0,1.0,0.0,0,-1.0,1979.0,B01,26,6,2020,23:15,3,76.0,76348,1,3,1.0,3.0,Route du Grand Tôt,"49,6767720","0,7335790",,76.076348,76348,Seine-Maritime,28.0,Normandie,80.0,4.0,2.0,2,1.0,28,Normandie,76,3,35,Hautot-Saint-Sulpice,690,8,698.0,3.0,7,,13.0,2.0,1.0,1.0
202000043240,1.0,1,1,1,5.0,1.0,0.0,0,-1.0,1996.0,A01,26,6,2020,23:15,3,76.0,76348,1,3,1.0,3.0,Route du Grand Tôt,"49,6767720","0,7335790",,76.076348,76348,Seine-Maritime,28.0,Normandie,80.0,4.0,2.0,2,1.0,28,Normandie,76,3,35,Hautot-Saint-Sulpice,690,8,698.0,3.0,7,,13.0,2.0,7.0,1.0
202000043286,2.0,2,4,2,5.0,2.0,0.0,0,-1.0,1961.0,A01,28,6,2020,12:30,1,76.0,76276,2,3,1.0,6.0,15 Avenue des Sources,"49,6111880","1,5409730",,76.076276,76276,Seine-Maritime,28.0,Normandie,50.0,3.0,2.0,2,1.0,28,Normandie,76,1,12,Forges-les-Eaux,3702,157,3859.0,1.0,33,,12.0,0.0,8.0,16.0
202000043286,1.0,1,1,1,5.0,2.0,0.0,0,-1.0,1957.0,A01,28,6,2020,12:30,1,76.0,76276,2,3,1.0,6.0,15 Avenue des Sources,"49,6111880","1,5409730",,76.076276,76276,Seine-Maritime,28.0,Normandie,50.0,3.0,2.0,2,1.0,28,Normandie,76,1,12,Forges-les-Eaux,3702,157,3859.0,1.0,33,,12.0,0.0,8.0,16.0
202000043375,10.0,3,4,1,5.0,0.0,2.0,3,1.0,2010.0,A01,23,5,2020,11:15,1,76.0,76319,2,1,1.0,6.0,CLEMENCEAU. RUE GEORGES,"49,3566000","1,0075100",,76.076319,76319,Seine-Maritime,28.0,Normandie,50.0,3.0,2.0,2,1.0,28,Normandie,76,3,9,Grand-Couronne,9726,177,9903.0,1.0,7,,0.0,1.0,7.0,1.0
202000043375,1.0,1,1,1,0.0,1.0,-1.0, -1,-1.0,1961.0,A01,23,5,2020,11:15,1,76.0,76319,2,1,1.0,6.0,CLEMENCEAU. RUE GEORGES,"49,3566000","1,0075100",,76.076319,76319,Seine-Maritime,28.0,Normandie,50.0,3.0,2.0,2,1.0,28,Normandie,76,3,9,Grand-Couronne,9726,177,9903.0,1.0,7,,0.0,1.0,7.0,1.0
202000043683,1.0,1,1,2,1.0,1.0,0.0,0,-1.0,1972.0,B01,22,10,2020,21:10,5,76.0,76700,2,3,1.0,1.0,"D929, Rue des Forrières","49,6788480","1,0377790",,76.076700,76700,Seine-Maritime,28.0,Normandie,50.0,3.0,2.0,2,1.0,28,Normandie,76,1,20,Tôtes,1575,30,1605.0,2.0,7,,0.0,2.0,1.0,1.0
202000043683,1.0,1,3,1,5.0,1.0,0.0,0,-1.0,1994.0,A01,22,10,2020,21:10,5,76.0,76700,2,3,1.0,1.0,"D929, Rue des Forrières","49,6788480","1,0377790",,76.076700,76700,Seine-Maritime,28.0,Normandie,50.0,3.0,2.0,2,1.0,28,Normandie,76,1,20,Tôtes,1575,30,1605.0,1.0,7,,0.0,2.0,1.0,13.0