Num_Acc,place,catu,grav,sexe,trajet,secu,locp,actp,etatp,an_nais,num_veh,jour,mois,an,hrmn,lum,dep,com,agg,int,atm,col,adr,lat,long,gps,com_insee_temp,com_insee,departmentName,regionCode,regionName,vma,catr,circ,nbv,surf,Code,Region,Departement,Arrondissement,Code_Canton,Nom_Commune,Population_municipaLe,Population_comptee_a_part,Population_Totale,senc,catv,occutc,obs,obsm,choc,manv
202000045793,1.0,1,4,1,1.0,1.0,-1.0, -1,-1.0,1986.0,A01,1,12,2020,07:00,3,76.0,76270,1,1,1.0,2.0,RD 6382,"49,5307700","0,1335100",,76.076270,76270,Seine-Maritime,28.0,Normandie,90.0,3.0,3.0,4,2.0,28,Normandie,76,2,26,Fontaine-la-Mallet,2635,54,2689.0,1.0,7,,0.0,2.0,2.0,1.0
202000045872,1.0,1,1,1,5.0,8.0,-1.0, -1,-1.0,2003.0,Z01,20,9,2020,16:30,1,76.0,76540,2,1,1.0,6.0,SAINT SEVER. QUAI (BAS),"49,4364200","1,0901600",,76.076540,76540,Seine-Maritime,28.0,Normandie,10.0,9.0,-1.0,0,1.0,28,Normandie,76,3,97,Rouen,114083,1556,115639.0,0.0,2,,0.0,1.0,1.0,1.0
202000045872,10.0,3,3,2,0.0,0.0,9.0,3,1.0,1968.0,Z01,20,9,2020,16:30,1,76.0,76540,2,1,1.0,6.0,SAINT SEVER. QUAI (BAS),"49,4364200","1,0901600",,76.076540,76540,Seine-Maritime,28.0,Normandie,10.0,9.0,-1.0,0,1.0,28,Normandie,76,3,97,Rouen,114083,1556,115639.0,0.0,2,,0.0,1.0,1.0,1.0
202000045873,3.0,2,4,1,5.0,1.0,-1.0, -1,-1.0,2012.0,A01,20,9,2020,17:00,1,76.0,76157,1,1,1.0,3.0,A150,"49,4565714","1,0496788",,76.076157,76157,Seine-Maritime,28.0,Normandie,110.0,1.0,3.0,4,1.0,28,Normandie,76,3,4,Canteleu,13966,360,14326.0,1.0,7,,3.0,2.0,3.0,13.0
202000045873,2.0,2,1,2,5.0,1.0,-1.0, -1,-1.0,1990.0,A01,20,9,2020,17:00,1,76.0,76157,1,1,1.0,3.0,A150,"49,4565714","1,0496788",,76.076157,76157,Seine-Maritime,28.0,Normandie,110.0,1.0,3.0,4,1.0,28,Normandie,76,3,4,Canteleu,13966,360,14326.0,1.0,7,,3.0,2.0,3.0,13.0
202000045873,1.0,1,1,2,5.0,1.0,-1.0, -1,-1.0,1974.0,A01,20,9,2020,17:00,1,76.0,76157,1,1,1.0,3.0,A150,"49,4565714","1,0496788",,76.076157,76157,Seine-Maritime,28.0,Normandie,110.0,1.0,3.0,4,1.0,28,Normandie,76,3,4,Canteleu,13966,360,14326.0,1.0,7,,3.0,2.0,3.0,13.0
202000045873,1.0,1,3,1,0.0,2.0,-1.0, -1,-1.0,1949.0,B01,20,9,2020,17:00,1,76.0,76157,1,1,1.0,3.0,A150,"49,4565714","1,0496788",,76.076157,76157,Seine-Maritime,28.0,Normandie,110.0,1.0,3.0,4,1.0,28,Normandie,76,3,4,Canteleu,13966,360,14326.0,1.0,34,,0.0,2.0,1.0,1.0
202000045874,1.0,1,3,1,5.0,2.0,-1.0, -1,-1.0,1998.0,A01,19,9,2020,02:45,5,76.0,76351,2,1,1.0,6.0,BELLOT,"49,4840000","0,1275000",,76.076351,76351,Seine-Maritime,28.0,Normandie,50.0,4.0,2.0,2,1.0,28,Normandie,76,2,96,LeHavre,166058,1780,167838.0,3.0,34,,0.0,0.0,1.0,25.0
202000045875,2.0,2,1,1,0.0,1.0,-1.0, -1,-1.0,1977.0,B01,20,9,2020,15:10,1,76.0,76351,2,3,1.0,2.0,GRAVILLE (BD DE),"49,4889000","0,1500600",,76.076351,76351,Seine-Maritime,28.0,Normandie,50.0,4.0,2.0,5,1.0,28,Normandie,76,2,96,LeHavre,166058,1780,167838.0,3.0,7,,0.0,2.0,7.0,15.0
202000045875,1.0,1,1,2,0.0,1.0,-1.0, -1,-1.0,2003.0,B01,20,9,2020,15:10,1,76.0,76351,2,3,1.0,2.0,GRAVILLE (BD DE),"49,4889000","0,1500600",,76.076351,76351,Seine-Maritime,28.0,Normandie,50.0,4.0,2.0,5,1.0,28,Normandie,76,2,96,LeHavre,166058,1780,167838.0,3.0,7,,0.0,2.0,7.0,15.0
202000045875,1.0,1,4,1,5.0,2.0,-1.0, -1,-1.0,1964.0,A01,20,9,2020,15:10,1,76.0,76351,2,3,1.0,2.0,GRAVILLE (BD DE),"49,4889000","0,1500600",,76.076351,76351,Seine-Maritime,28.0,Normandie,50.0,4.0,2.0,5,1.0,28,Normandie,76,2,96,LeHavre,166058,1780,167838.0,3.0,33,,0.0,2.0,1.0,17.0
202000046031,1.0,1,3,1,9.0,1.0,0.0,0,-1.0,1972.0,A01,10,3,2020,16:15,1,76.0,76222,1,2,2.0,3.0,Route de Saint Paer,"49,4930870","0,8741910",,76.076222,76222,Seine-Maritime,28.0,Normandie,80.0,3.0,2.0,2,2.0,28,Normandie,76,3,1,Duclair,4020,52,4072.0,2.0,7,,0.0,2.0,1.0,1.0
202000046031,1.0,1,4,2,5.0,1.0,0.0,0,-1.0,1949.0,B01,10,3,2020,16:15,1,76.0,76222,1,2,2.0,3.0,Route de Saint Paer,"49,4930870","0,8741910",,76.076222,76222,Seine-Maritime,28.0,Normandie,80.0,3.0,2.0,2,2.0,28,Normandie,76,3,1,Duclair,4020,52,4072.0,1.0,7,,0.0,2.0,7.0,1.0
202000046379,1.0,1,4,1,0.0,2.0,-1.0, -1,-1.0,1969.0,B01,23,6,2020,18:42,1,76.0,76682,1,3,1.0,1.0,VILLAGE RUE DU,"49,3188300","1,1139400",,76.076682,76682,Seine-Maritime,28.0,Normandie,70.0,3.0,2.0,2,1.0,28,Normandie,76,3,5,Sotteville-sous-le-Val,742,4,746.0,1.0,33,,0.0,2.0,1.0,1.0
202000046379,1.0,1,1,1,4.0,1.0,-1.0, -1,-1.0,1998.0,A01,23,6,2020,18:42,1,76.0,76682,1,3,1.0,1.0,VILLAGE RUE DU,"49,3188300","1,1139400",,76.076682,76682,Seine-Maritime,28.0,Normandie,70.0,3.0,2.0,2,1.0,28,Normandie,76,3,5,Sotteville-sous-le-Val,742,4,746.0,2.0,10,,0.0,2.0,3.0,15.0
202000046411,1.0,1,1,1,0.0,1.0,-1.0, -1,-1.0,1993.0,A01,2,2,2020,00:25,5,76.0,76351,2,3,1.0,3.0,CAVEE VERTE (RUE DE LA),"49,5022100","0,1034400",,76.076351,76351,Seine-Maritime,28.0,Normandie,50.0,3.0,2.0,2,2.0,28,Normandie,76,2,96,LeHavre,166058,1780,167838.0,2.0,7,,0.0,2.0,3.0,1.0
202000046411,1.0,1,4,2,0.0,1.0,-1.0, -1,-1.0,1999.0,B01,2,2,2020,00:25,5,76.0,76351,2,3,1.0,3.0,CAVEE VERTE (RUE DE LA),"49,5022100","0,1034400",,76.076351,76351,Seine-Maritime,28.0,Normandie,50.0,3.0,2.0,2,2.0,28,Normandie,76,2,96,LeHavre,166058,1780,167838.0,3.0,7,,0.0,2.0,2.0,1.0
202000046415,1.0,1,4,1,1.0,1.0,-1.0, -1,-1.0,1996.0,A01,3,2,2020,17:20,2,76.0,76351,2,2,2.0,3.0,Rue Pierre Curie,"49,5096100","0,1276400",,76.076351,76351,Seine-Maritime,28.0,Normandie,50.0,4.0,2.0,2,2.0,28,Normandie,76,2,96,LeHavre,166058,1780,167838.0,2.0,7,,0.0,2.0,2.0,0.0
202000046415,1.0,1,4,2,0.0,1.0,-1.0, -1,-1.0,1996.0,B01,3,2,2020,17:20,2,76.0,76351,2,2,2.0,3.0,Rue Pierre Curie,"49,5096100","0,1276400",,76.076351,76351,Seine-Maritime,28.0,Normandie,50.0,4.0,2.0,2,2.0,28,Normandie,76,2,96,LeHavre,166058,1780,167838.0,2.0,7,,0.0,2.0,1.0,1.0
202000046462,1.0,1,1,1,0.0,1.0,-1.0, -1,-1.0,1961.0,A01,21,5,2020,13:35,1,76.0,76575,2,1,1.0,6.0,VAL L'ABBE. RUE DU,"49,3852400","1,0995700",,76.076575,76575,Seine-Maritime,28.0,Normandie,50.0,3.0,2.0,2,1.0,28,Normandie,76,3,98,Saint-Étienne-du-Rouvray,28508,225,28733.0,1.0,7,,0.0,1.0,7.0,1.0
202000046462,10.0,3,4,1,5.0,0.0,4.0,3,2.0,2014.0,A01,21,5,2020,13:35,1,76.0,76575,2,1,1.0,6.0,VAL L'ABBE. RUE DU,"49,3852400","1,0995700",,76.076575,76575,Seine-Maritime,28.0,Normandie,50.0,3.0,2.0,2,1.0,28,Normandie,76,3,98,Saint-Étienne-du-Rouvray,28508,225,28733.0,1.0,7,,0.0,1.0,7.0,1.0
202000046463,1.0,1,4,2,1.0,1.0,-1.0, -1,-1.0,1963.0,A01,21,5,2020,17:45,1,76.0,76447,2,1,1.0,3.0,PIERRE MENDES FRANCE,"49,5296900","0,1816000",,76.076447,76447,Seine-Maritime,28.0,Normandie,50.0,3.0,2.0,4,1.0,28,Normandie,76,2,15,Montivilliers,15457,203,15660.0,1.0,7,,0.0,2.0,3.0,10.0
202000046463,1.0,1,4,1,5.0,1.0,-1.0, -1,-1.0,1970.0,B01,21,5,2020,17:45,1,76.0,76447,2,1,1.0,3.0,PIERRE MENDES FRANCE,"49,5296900","0,1816000",,76.076447,76447,Seine-Maritime,28.0,Normandie,50.0,3.0,2.0,4,1.0,28,Normandie,76,2,15,Montivilliers,15457,203,15660.0,1.0,7,,0.0,2.0,2.0,1.0
202000046463,2.0,2,4,1,5.0,1.0,-1.0, -1,-1.0,1973.0,B01,21,5,2020,17:45,1,76.0,76447,2,1,1.0,3.0,PIERRE MENDES FRANCE,"49,5296900","0,1816000",,76.076447,76447,Seine-Maritime,28.0,Normandie,50.0,3.0,2.0,4,1.0,28,Normandie,76,2,15,Montivilliers,15457,203,15660.0,1.0,7,,0.0,2.0,2.0,1.0
202000046720,1.0,1,4,1,0.0,2.0,-1.0, -1,-1.0,1959.0,A01,23,7,2020,15:20,1,76.0,76322,2,1,1.0,6.0,LECLERC. AVENUE DU MARECHAL (CD 3),"49,4125871","1,0427735",,76.076322,76322,Seine-Maritime,28.0,Normandie,50.0,3.0,1.0,2,1.0,28,Normandie,76,3,13,LeGrand-Quevilly,25975,225,26200.0,2.0,2,,0.0,1.0,1.0,1.0
202000046720,10.0,3,4,1,0.0,0.0,1.0,3,1.0,1974.0,A01,23,7,2020,15:20,1,76.0,76322,2,1,1.0,6.0,LECLERC. AVENUE DU MARECHAL (CD 3),"49,4125871","1,0427735",,76.076322,76322,Seine-Maritime,28.0,Normandie,50.0,3.0,1.0,2,1.0,28,Normandie,76,3,13,LeGrand-Quevilly,25975,225,26200.0,2.0,2,,0.0,1.0,1.0,1.0
202000046724,1.0,1,1,1,1.0,1.0,-1.0, -1,-1.0,1960.0,A01,23,7,2020,09:15,1,76.0,76540,2,2,1.0,6.0,QUAI JACQUES ANQUETIL,"49,4348100","1,0937800",,76.076540,76540,Seine-Maritime,28.0,Normandie,50.0,3.0,2.0,5,1.0,28,Normandie,76,3,97,Rouen,114083,1556,115639.0,0.0,7,,0.0,1.0,7.0,1.0
202000046724,10.0,3,4,2,5.0,0.0,4.0,3,1.0,1966.0,A01,23,7,2020,09:15,1,76.0,76540,2,2,1.0,6.0,QUAI JACQUES ANQUETIL,"49,4348100","1,0937800",,76.076540,76540,Seine-Maritime,28.0,Normandie,50.0,3.0,2.0,5,1.0,28,Normandie,76,3,97,Rouen,114083,1556,115639.0,0.0,7,,0.0,1.0,7.0,1.0
202000046803,1.0,1,2,1,4.0,1.0,-1.0, -1,-1.0,1964.0,A01,25,8,2020,05:57,5,76.0,76599,2,1,2.0,6.0,PTT (ROUTE DE LYONS LA FORET),"49,4330871","1,1529744",,76.076599,76599,Seine-Maritime,28.0,Normandie,50.0,3.0,2.0,2,2.0,28,Normandie,76,3,6,Saint-Léger-du-Bourg-Denis,3641,42,3683.0,1.0,37,1.0,6.0,0.0,7.0,1.0
202000046806,1.0,1,4,2,5.0,1.0,-1.0, -1,-1.0,1974.0,B01,24,8,2020,16:30,1,76.0,76351,2,1,1.0,7.0,ARMAND BARBES,"49,5004000","0,1502000",,76.076351,76351,Seine-Maritime,28.0,Normandie,50.0,4.0,2.0,1,1.0,28,Normandie,76,2,96,LeHavre,166058,1780,167838.0,3.0,7,,0.0,2.0,4.0,1.0
202000046811,1.0,1,4,1,0.0,2.0,-1.0, -1,-1.0,1993.0,A01,23,8,2020,09:40,1,76.0,76351,2,1,3.0,6.0,FRISSARD (QUAI),"49,4893900","0,1235300",,76.076351,76351,Seine-Maritime,28.0,Normandie,50.0,4.0,2.0,2,2.0,28,Normandie,76,2,96,LeHavre,166058,1780,167838.0,3.0,30,,0.0,9.0,0.0,0.0
202000046813,1.0,1,4,1,5.0,2.0,-1.0, -1,-1.0,1975.0,A01,21,8,2020,22:45,5,76.0,76351,2,2,1.0,3.0,GUSTAVE BRINDEAU (RUE),"49,4924700","0,1396400",,76.076351,76351,Seine-Maritime,28.0,Normandie,50.0,4.0,2.0,2,1.0,28,Normandie,76,2,96,LeHavre,166058,1780,167838.0,3.0,30,,0.0,2.0,2.0,0.0
202000046813,1.0,1,1,1,0.0,1.0,-1.0, -1,-1.0,1995.0,B01,21,8,2020,22:45,5,76.0,76351,2,2,1.0,3.0,GUSTAVE BRINDEAU (RUE),"49,4924700","0,1396400",,76.076351,76351,Seine-Maritime,28.0,Normandie,50.0,4.0,2.0,2,1.0,28,Normandie,76,2,96,LeHavre,166058,1780,167838.0,3.0,7,,0.0,2.0,8.0,0.0
202000046873,1.0,1,4,1,5.0,2.0,-1.0, -1,-1.0,1985.0,A01,20,10,2020,02:40,3,76.0,76351,1,1,1.0,7.0,AMIRAL DU CHILLOU,"49,4724300","0,1796000",,76.076351,76351,Seine-Maritime,28.0,Normandie,50.0,4.0,2.0,2,1.0,28,Normandie,76,2,96,LeHavre,166058,1780,167838.0,3.0,30,,12.0,0.0,0.0,0.0
202000047096,2.0,2,4,1,5.0,8.0,0.0,0,-1.0,1928.0,A01,1,1,2020,18:50,3,76.0,76242,2,1,5.0,6.0,D221,"49,4591800","1,6987220",,76.076242,76242,Seine-Maritime,28.0,Normandie,50.0,3.0,2.0,2,2.0,28,Normandie,76,1,12,Ernemont-la-Villette,207,4,211.0,2.0,7,,15.0,0.0,1.0,1.0
202000047096,8.0,2,3,2,5.0,0.0,0.0,0,-1.0,1959.0,A01,1,1,2020,18:50,3,76.0,76242,2,1,5.0,6.0,D221,"49,4591800","1,6987220",,76.076242,76242,Seine-Maritime,28.0,Normandie,50.0,3.0,2.0,2,2.0,28,Normandie,76,1,12,Ernemont-la-Villette,207,4,211.0,2.0,7,,15.0,0.0,1.0,1.0
202000047096,1.0,1,3,1,5.0,8.0,0.0,0,-1.0,1943.0,A01,1,1,2020,18:50,3,76.0,76242,2,1,5.0,6.0,D221,"49,4591800","1,6987220",,76.076242,76242,Seine-Maritime,28.0,Normandie,50.0,3.0,2.0,2,2.0,28,Normandie,76,1,12,Ernemont-la-Villette,207,4,211.0,2.0,7,,15.0,0.0,1.0,1.0
202000047216,1.0,1,1,1,0.0,2.0,-1.0,0,-1.0,1995.0,A01,2,2,2020,00:42,3,76.0,76165,2,1,1.0,7.0,REPUBLIQUE. RUE DE LA,"49,2790513","1,0291314",,76.076165,76165,Seine-Maritime,28.0,Normandie,50.0,3.0,2.0,2,1.0,28,Normandie,76,3,5,Caudebec-lès-Elbeuf,10135,69,10204.0,1.0,30,,0.0,9.0,0.0,0.0
202000047216,2.0,2,4,1,0.0,2.0,-1.0,0,-1.0,1995.0,A01,2,2,2020,00:42,3,76.0,76165,2,1,1.0,7.0,REPUBLIQUE. RUE DE LA,"49,2790513","1,0291314",,76.076165,76165,Seine-Maritime,28.0,Normandie,50.0,3.0,2.0,2,1.0,28,Normandie,76,3,5,Caudebec-lès-Elbeuf,10135,69,10204.0,1.0,30,,0.0,9.0,0.0,0.0
202000047219,1.0,1,4,1,1.0,8.0,-1.0,0,-1.0,1996.0,A01,2,2,2020,06:10,5,76.0,76540,2,2,1.0,3.0,GAMBETTA. BOULEVARD LEON,"49,4378400","1,1052500",,76.076540,76540,Seine-Maritime,28.0,Normandie,30.0,4.0,2.0,2,1.0,28,Normandie,76,3,97,Rouen,114083,1556,115639.0,0.0,1,,0.0,2.0,1.0,15.0
202000047219,1.0,1,1,2,1.0,1.0,-1.0,0,-1.0,1963.0,B01,2,2,2020,06:10,5,76.0,76540,2,2,1.0,3.0,GAMBETTA. BOULEVARD LEON,"49,4378400","1,1052500",,76.076540,76540,Seine-Maritime,28.0,Normandie,30.0,4.0,2.0,2,1.0,28,Normandie,76,3,97,Rouen,114083,1556,115639.0,0.0,7,,0.0,2.0,3.0,1.0
202000047224,10.0,3,4,1,0.0,0.0,4.0,3,1.0,2004.0,A01,29,1,2020,12:00,1,76.0,76561,2,1,1.0,6.0,LECLERC. RUE DU MARECHAL (CD 144),"49,3033500","1,0159300",,76.076561,76561,Seine-Maritime,28.0,Normandie,50.0,3.0,2.0,2,1.0,28,Normandie,76,3,5,Saint-Aubin-lès-Elbeuf,8428,75,8503.0,2.0,7,,0.0,1.0,0.0,1.0
202000047224,1.0,1,1,1,0.0,1.0,0.0,0,-1.0,1983.0,A01,29,1,2020,12:00,1,76.0,76561,2,1,1.0,6.0,LECLERC. RUE DU MARECHAL (CD 144),"49,3033500","1,0159300",,76.076561,76561,Seine-Maritime,28.0,Normandie,50.0,3.0,2.0,2,1.0,28,Normandie,76,3,5,Saint-Aubin-lès-Elbeuf,8428,75,8503.0,2.0,7,,0.0,1.0,0.0,1.0
202000047227,1.0,1,1,1,9.0,1.0,-1.0, -1,-1.0,1997.0,A01,2,2,2020,00:40,5,76.0,76351,2,1,2.0,2.0,ALBERT 1ER,"49,4965235","0,0933623",,76.076351,76351,Seine-Maritime,28.0,Normandie,50.0,4.0,3.0,4,2.0,28,Normandie,76,2,96,LeHavre,166058,1780,167838.0,0.0,7,,0.0,2.0,1.0,0.0
202000047227,1.0,1,1,1,0.0,1.0,-1.0, -1,-1.0,1975.0,B01,2,2,2020,00:40,5,76.0,76351,2,1,2.0,2.0,ALBERT 1ER,"49,4965235","0,0933623",,76.076351,76351,Seine-Maritime,28.0,Normandie,50.0,4.0,3.0,4,2.0,28,Normandie,76,2,96,LeHavre,166058,1780,167838.0,0.0,7,,0.0,2.0,4.0,0.0
202000047227,2.0,2,4,2,0.0,1.0,-1.0, -1,-1.0,1976.0,B01,2,2,2020,00:40,5,76.0,76351,2,1,2.0,2.0,ALBERT 1ER,"49,4965235","0,0933623",,76.076351,76351,Seine-Maritime,28.0,Normandie,50.0,4.0,3.0,4,2.0,28,Normandie,76,2,96,LeHavre,166058,1780,167838.0,0.0,7,,0.0,2.0,4.0,0.0
202000047231,1.0,1,4,2,0.0,1.0,-1.0, -1,-1.0,1991.0,B01,31,1,2020,22:10,5,76.0,76351,2,1,1.0,2.0,COMMANDANT ABADIE,"49,5011900","0,1768800",,76.076351,76351,Seine-Maritime,28.0,Normandie,50.0,4.0,2.0,2,1.0,28,Normandie,76,2,96,LeHavre,166058,1780,167838.0,1.0,7,,1.0,0.0,4.0,2.0
202000047231,4.0,2,4,2,0.0,1.0,-1.0, -1,-1.0,2012.0,B01,31,1,2020,22:10,5,76.0,76351,2,1,1.0,2.0,COMMANDANT ABADIE,"49,5011900","0,1768800",,76.076351,76351,Seine-Maritime,28.0,Normandie,50.0,4.0,2.0,2,1.0,28,Normandie,76,2,96,LeHavre,166058,1780,167838.0,1.0,7,,1.0,0.0,4.0,2.0
202000047231,1.0,1,1,1,0.0,1.0,-1.0, -1,-1.0,1996.0,A01,31,1,2020,22:10,5,76.0,76351,2,1,1.0,2.0,COMMANDANT ABADIE,"49,5011900","0,1768800",,76.076351,76351,Seine-Maritime,28.0,Normandie,50.0,4.0,2.0,2,1.0,28,Normandie,76,2,96,LeHavre,166058,1780,167838.0,1.0,7,,0.0,2.0,1.0,2.0
202000047288,1.0,1,3,1,5.0,1.0,0.0,0,-1.0,1985.0,A01,1,1,2020,17:00,2,76.0,76644,1,1,8.0,6.0,Rue de Mont Plaisir,"50,0138550","1,3961840",,76.076644,76644,Seine-Maritime,28.0,Normandie,80.0,4.0,2.0,2,7.0,28,Normandie,76,1,10,Saint-Rémy-Boscrocourt,801,16,817.0,3.0,7,,2.0,0.0,9.0,1.0
202000047288,2.0,2,4,1,5.0,1.0,0.0,0,-1.0,2003.0,A01,1,1,2020,17:00,2,76.0,76644,1,1,8.0,6.0,Rue de Mont Plaisir,"50,0138550","1,3961840",,76.076644,76644,Seine-Maritime,28.0,Normandie,80.0,4.0,2.0,2,7.0,28,Normandie,76,1,10,Saint-Rémy-Boscrocourt,801,16,817.0,3.0,7,,2.0,0.0,9.0,1.0
202000047589,1.0,1,1,1,5.0,2.0,0.0,0,-1.0,2003.0,A01,20,10,2020,23:28,1,76.0,76758,2,3,1.0,3.0,PONT VI (DU),"49,6216790","0,7612500",,76.076758,76758,Seine-Maritime,28.0,Normandie,50.0,3.0,2.0,2,2.0,28,Normandie,76,3,35,Yvetot,11385,208,11593.0,2.0,2,,6.0,2.0,5.0,19.0
202000047589,2.0,2,3,1,5.0,2.0,0.0,0,-1.0,2000.0,A01,20,10,2020,23:28,1,76.0,76758,2,3,1.0,3.0,PONT VI (DU),"49,6216790","0,7612500",,76.076758,76758,Seine-Maritime,28.0,Normandie,50.0,3.0,2.0,2,2.0,28,Normandie,76,3,35,Yvetot,11385,208,11593.0,2.0,2,,6.0,2.0,5.0,19.0
202000047589,1.0,1,1,2,5.0,1.0,0.0,0,-1.0,1965.0,B01,20,10,2020,23:28,1,76.0,76758,2,3,1.0,3.0,PONT VI (DU),"49,6216790","0,7612500",,76.076758,76758,Seine-Maritime,28.0,Normandie,50.0,3.0,2.0,2,2.0,28,Normandie,76,3,35,Yvetot,11385,208,11593.0,2.0,10,,0.0,2.0,2.0,1.0
202000047598,2.0,2,4,2,5.0,2.0,0.0,0,-1.0,2008.0,B01,21,5,2020,20:40,1,76.0,76325,1,1,1.0,2.0,route de rouen,"49,6495420","0,8381580",,76.076325,76325,Seine-Maritime,28.0,Normandie,80.0,3.0,2.0,2,1.0,28,Normandie,76,3,35,GrémonvilLe449,5,454,,1.0,33,,0.0,2.0,1.0,1.0
202000047598,1.0,1,1,1,5.0,2.0,0.0,0,-1.0,1965.0,B01,21,5,2020,20:40,1,76.0,76325,1,1,1.0,2.0,route de rouen,"49,6495420","0,8381580",,76.076325,76325,Seine-Maritime,28.0,Normandie,80.0,3.0,2.0,2,1.0,28,Normandie,76,3,35,GrémonvilLe449,5,454,,1.0,33,,0.0,2.0,1.0,1.0
202000047598,1.0,1,1,1,0.0,1.0,0.0,0,-1.0,1988.0,A01,21,5,2020,20:40,1,76.0,76325,1,1,1.0,2.0,route de rouen,"49,6495420","0,8381580",,76.076325,76325,Seine-Maritime,28.0,Normandie,80.0,3.0,2.0,2,1.0,28,Normandie,76,3,35,GrémonvilLe449,5,454,,1.0,7,,0.0,0.0,4.0,1.0
202000047621,1.0,1,2,1,5.0,2.0,-1.0, -1,-1.0,1996.0,B01,27,11,2020,20:55,1,76.0,76351,1,3,1.0,1.0,rue de verdun,"49,5025150","0,1698510",,76.076351,76351,Seine-Maritime,28.0,Normandie,50.0,3.0,2.0,2,2.0,28,Normandie,76,2,96,LeHavre,166058,1780,167838.0,1.0,33,,0.0,2.0,3.0,1.0
202000047621,1.0,1,1,1,1.0,1.0,-1.0, -1,-1.0,1960.0,A01,27,11,2020,20:55,1,76.0,76351,1,3,1.0,1.0,rue de verdun,"49,5025150","0,1698510",,76.076351,76351,Seine-Maritime,28.0,Normandie,50.0,3.0,2.0,2,2.0,28,Normandie,76,2,96,LeHavre,166058,1780,167838.0,2.0,10,,0.0,2.0,1.0,15.0
201900000033,1.0,1,4,1,1.0,1.0,0.0,0,-1.0,1963.0,A01,29,11,2019,16:00,1,76.0,76026,1,1,2.0,1.0,RD 1,"49,8951000","1,1368600",,76.076026,76026,Seine-Maritime,28.0,Normandie,80.0,3.0,2.0,2,2.0,28,Normandie,76,1,8,Arques-la-BatailLe2480,44,2524,,0.0,10,,0.0,2.0,1.0,1.0
201900000033,1.0,1,4,1,0.0,1.0,0.0,0,-1.0,1999.0,B01,29,11,2019,16:00,1,76.0,76026,1,1,2.0,1.0,RD 1,"49,8951000","1,1368600",,76.076026,76026,Seine-Maritime,28.0,Normandie,80.0,3.0,2.0,2,2.0,28,Normandie,76,1,8,Arques-la-BatailLe2480,44,2524,,0.0,7,,0.0,2.0,2.0,13.0
201900000088,1.0,1,3,1,0.0,2.0,0.0,0,-1.0,2002.0,A01,21,9,2019,04:50,3,76.0,76287,1,1,1.0,7.0,d44,"49,5611360","1,0296220",,76.076287,76287,Seine-Maritime,28.0,Normandie,80.0,3.0,2.0,2,1.0,28,Normandie,76,3,24,Fresquiennes,1063,14,1077.0,1.0,2,,9.0,0.0,1.0,0.0
201900000135,2.0,2,1,1,0.0,1.0,0.0,0,-1.0,1998.0,A01,20,9,2019,10:10,1,76.0,76217,2,9,1.0,6.0,DE GAULLE (BOUVEVARD GENERAL),"49,9234800","1,0756000",,76.076217,76217,Seine-Maritime,28.0,Normandie,50.0,3.0,1.0,2,1.0,28,Normandie,76,1,95,Dieppe,28358,455,28813.0,1.0,7,,0.0,1.0,2.0,1.0
201900000135,1.0,1,1,1,0.0,1.0,0.0,0,-1.0,1997.0,A01,20,9,2019,10:10,1,76.0,76217,2,9,1.0,6.0,DE GAULLE (BOUVEVARD GENERAL),"49,9234800","1,0756000",,76.076217,76217,Seine-Maritime,28.0,Normandie,50.0,3.0,1.0,2,1.0,28,Normandie,76,1,95,Dieppe,28358,455,28813.0,1.0,7,,0.0,1.0,2.0,1.0
201900000135,10.0,3,3,1,5.0,8.0,4.0,3,1.0,1931.0,A01,20,9,2019,10:10,1,76.0,76217,2,9,1.0,6.0,DE GAULLE (BOUVEVARD GENERAL),"49,9234800","1,0756000",,76.076217,76217,Seine-Maritime,28.0,Normandie,50.0,3.0,1.0,2,1.0,28,Normandie,76,1,95,Dieppe,28358,455,28813.0,1.0,7,,0.0,1.0,2.0,1.0
201900000136,1.0,1,1,1,0.0,1.0,0.0,0,-1.0,1976.0,A01,19,9,2019,09:00,1,76.0,76217,2,2,1.0,6.0,LIBERATION (AVENUE DE LA),"49,9246000","1,1093300",,76.076217,76217,Seine-Maritime,28.0,Normandie,50.0,4.0,2.0,2,1.0,28,Normandie,76,1,95,Dieppe,28358,455,28813.0,3.0,7,,0.0,1.0,2.0,15.0
201900000136,10.0,3,4,2,0.0,8.0,4.0,3,1.0,1954.0,A01,19,9,2019,09:00,1,76.0,76217,2,2,1.0,6.0,LIBERATION (AVENUE DE LA),"49,9246000","1,1093300",,76.076217,76217,Seine-Maritime,28.0,Normandie,50.0,4.0,2.0,2,1.0,28,Normandie,76,1,95,Dieppe,28358,455,28813.0,3.0,7,,0.0,1.0,2.0,15.0
201900000192,1.0,1,4,1,5.0,0.0,0.0,0,-1.0,1994.0,B01,17,2,2019,19:10,2,76.0,76660,1,1,1.0,3.0,N 1029,"49,4425301","0,2726543",,76.076660,76660,Seine-Maritime,28.0,Normandie,70.0,2.0,3.0,4,1.0,28,Normandie,76,2,32,SandouvilLe800,11,811,,1.0,1,,0.0,0.0,0.0,1.0
201900000192,1.0,1,1,1,5.0,2.0,0.0,0,-1.0,1959.0,A01,17,2,2019,19:10,2,76.0,76660,1,1,1.0,3.0,N 1029,"49,4425301","0,2726543",,76.076660,76660,Seine-Maritime,28.0,Normandie,70.0,2.0,3.0,4,1.0,28,Normandie,76,2,32,SandouvilLe800,11,811,,1.0,33,,0.0,0.0,0.0,0.0
201900000192,2.0,2,3,2,5.0,2.0,0.0,0,-1.0,1962.0,A01,17,2,2019,19:10,2,76.0,76660,1,1,1.0,3.0,N 1029,"49,4425301","0,2726543",,76.076660,76660,Seine-Maritime,28.0,Normandie,70.0,2.0,3.0,4,1.0,28,Normandie,76,2,32,SandouvilLe800,11,811,,1.0,33,,0.0,0.0,0.0,0.0