Num_Acc,place,catu,grav,sexe,trajet,secu,locp,actp,etatp,an_nais,num_veh,jour,mois,an,hrmn,lum,dep,com,agg,int,atm,col,adr,lat,long,gps,com_insee_temp,com_insee,departmentName,regionCode,regionName,vma,catr,circ,nbv,surf,Code,Region,Departement,Arrondissement,Code_Canton,Nom_Commune,Population_municipaLe,Population_comptee_a_part,Population_Totale,senc,catv,occutc,obs,obsm,choc,manv
201900004802,1.0,1,1,1,1.0,1.0,-1.0,0,-1.0,1969.0,B01,21,10,2019,06:45,5,76.0,76305,1,4,3.0,1.0,INDUSTRIELLE (ROUTE),"49,4873549","0,2158155",,76.076305,76305,Seine-Maritime,28.0,Normandie,70.0,4.0,3.0,4,2.0,28,Normandie,76,2,16,Gonfreville-l'Orcher,8961,44,9005.0,2.0,7,,0.0,2.0,2.0,9.0
201900004803,1.0,1,1,2,0.0,1.0,-1.0,0,-1.0,1934.0,A01,19,10,2019,10:45,1,76.0,76552,2,1,1.0,6.0,EDITH CAVELL,"49,5081800","0,0838000",,76.076552,76552,Seine-Maritime,28.0,Normandie,50.0,3.0,2.0,1,1.0,28,Normandie,76,2,19,Sainte-Adresse,7116,188,7304.0,2.0,7,,0.0,1.0,1.0,9.0
201900004803,10.0,3,4,2,5.0,8.0,3.0,3,1.0,1935.0,A01,19,10,2019,10:45,1,76.0,76552,2,1,1.0,6.0,EDITH CAVELL,"49,5081800","0,0838000",,76.076552,76552,Seine-Maritime,28.0,Normandie,50.0,3.0,2.0,1,1.0,28,Normandie,76,2,19,Sainte-Adresse,7116,188,7304.0,2.0,7,,0.0,1.0,1.0,9.0
201900004804,1.0,1,1,2,1.0,1.0,-1.0,0,-1.0,1985.0,B01,18,10,2019,14:45,1,76.0,76351,2,3,1.0,3.0,LENINGRAD (BD DE),"49,4997300","0,1662800",,76.076351,76351,Seine-Maritime,28.0,Normandie,50.0,3.0,3.0,4,1.0,28,Normandie,76,2,96,LeHavre,166058,1780,167838.0,3.0,7,,0.0,2.0,6.0,1.0
201900004804,1.0,1,3,1,0.0,2.0,-1.0,0,-1.0,1956.0,A01,18,10,2019,14:45,1,76.0,76351,2,3,1.0,3.0,LENINGRAD (BD DE),"49,4997300","0,1662800",,76.076351,76351,Seine-Maritime,28.0,Normandie,50.0,3.0,3.0,4,1.0,28,Normandie,76,2,96,LeHavre,166058,1780,167838.0,1.0,33,,0.0,2.0,1.0,1.0
201900004805,1.0,1,1,2,3.0,1.0,0.0,0,-1.0,1949.0,A01,20,10,2019,10:20,1,76.0,76217,2,1,1.0,7.0,BRIAND (ARISTIDE) - CHAMPION,"49,9289700","1,1002200",,76.076217,76217,Seine-Maritime,28.0,Normandie,30.0,4.0,-1.0,1,1.0,28,Normandie,76,1,95,Dieppe,28358,455,28813.0,3.0,7,,0.0,1.0,5.0,20.0
201900004805,10.0,3,3,1,0.0,0.0,9.0,3,1.0,1930.0,A01,20,10,2019,10:20,1,76.0,76217,2,1,1.0,7.0,BRIAND (ARISTIDE) - CHAMPION,"49,9289700","1,1002200",,76.076217,76217,Seine-Maritime,28.0,Normandie,30.0,4.0,-1.0,1,1.0,28,Normandie,76,1,95,Dieppe,28358,455,28813.0,3.0,7,,0.0,1.0,5.0,20.0
201900005210,1.0,1,1,1,4.0,1.0,-1.0,0,-1.0,1990.0,B01,9,8,2019,10:55,1,76.0,76540,2,1,2.0,2.0,NEUFCHATEL. ROUTE DE,"49,4528500","1,0993600",,76.076540,76540,Seine-Maritime,28.0,Normandie,50.0,3.0,2.0,-1,2.0,28,Normandie,76,3,97,Rouen,114083,1556,115639.0,0.0,7,,0.0,2.0,4.0,2.0
201900005210,1.0,1,4,2,1.0,2.0,-1.0,0,-1.0,1999.0,A01,9,8,2019,10:55,1,76.0,76540,2,1,2.0,2.0,NEUFCHATEL. ROUTE DE,"49,4528500","1,0993600",,76.076540,76540,Seine-Maritime,28.0,Normandie,50.0,3.0,2.0,-1,2.0,28,Normandie,76,3,97,Rouen,114083,1556,115639.0,0.0,2,,0.0,2.0,1.0,2.0
201900005360,10.0,3,3,2,9.0,0.0,0.0,3,1.0,1947.0,A01,26,11,2019,09:05,1,76.0,76295,2,9,1.0,6.0,44 Route de Neufchâtel,"49,6535440","1,6148310",,76.076295,76295,Seine-Maritime,28.0,Normandie,50.0,6.0,-1.0,-1,1.0,28,Normandie,76,1,12,Gaillefontaine,1183,13,1196.0,3.0,13,,0.0,1.0,7.0,20.0
201900005360,1.0,1,1,2,4.0,1.0,0.0,0,-1.0,1972.0,A01,26,11,2019,09:05,1,76.0,76295,2,9,1.0,6.0,44 Route de Neufchâtel,"49,6535440","1,6148310",,76.076295,76295,Seine-Maritime,28.0,Normandie,50.0,6.0,-1.0,-1,1.0,28,Normandie,76,1,12,Gaillefontaine,1183,13,1196.0,3.0,13,,0.0,1.0,7.0,20.0
201900005407,10.0,3,4,1,5.0,8.0,3.0,3,1.0,1952.0,A01,21,11,2019,20:30,5,76.0,76540,2,1,1.0,6.0,CLEMENCEAU. COURS,"49,4347700","1,0877300",,76.076540,76540,Seine-Maritime,28.0,Normandie,50.0,3.0,3.0,4,2.0,28,Normandie,76,3,97,Rouen,114083,1556,115639.0,1.0,7,,0.0,1.0,2.0,1.0
201900005407,1.0,1,1,1,5.0,1.0,-1.0, -1,-1.0,1969.0,A01,21,11,2019,20:30,5,76.0,76540,2,1,1.0,6.0,CLEMENCEAU. COURS,"49,4347700","1,0877300",,76.076540,76540,Seine-Maritime,28.0,Normandie,50.0,3.0,3.0,4,2.0,28,Normandie,76,3,97,Rouen,114083,1556,115639.0,1.0,7,,0.0,1.0,2.0,1.0
201900005408,2.0,2,4,1,0.0,1.0,0.0,0,-1.0,1991.0,B01,22,11,2019,12:00,1,76.0,76231,2,1,1.0,3.0,ALSACE. RUE D',"49,2896330","1,0177588",,76.076231,76231,Seine-Maritime,28.0,Normandie,50.0,4.0,2.0,2,1.0,28,Normandie,76,3,9,Elbeuf,15951,138,16089.0,3.0,7,,0.0,2.0,3.0,0.0
201900005408,1.0,1,4,2,0.0,1.0,0.0,0,-1.0,1966.0,B01,22,11,2019,12:00,1,76.0,76231,2,1,1.0,3.0,ALSACE. RUE D',"49,2896330","1,0177588",,76.076231,76231,Seine-Maritime,28.0,Normandie,50.0,4.0,2.0,2,1.0,28,Normandie,76,3,9,Elbeuf,15951,138,16089.0,3.0,7,,0.0,2.0,3.0,0.0
201900005408,1.0,1,1,2,4.0,8.0,0.0,0,-1.0,1995.0,A01,22,11,2019,12:00,1,76.0,76231,2,1,1.0,3.0,ALSACE. RUE D',"49,2896330","1,0177588",,76.076231,76231,Seine-Maritime,28.0,Normandie,50.0,4.0,2.0,2,1.0,28,Normandie,76,3,9,Elbeuf,15951,138,16089.0,3.0,37,1.0,0.0,2.0,2.0,0.0
201900005409,1.0,1,4,2,5.0,8.0,-1.0, -1,-1.0,1997.0,A01,17,11,2019,18:55,5,76.0,76351,2,2,1.0,3.0,ARTOIS (DE L'),"49,5127900","0,1252800",,76.076351,76351,Seine-Maritime,28.0,Normandie,50.0,4.0,2.0,3,1.0,28,Normandie,76,2,96,LeHavre,166058,1780,167838.0,1.0,50,,0.0,2.0,5.0,1.0
201900005918,1.0,1,1,1,5.0,1.0,-1.0,0,-1.0,1999.0,B01,6,6,2019,13:05,1,76.0,76231,2,1,1.0,2.0,RN 840 (RUE DU NEUBOURG),"49,2796800","1,0073400",,76.076231,76231,Seine-Maritime,28.0,Normandie,50.0,3.0,2.0,2,1.0,28,Normandie,76,3,9,Elbeuf,15951,138,16089.0,0.0,7,,0.0,2.0,4.0,2.0
201900005918,1.0,1,4,1,5.0,1.0,-1.0,0,-1.0,1981.0,A01,6,6,2019,13:05,1,76.0,76231,2,1,1.0,2.0,RN 840 (RUE DU NEUBOURG),"49,2796800","1,0073400",,76.076231,76231,Seine-Maritime,28.0,Normandie,50.0,3.0,2.0,2,1.0,28,Normandie,76,3,9,Elbeuf,15951,138,16089.0,0.0,7,,0.0,2.0,1.0,2.0
201900005943,1.0,1,1,1,0.0,1.0,-1.0, -1,-1.0,1995.0,A01,14,9,2019,18:30,1,76.0,76165,2,1,1.0,3.0,FAURE. RUE FELIX,"49,2879300","1,0281900",,76.076165,76165,Seine-Maritime,28.0,Normandie,50.0,4.0,2.0,0,1.0,28,Normandie,76,3,5,Caudebec-lès-Elbeuf,10135,69,10204.0,3.0,7,,9.0,2.0,1.0,0.0
201900005943,2.0,2,4,2,0.0,1.0,-1.0, -1,-1.0,1955.0,B01,14,9,2019,18:30,1,76.0,76165,2,1,1.0,3.0,FAURE. RUE FELIX,"49,2879300","1,0281900",,76.076165,76165,Seine-Maritime,28.0,Normandie,50.0,4.0,2.0,0,1.0,28,Normandie,76,3,5,Caudebec-lès-Elbeuf,10135,69,10204.0,3.0,7,,0.0,2.0,8.0,0.0
201900005943,1.0,1,4,1,0.0,1.0,-1.0, -1,-1.0,1949.0,B01,14,9,2019,18:30,1,76.0,76165,2,1,1.0,3.0,FAURE. RUE FELIX,"49,2879300","1,0281900",,76.076165,76165,Seine-Maritime,28.0,Normandie,50.0,4.0,2.0,0,1.0,28,Normandie,76,3,5,Caudebec-lès-Elbeuf,10135,69,10204.0,3.0,7,,0.0,2.0,8.0,0.0
201900006457,1.0,1,1,1,0.0,2.0,0.0,0,-1.0,1999.0,A01,26,4,2019,16:05,1,76.0,76474,2,1,1.0,6.0,RD 927 (ROUTE DE DIEPPE),"49,4938800","1,0486100",,76.076474,76474,Seine-Maritime,28.0,Normandie,50.0,3.0,2.0,2,1.0,28,Normandie,76,3,24,Notre-Dame-de-BondevilLe6957,82,7039,,2.0,30,,0.0,1.0,1.0,17.0
201900006457,10.0,3,3,2,2.0,0.0,3.0,3,1.0,2004.0,A01,26,4,2019,16:05,1,76.0,76474,2,1,1.0,6.0,RD 927 (ROUTE DE DIEPPE),"49,4938800","1,0486100",,76.076474,76474,Seine-Maritime,28.0,Normandie,50.0,3.0,2.0,2,1.0,28,Normandie,76,3,24,Notre-Dame-de-BondevilLe6957,82,7039,,2.0,30,,0.0,1.0,1.0,17.0
201900006458,1.0,1,4,1,0.0,1.0,0.0,0,-1.0,1956.0,B01,26,4,2019,06:25,2,76.0,76484,2,1,1.0,1.0,DAMBOURNEY. BOULEVARD ALEXANDRE,"49,3499900","1,1090000",,76.076484,76484,Seine-Maritime,28.0,Normandie,50.0,4.0,2.0,2,1.0,28,Normandie,76,3,31,Oissel,12367,83,12450.0,3.0,7,,0.0,6.0,1.0,0.0
201900006458,2.0,2,4,1,0.0,1.0,0.0,0,-1.0,1990.0,B01,26,4,2019,06:25,2,76.0,76484,2,1,1.0,1.0,DAMBOURNEY. BOULEVARD ALEXANDRE,"49,3499900","1,1090000",,76.076484,76484,Seine-Maritime,28.0,Normandie,50.0,4.0,2.0,2,1.0,28,Normandie,76,3,31,Oissel,12367,83,12450.0,3.0,7,,0.0,6.0,1.0,0.0
201900006459,1.0,1,1,1,5.0,1.0,0.0,0,-1.0,1998.0,A01,23,4,2019,18:00,1,76.0,76212,2,1,1.0,4.0,RN 31 (ROUTE DE GOURNAY),"49,4368500","1,1422600",,76.076212,76212,Seine-Maritime,28.0,Normandie,70.0,2.0,2.0,2,1.0,28,Normandie,76,3,6,Darnétal,9738,74,9812.0,2.0,7,,0.0,2.0,6.0,21.0
201900006459,1.0,1,4,1,1.0,1.0,0.0,0,-1.0,1970.0,C01,23,4,2019,18:00,1,76.0,76212,2,1,1.0,4.0,RN 31 (ROUTE DE GOURNAY),"49,4368500","1,1422600",,76.076212,76212,Seine-Maritime,28.0,Normandie,70.0,2.0,2.0,2,1.0,28,Normandie,76,3,6,Darnétal,9738,74,9812.0,2.0,7,,0.0,2.0,4.0,1.0
201900006459,1.0,1,4,2,1.0,1.0,0.0,0,-1.0,1973.0,B01,23,4,2019,18:00,1,76.0,76212,2,1,1.0,4.0,RN 31 (ROUTE DE GOURNAY),"49,4368500","1,1422600",,76.076212,76212,Seine-Maritime,28.0,Normandie,70.0,2.0,2.0,2,1.0,28,Normandie,76,3,6,Darnétal,9738,74,9812.0,2.0,7,,0.0,2.0,3.0,1.0
201900006460,1.0,1,1,1,5.0,1.0,0.0,0,-1.0,1962.0,B01,22,4,2019,19:45,1,76.0,76540,1,6,1.0,2.0,MADAGASCAR. RUE DE,"49,4376181","1,0671033",,76.076540,76540,Seine-Maritime,28.0,Normandie,70.0,2.0,3.0,6,1.0,28,Normandie,76,3,97,Rouen,114083,1556,115639.0,1.0,7,,0.0,2.0,5.0,12.0
201900006460,2.0,2,4,2,5.0,1.0,0.0,0,-1.0,1958.0,B01,22,4,2019,19:45,1,76.0,76540,1,6,1.0,2.0,MADAGASCAR. RUE DE,"49,4376181","1,0671033",,76.076540,76540,Seine-Maritime,28.0,Normandie,70.0,2.0,3.0,6,1.0,28,Normandie,76,3,97,Rouen,114083,1556,115639.0,1.0,7,,0.0,2.0,5.0,12.0
201900006460,1.0,1,1,2,5.0,1.0,0.0,0,-1.0,1985.0,A01,22,4,2019,19:45,1,76.0,76540,1,6,1.0,2.0,MADAGASCAR. RUE DE,"49,4376181","1,0671033",,76.076540,76540,Seine-Maritime,28.0,Normandie,70.0,2.0,3.0,6,1.0,28,Normandie,76,3,97,Rouen,114083,1556,115639.0,1.0,7,,0.0,2.0,3.0,1.0
201900006460,2.0,2,1,1,5.0,1.0,0.0,0,-1.0,1994.0,A01,22,4,2019,19:45,1,76.0,76540,1,6,1.0,2.0,MADAGASCAR. RUE DE,"49,4376181","1,0671033",,76.076540,76540,Seine-Maritime,28.0,Normandie,70.0,2.0,3.0,6,1.0,28,Normandie,76,3,97,Rouen,114083,1556,115639.0,1.0,7,,0.0,2.0,3.0,1.0
201900006461,1.0,1,1,1,0.0,1.0,0.0,0,-1.0,1964.0,B01,24,3,2019,19:15,3,76.0,76484,1,1,1.0,2.0,CD 18E,"49,3467100","1,0773900",,76.076484,76484,Seine-Maritime,28.0,Normandie,90.0,3.0,1.0,2,1.0,28,Normandie,76,3,31,Oissel,12367,83,12450.0,1.0,7,,0.0,2.0,4.0,0.0
201900006461,3.0,2,4,1,0.0,1.0,0.0,0,-1.0,1988.0,B01,24,3,2019,19:15,3,76.0,76484,1,1,1.0,2.0,CD 18E,"49,3467100","1,0773900",,76.076484,76484,Seine-Maritime,28.0,Normandie,90.0,3.0,1.0,2,1.0,28,Normandie,76,3,31,Oissel,12367,83,12450.0,1.0,7,,0.0,2.0,4.0,0.0
201900006461,2.0,2,4,2,0.0,1.0,0.0,0,-1.0,1952.0,B01,24,3,2019,19:15,3,76.0,76484,1,1,1.0,2.0,CD 18E,"49,3467100","1,0773900",,76.076484,76484,Seine-Maritime,28.0,Normandie,90.0,3.0,1.0,2,1.0,28,Normandie,76,3,31,Oissel,12367,83,12450.0,1.0,7,,0.0,2.0,4.0,0.0
201900006461,1.0,1,1,1,0.0,1.0,0.0,0,-1.0,1991.0,A01,24,3,2019,19:15,3,76.0,76484,1,1,1.0,2.0,CD 18E,"49,3467100","1,0773900",,76.076484,76484,Seine-Maritime,28.0,Normandie,90.0,3.0,1.0,2,1.0,28,Normandie,76,3,31,Oissel,12367,83,12450.0,1.0,7,,0.0,2.0,1.0,2.0
201900006462,1.0,1,3,1,5.0,2.0,-1.0,0,-1.0,1961.0,A01,17,4,2019,10:50,1,76.0,76540,2,2,1.0,3.0,ROUTE DU HAVRE,"49,4506000","1,0588000",,76.076540,76540,Seine-Maritime,28.0,Normandie,50.0,3.0,1.0,3,1.0,28,Normandie,76,3,97,Rouen,114083,1556,115639.0,1.0,33,,0.0,2.0,7.0,12.0
201900006462,1.0,1,1,1,5.0,1.0,-1.0,0,-1.0,1950.0,B01,17,4,2019,10:50,1,76.0,76540,2,2,1.0,3.0,ROUTE DU HAVRE,"49,4506000","1,0588000",,76.076540,76540,Seine-Maritime,28.0,Normandie,50.0,3.0,1.0,3,1.0,28,Normandie,76,3,97,Rouen,114083,1556,115639.0,1.0,7,,0.0,2.0,6.0,1.0
201900006463,2.0,2,4,2,0.0,1.0,0.0,0,-1.0,1992.0,B01,25,4,2019,15:35,1,76.0,76351,2,1,1.0,2.0,GRAVILLE (BD DE),"49,4947300","0,1474100",,76.076351,76351,Seine-Maritime,28.0,Normandie,50.0,4.0,2.0,5,2.0,28,Normandie,76,2,96,LeHavre,166058,1780,167838.0,1.0,7,,0.0,2.0,4.0,16.0
201900006463,1.0,1,4,2,0.0,1.0,0.0,0,-1.0,1990.0,B01,25,4,2019,15:35,1,76.0,76351,2,1,1.0,2.0,GRAVILLE (BD DE),"49,4947300","0,1474100",,76.076351,76351,Seine-Maritime,28.0,Normandie,50.0,4.0,2.0,5,2.0,28,Normandie,76,2,96,LeHavre,166058,1780,167838.0,1.0,7,,0.0,2.0,4.0,16.0
201900006463,1.0,1,4,1,0.0,1.0,0.0,0,-1.0,1990.0,A01,25,4,2019,15:35,1,76.0,76351,2,1,1.0,2.0,GRAVILLE (BD DE),"49,4947300","0,1474100",,76.076351,76351,Seine-Maritime,28.0,Normandie,50.0,4.0,2.0,5,2.0,28,Normandie,76,2,96,LeHavre,166058,1780,167838.0,1.0,7,,0.0,2.0,1.0,1.0
201900006464,1.0,1,1,1,1.0,1.0,-1.0,0,-1.0,1976.0,A01,24,4,2019,18:30,1,76.0,76351,1,6,1.0,3.0,SEIZIEME PORT (AVENUE DU),"49,4829400","0,1656000",,76.076351,76351,Seine-Maritime,28.0,Normandie,50.0,4.0,2.0,2,2.0,28,Normandie,76,2,96,LeHavre,166058,1780,167838.0,3.0,7,,0.0,2.0,3.0,9.0
201900006464,1.0,1,4,1,5.0,2.0,-1.0,0,-1.0,1962.0,B01,24,4,2019,18:30,1,76.0,76351,1,6,1.0,3.0,SEIZIEME PORT (AVENUE DU),"49,4829400","0,1656000",,76.076351,76351,Seine-Maritime,28.0,Normandie,50.0,4.0,2.0,2,2.0,28,Normandie,76,2,96,LeHavre,166058,1780,167838.0,3.0,30,,0.0,2.0,2.0,1.0
201900006465,1.0,1,4,2,0.0,1.0,-1.0,0,-1.0,1987.0,B01,23,4,2019,17:50,1,76.0,76351,2,1,1.0,3.0,LENINGRAD (BD DE),"49,4987268","0,1587484",,76.076351,76351,Seine-Maritime,28.0,Normandie,50.0,3.0,3.0,4,1.0,28,Normandie,76,2,96,LeHavre,166058,1780,167838.0,2.0,7,,0.0,2.0,3.0,23.0
201900006465,1.0,1,4,1,0.0,1.0,-1.0,0,-1.0,1973.0,A01,23,4,2019,17:50,1,76.0,76351,2,1,1.0,3.0,LENINGRAD (BD DE),"49,4987268","0,1587484",,76.076351,76351,Seine-Maritime,28.0,Normandie,50.0,3.0,3.0,4,1.0,28,Normandie,76,2,96,LeHavre,166058,1780,167838.0,2.0,7,,0.0,2.0,2.0,1.0
201900006466,1.0,1,4,2,5.0,1.0,0.0,0,-1.0,1991.0,B01,20,4,2019,02:00,5,76.0,76351,2,2,1.0,2.0,PERE FLAVIGNY,"49,5119900","0,1291400",,76.076351,76351,Seine-Maritime,28.0,Normandie,50.0,4.0,2.0,2,1.0,28,Normandie,76,2,96,LeHavre,166058,1780,167838.0,2.0,7,,0.0,2.0,4.0,1.0
201900006467,1.0,1,1,2,0.0,1.0,-1.0,0,-1.0,1994.0,A01,20,4,2019,20:15,2,76.0,76351,2,1,1.0,3.0,ARISTIDE BRIAND,"49,5004800","0,1386800",,76.076351,76351,Seine-Maritime,28.0,Normandie,50.0,4.0,2.0,2,1.0,28,Normandie,76,2,96,LeHavre,166058,1780,167838.0,1.0,7,,0.0,2.0,2.0,15.0
201900006467,1.0,1,3,1,0.0,2.0,-1.0,0,-1.0,1998.0,B01,20,4,2019,20:15,2,76.0,76351,2,1,1.0,3.0,ARISTIDE BRIAND,"49,5004800","0,1386800",,76.076351,76351,Seine-Maritime,28.0,Normandie,50.0,4.0,2.0,2,1.0,28,Normandie,76,2,96,LeHavre,166058,1780,167838.0,2.0,33,,0.0,2.0,1.0,1.0
201900006468,1.0,1,1,2,0.0,1.0,-1.0,0,-1.0,1997.0,B01,20,4,2019,13:45,1,76.0,76305,2,1,1.0,3.0,JACQUES DUCLOS,"49,5069700","0,2281100",,76.076305,76305,Seine-Maritime,28.0,Normandie,30.0,4.0,2.0,2,1.0,28,Normandie,76,2,16,Gonfreville-l'Orcher,8961,44,9005.0,1.0,7,,0.0,2.0,3.0,1.0
201900006468,1.0,1,4,2,5.0,8.0,-1.0, -1,-1.0,2008.0,A01,20,4,2019,13:45,1,76.0,76305,2,1,1.0,3.0,JACQUES DUCLOS,"49,5069700","0,2281100",,76.076305,76305,Seine-Maritime,28.0,Normandie,30.0,4.0,2.0,2,1.0,28,Normandie,76,2,16,Gonfreville-l'Orcher,8961,44,9005.0,1.0,1,,0.0,2.0,1.0,19.0
201900006469,1.0,1,1,1,1.0,1.0,0.0,0,-1.0,1981.0,B01,19,4,2019,04:50,3,76.0,76341,1,1,1.0,6.0,RD 6015,"49,5135300","0,1997800",,76.076341,76341,Seine-Maritime,28.0,Normandie,70.0,3.0,3.0,4,1.0,28,Normandie,76,2,15,Harfleur,8315,53,8368.0,2.0,7,,0.0,2.0,1.0,1.0
201900006469,1.0,1,4,2,1.0,1.0,0.0,0,-1.0,1980.0,A01,19,4,2019,04:50,3,76.0,76341,1,1,1.0,6.0,RD 6015,"49,5135300","0,1997800",,76.076341,76341,Seine-Maritime,28.0,Normandie,70.0,3.0,3.0,4,1.0,28,Normandie,76,2,15,Harfleur,8315,53,8368.0,2.0,7,,4.0,0.0,3.0,13.0
201900006470,1.0,1,1,1,5.0,1.0,0.0,0,-1.0,1989.0,A01,23,4,2019,15:05,1,76.0,76217,2,1,1.0,6.0,SAINT-JEAN,"49,9264300","1,0796200",,76.076217,76217,Seine-Maritime,28.0,Normandie,50.0,4.0,1.0,1,1.0,28,Normandie,76,1,95,Dieppe,28358,455,28813.0,3.0,7,,0.0,1.0,8.0,26.0
201900006470,10.0,3,4,2,0.0,8.0,3.0,3,1.0,1956.0,A01,23,4,2019,15:05,1,76.0,76217,2,1,1.0,6.0,SAINT-JEAN,"49,9264300","1,0796200",,76.076217,76217,Seine-Maritime,28.0,Normandie,50.0,4.0,1.0,1,1.0,28,Normandie,76,1,95,Dieppe,28358,455,28813.0,3.0,7,,0.0,1.0,8.0,26.0
201900006471,1.0,1,4,1,3.0,8.0,-1.0, -1,-1.0,1977.0,A01,19,4,2019,18:45,1,76.0,76545,2,1,1.0,3.0,BOURBON (COURS),"49,9148900","1,0939500",,76.076545,76545,Seine-Maritime,28.0,Normandie,30.0,9.0,-1.0,1,1.0,28,Normandie,76,1,7,Rouxmesnil-BouteilLes1814,33,1847,,0.0,1,,0.0,2.0,8.0,26.0
201900006753,1.0,1,4,1,5.0,1.0,-1.0, -1,-1.0,1995.0,A01,19,10,2019,07:05,5,76.0,76451,2,2,2.0,3.0,MONT AUX MALADES. AVENUE DU,"49,4660100","1,0709400",,76.076451,76451,Seine-Maritime,28.0,Normandie,50.0,4.0,2.0,2,2.0,28,Normandie,76,3,22,Mont-Saint-Aignan,20066,415,20481.0,0.0,7,,0.0,2.0,3.0,1.0
201900006753,1.0,1,4,2,1.0,1.0,-1.0, -1,-1.0,1973.0,B01,19,10,2019,07:05,5,76.0,76451,2,2,2.0,3.0,MONT AUX MALADES. AVENUE DU,"49,4660100","1,0709400",,76.076451,76451,Seine-Maritime,28.0,Normandie,50.0,4.0,2.0,2,2.0,28,Normandie,76,3,22,Mont-Saint-Aignan,20066,415,20481.0,0.0,7,,0.0,2.0,1.0,1.0
201900006932,1.0,1,3,1,1.0,2.0,0.0,0,-1.0,1971.0,A01,10,8,2019,05:00,3,76.0,76714,1,1,1.0,7.0,RD 6015,"49,5540130","0,4207430",,76.076714,76714,Seine-Maritime,28.0,Normandie,80.0,3.0,2.0,2,1.0,28,Normandie,76,2,32,LesTrois-Pierres,797,15,812.0,1.0,2,,0.0,6.0,0.0,0.0
201900007047,1.0,1,4,1,5.0,2.0,0.0,0,-1.0,1998.0,A01,10,8,2019,18:45,1,76.0,76287,1,4,1.0,2.0,Route de Montville,"49,5609240","1,0321490",,76.076287,76287,Seine-Maritime,28.0,Normandie,70.0,3.0,2.0,2,1.0,28,Normandie,76,3,24,Fresquiennes,1063,14,1077.0,1.0,33,,0.0,2.0,1.0,2.0
201900007047,1.0,1,1,2,5.0,1.0,0.0,0,-1.0,1976.0,B01,10,8,2019,18:45,1,76.0,76287,1,4,1.0,2.0,Route de Montville,"49,5609240","1,0321490",,76.076287,76287,Seine-Maritime,28.0,Normandie,70.0,3.0,2.0,2,1.0,28,Normandie,76,3,24,Fresquiennes,1063,14,1077.0,1.0,7,,0.0,0.0,4.0,2.0
201900007161,1.0,1,3,2,5.0,1.0,0.0,0,-1.0,1932.0,A01,26,11,2019,17:45,3,76.0,76289,1,1,1.0,1.0,Rue de Caudebec,"49,5632520","0,8259350",,76.076289,76289,Seine-Maritime,28.0,Normandie,80.0,3.0,2.0,2,2.0,28,Normandie,76,3,24,Saint Martin de l'If,1732,24,1756.0,2.0,7,,0.0,2.0,3.0,13.0
201900007161,1.0,1,1,1,1.0,1.0,0.0,0,-1.0,1957.0,B01,26,11,2019,17:45,3,76.0,76289,1,1,1.0,1.0,Rue de Caudebec,"49,5632520","0,8259350",,76.076289,76289,Seine-Maritime,28.0,Normandie,80.0,3.0,2.0,2,2.0,28,Normandie,76,3,24,Saint Martin de l'If,1732,24,1756.0,1.0,10,,0.0,2.0,3.0,1.0
201900007361,1.0,1,3,1,5.0,1.0,0.0,0,-1.0,1986.0,A01,8,7,2019,12:30,1,76.0,76394,1,1,1.0,7.0,D14,"49,9733560","1,5349560",,76.076394,76394,Seine-Maritime,28.0,Normandie,80.0,3.0,2.0,2,1.0,28,Normandie,76,1,10,Longroy,633,6,639.0,2.0,7,,0.0,0.0,9.0,0.0
201900007361,2.0,2,2,1,5.0,1.0,0.0,0,-1.0,1950.0,A01,8,7,2019,12:30,1,76.0,76394,1,1,1.0,7.0,D14,"49,9733560","1,5349560",,76.076394,76394,Seine-Maritime,28.0,Normandie,80.0,3.0,2.0,2,1.0,28,Normandie,76,1,10,Longroy,633,6,639.0,2.0,7,,0.0,0.0,9.0,0.0
201900007416,1.0,1,4,1,0.0,2.0,0.0,0,-1.0,2002.0,A01,4,7,2019,15:30,1,76.0,76552,2,3,1.0,3.0,REINE ELISABETH,"49,5027000","0,0866000",,76.076552,76552,Seine-Maritime,28.0,Normandie,50.0,3.0,2.0,2,1.0,28,Normandie,76,2,19,Sainte-Adresse,7116,188,7304.0,0.0,2,,0.0,2.0,1.0,17.0
201900007416,1.0,1,1,1,0.0,1.0,0.0,0,-1.0,1976.0,B01,4,7,2019,15:30,1,76.0,76552,2,3,1.0,3.0,REINE ELISABETH,"49,5027000","0,0866000",,76.076552,76552,Seine-Maritime,28.0,Normandie,50.0,3.0,2.0,2,1.0,28,Normandie,76,2,19,Sainte-Adresse,7116,188,7304.0,0.0,7,,0.0,2.0,3.0,15.0
201900007601,1.0,1,4,1,0.0,8.0,0.0,0,-1.0,1949.0,A01,1,12,2019,16:35,1,76.0,76429,2,1,1.0,3.0,DARNETAL. ROUTE DE,"49,4177000","1,1464400",,76.076429,76429,Seine-Maritime,28.0,Normandie,70.0,3.0,2.0,2,1.0,28,Normandie,76,3,21,LeMesnil-Esnard,7980,353,8333.0,0.0,1,,0.0,2.0,8.0,13.0
201900007601,1.0,1,1,2,5.0,1.0,0.0,0,-1.0,1947.0,B01,1,12,2019,16:35,1,76.0,76429,2,1,1.0,3.0,DARNETAL. ROUTE DE,"49,4177000","1,1464400",,76.076429,76429,Seine-Maritime,28.0,Normandie,70.0,3.0,2.0,2,1.0,28,Normandie,76,3,21,LeMesnil-Esnard,7980,353,8333.0,1.0,7,,0.0,2.0,7.0,1.0