Num_Acc,place,catu,grav,sexe,trajet,secu,locp,actp,etatp,an_nais,num_veh,jour,mois,an,hrmn,lum,dep,com,agg,int,atm,col,adr,lat,long,gps,com_insee_temp,com_insee,departmentName,regionCode,regionName,vma,catr,circ,nbv,surf,Code,Region,Departement,Arrondissement,Code_Canton,Nom_Commune,Population_municipaLe,Population_comptee_a_part,Population_Totale,senc,catv,occutc,obs,obsm,choc,manv
201900007602,2.0,1,4,1,0.0,1.0,0.0,0,-1.0,1995.0,A01,15,12,2019,01:25,5,76.0,76351,1,1,2.0,6.0,CHRISTOPHE COLOMB (AVENUE),"49,4772900","0,1434500",,76.076351,76351,Seine-Maritime,28.0,Normandie,70.0,4.0,3.0,4,2.0,28,Normandie,76,2,96,LeHavre,166058,1780,167838.0,0.0,7,,9.0,0.0,7.0,13.0
201900007603,1.0,1,1,1,1.0,1.0,0.0,0,-1.0,1979.0,A01,15,12,2019,09:00,2,76.0,76447,2,6,1.0,3.0,BELLE ETOILE,"49,5480600","0,1683500",,76.076447,76447,Seine-Maritime,28.0,Normandie,50.0,3.0,4.0,2,2.0,28,Normandie,76,2,15,Montivilliers,15457,203,15660.0,1.0,7,,0.0,2.0,3.0,9.0
201900007603,1.0,1,4,1,5.0,2.0,0.0,0,-1.0,1954.0,B01,15,12,2019,09:00,2,76.0,76447,2,6,1.0,3.0,BELLE ETOILE,"49,5480600","0,1683500",,76.076447,76447,Seine-Maritime,28.0,Normandie,50.0,3.0,4.0,2,2.0,28,Normandie,76,2,15,Montivilliers,15457,203,15660.0,1.0,2,,0.0,2.0,7.0,1.0
201900007604,1.0,1,4,1,5.0,1.0,0.0,0,-1.0,1993.0,A01,30,11,2019,03:05,5,76.0,76351,2,2,1.0,3.0,BOIS AU COQ (RUE),"49,5110200","0,1286800",,76.076351,76351,Seine-Maritime,28.0,Normandie,50.0,4.0,2.0,4,1.0,28,Normandie,76,2,96,LeHavre,166058,1780,167838.0,1.0,7,,0.0,2.0,1.0,1.0
201900007604,1.0,1,4,1,5.0,1.0,0.0,0,-1.0,2000.0,B01,30,11,2019,03:05,5,76.0,76351,2,2,1.0,3.0,BOIS AU COQ (RUE),"49,5110200","0,1286800",,76.076351,76351,Seine-Maritime,28.0,Normandie,50.0,4.0,2.0,4,1.0,28,Normandie,76,2,96,LeHavre,166058,1780,167838.0,2.0,7,,0.0,2.0,2.0,1.0
201900007731,10.0,3,4,2,5.0,8.0,3.0,3,1.0,2001.0,A01,15,9,2019,12:00,1,76.0,76540,2,1,1.0,6.0,BELGES. BOULEVARD DES,"49,4452200","1,0859700",,76.076540,76540,Seine-Maritime,28.0,Normandie,50.0,3.0,2.0,6,1.0,28,Normandie,76,3,97,Rouen,114083,1556,115639.0,0.0,7,,0.0,1.0,1.0,7.0
201900007731,1.0,1,1,1,5.0,1.0,-1.0, -1,-1.0,1960.0,A01,15,9,2019,12:00,1,76.0,76540,2,1,1.0,6.0,BELGES. BOULEVARD DES,"49,4452200","1,0859700",,76.076540,76540,Seine-Maritime,28.0,Normandie,50.0,3.0,2.0,6,1.0,28,Normandie,76,3,97,Rouen,114083,1556,115639.0,0.0,7,,0.0,1.0,1.0,7.0
201900007732,1.0,1,4,2,5.0,2.0,-1.0, -1,-1.0,2001.0,A01,14,9,2019,14:30,1,76.0,76157,2,1,1.0,2.0,CD 51 (RUE DU CANAL),"49,4568300","1,0440800",,76.076157,76157,Seine-Maritime,28.0,Normandie,50.0,3.0,2.0,2,1.0,28,Normandie,76,3,4,Canteleu,13966,360,14326.0,0.0,1,,0.0,2.0,7.0,1.0
201900007733,1.0,1,4,2,5.0,1.0,0.0,0,-1.0,1995.0,A01,14,9,2019,02:45,5,76.0,76474,2,1,1.0,6.0,RN 27 (ROUTE DE DIEPPE),"49,4962200","1,0485600",,76.076474,76474,Seine-Maritime,28.0,Normandie,50.0,3.0,2.0,3,1.0,28,Normandie,76,3,24,Notre-Dame-de-BondevilLe6957,82,7039,,0.0,7,,1.0,0.0,3.0,13.0
201900007734,1.0,1,1,1,1.0,1.0,-1.0, -1,-1.0,1999.0,A01,13,9,2019,08:10,1,76.0,76451,2,1,2.0,5.0,SIEGFRIED. BOULEVARD ANDRE,"49,4589300","1,0679800",,76.076451,76451,Seine-Maritime,28.0,Normandie,30.0,4.0,2.0,2,2.0,28,Normandie,76,3,22,Mont-Saint-Aignan,20066,415,20481.0,0.0,7,,0.0,2.0,1.0,2.0
201900007734,1.0,1,4,1,1.0,2.0,-1.0, -1,-1.0,2000.0,B01,13,9,2019,08:10,1,76.0,76451,2,1,2.0,5.0,SIEGFRIED. BOULEVARD ANDRE,"49,4589300","1,0679800",,76.076451,76451,Seine-Maritime,28.0,Normandie,30.0,4.0,2.0,2,2.0,28,Normandie,76,3,22,Mont-Saint-Aignan,20066,415,20481.0,0.0,31,,0.0,2.0,4.0,2.0
201900007734,2.0,2,4,1,2.0,2.0,-1.0,0,-1.0,2000.0,C01,13,9,2019,08:10,1,76.0,76451,2,1,2.0,5.0,SIEGFRIED. BOULEVARD ANDRE,"49,4589300","1,0679800",,76.076451,76451,Seine-Maritime,28.0,Normandie,30.0,4.0,2.0,2,2.0,28,Normandie,76,3,22,Mont-Saint-Aignan,20066,415,20481.0,0.0,33,,0.0,2.0,4.0,2.0
201900007734,1.0,1,4,1,5.0,2.0,-1.0,0,-1.0,1961.0,C01,13,9,2019,08:10,1,76.0,76451,2,1,2.0,5.0,SIEGFRIED. BOULEVARD ANDRE,"49,4589300","1,0679800",,76.076451,76451,Seine-Maritime,28.0,Normandie,30.0,4.0,2.0,2,2.0,28,Normandie,76,3,22,Mont-Saint-Aignan,20066,415,20481.0,0.0,33,,0.0,2.0,4.0,2.0
201900007735,10.0,3,4,2,9.0,8.0,3.0,3,1.0,1984.0,Z01,15,9,2019,18:10,1,76.0,76341,2,3,1.0,6.0,RESISTANCE (AVENUE DE LA),"49,5047600","0,1974800",,76.076341,76341,Seine-Maritime,28.0,Normandie,50.0,3.0,2.0,2,1.0,28,Normandie,76,2,15,Harfleur,8315,53,8368.0,0.0,30,,0.0,1.0,1.0,17.0
201900007904,1.0,1,1,1,5.0,1.0,0.0,0,-1.0,1953.0,A01,13,2,2019,10:25,1,76.0,76719,2,1,7.0,6.0,rue André FIQUET,"49,7438780","0,5114340",,76.076719,76719,Seine-Maritime,28.0,Normandie,50.0,3.0,2.0,2,1.0,28,Normandie,76,2,11,Valmont,867,15,882.0,1.0,7,,0.0,1.0,2.0,1.0
201900007904,10.0,3,3,1,4.0,4.0,2.0,9,1.0,1967.0,A01,13,2,2019,10:25,1,76.0,76719,2,1,7.0,6.0,rue André FIQUET,"49,7438780","0,5114340",,76.076719,76719,Seine-Maritime,28.0,Normandie,50.0,3.0,2.0,2,1.0,28,Normandie,76,2,11,Valmont,867,15,882.0,1.0,7,,0.0,1.0,2.0,1.0
201900007905,1.0,1,1,2,2.0,1.0,0.0,0,-1.0,1975.0,A01,4,2,2019,08:25,2,76.0,76357,1,1,2.0,1.0,D925,"49,5984820","0,2711900",,76.076357,76357,Seine-Maritime,28.0,Normandie,80.0,3.0,2.0,2,2.0,28,Normandie,76,2,26,HermevilLe351,16,367,,1.0,7,,0.0,2.0,1.0,1.0
201900007905,2.0,2,4,1,2.0,1.0,0.0,0,-1.0,2006.0,A01,4,2,2019,08:25,2,76.0,76357,1,1,2.0,1.0,D925,"49,5984820","0,2711900",,76.076357,76357,Seine-Maritime,28.0,Normandie,80.0,3.0,2.0,2,2.0,28,Normandie,76,2,26,HermevilLe351,16,367,,1.0,7,,0.0,2.0,1.0,1.0
201900007905,1.0,1,1,1,5.0,1.0,0.0,0,-1.0,1960.0,B01,4,2,2019,08:25,2,76.0,76357,1,1,2.0,1.0,D925,"49,5984820","0,2711900",,76.076357,76357,Seine-Maritime,28.0,Normandie,80.0,3.0,2.0,2,2.0,28,Normandie,76,2,26,HermevilLe351,16,367,,2.0,7,,0.0,2.0,3.0,1.0
201900008303,9.0,2,3,1,5.0,1.0,0.0,0,-1.0,2001.0,A01,20,10,2019,18:00,2,76.0,76753,1,1,2.0,1.0,route départementale 6015,"49,3372970","1,1523230",,76.076753,76753,Seine-Maritime,28.0,Normandie,80.0,3.0,2.0,2,2.0,28,Normandie,76,3,6,Ymare,1212,22,1234.0,1.0,7,,0.0,2.0,1.0,0.0
201900008303,1.0,1,3,1,5.0,1.0,0.0,0,-1.0,1975.0,A01,20,10,2019,18:00,2,76.0,76753,1,1,2.0,1.0,route départementale 6015,"49,3372970","1,1523230",,76.076753,76753,Seine-Maritime,28.0,Normandie,80.0,3.0,2.0,2,2.0,28,Normandie,76,3,6,Ymare,1212,22,1234.0,1.0,7,,0.0,2.0,1.0,0.0
201900008303,2.0,2,4,1,5.0,1.0,0.0,0,-1.0,2006.0,A01,20,10,2019,18:00,2,76.0,76753,1,1,2.0,1.0,route départementale 6015,"49,3372970","1,1523230",,76.076753,76753,Seine-Maritime,28.0,Normandie,80.0,3.0,2.0,2,2.0,28,Normandie,76,3,6,Ymare,1212,22,1234.0,1.0,7,,0.0,2.0,1.0,0.0
201900008303,1.0,1,2,1,5.0,1.0,0.0,0,-1.0,1990.0,B01,20,10,2019,18:00,2,76.0,76753,1,1,2.0,1.0,route départementale 6015,"49,3372970","1,1523230",,76.076753,76753,Seine-Maritime,28.0,Normandie,80.0,3.0,2.0,2,2.0,28,Normandie,76,3,6,Ymare,1212,22,1234.0,2.0,7,,0.0,2.0,1.0,0.0
201900008344,1.0,1,1,2,1.0,1.0,-1.0,0,-1.0,1993.0,A01,17,10,2019,14:10,1,76.0,76540,2,2,1.0,3.0,HAVRE. ROUTE DU,"49,4527000","1,0566200",,76.076540,76540,Seine-Maritime,28.0,Normandie,50.0,3.0,2.0,2,1.0,28,Normandie,76,3,97,Rouen,114083,1556,115639.0,1.0,7,,0.0,2.0,2.0,15.0
201900008344,1.0,1,4,1,5.0,2.0,-1.0,0,-1.0,1956.0,B01,17,10,2019,14:10,1,76.0,76540,2,2,1.0,3.0,HAVRE. ROUTE DU,"49,4527000","1,0566200",,76.076540,76540,Seine-Maritime,28.0,Normandie,50.0,3.0,2.0,2,1.0,28,Normandie,76,3,97,Rouen,114083,1556,115639.0,2.0,33,,0.0,2.0,1.0,1.0
201900008345,1.0,1,4,1,2.0,2.0,-1.0, -1,-1.0,2004.0,B01,17,10,2019,18:45,1,76.0,76410,2,1,2.0,3.0,REPUBLIQUE. RUE DE LA,"49,4745900","1,0421300",,76.076410,76410,Seine-Maritime,28.0,Normandie,50.0,4.0,2.0,2,2.0,28,Normandie,76,3,4,Maromme,11024,122,11146.0,0.0,30,,0.0,2.0,1.0,1.0
201900008345,1.0,1,1,2,5.0,1.0,-1.0, -1,-1.0,1953.0,A01,17,10,2019,18:45,1,76.0,76410,2,1,2.0,3.0,REPUBLIQUE. RUE DE LA,"49,4745900","1,0421300",,76.076410,76410,Seine-Maritime,28.0,Normandie,50.0,4.0,2.0,2,2.0,28,Normandie,76,3,4,Maromme,11024,122,11146.0,0.0,7,,0.0,2.0,8.0,26.0
201900008686,3.0,2,1,2,5.0,1.0,0.0,0,-1.0,1992.0,A01,2,6,2019,11:45,1,76.0,76705,1,1,1.0,3.0,A 13 PK 110.020,"49,3284590","1,0889370",,76.076705,76705,Seine-Maritime,28.0,Normandie,110.0,1.0,2.0,3,1.0,28,Normandie,76,3,5,Tourville-la-Rivière,2568,19,2587.0,2.0,7,,0.0,2.0,2.0,12.0
201900008686,2.0,2,1,2,5.0,1.0,0.0,0,-1.0,1950.0,A01,2,6,2019,11:45,1,76.0,76705,1,1,1.0,3.0,A 13 PK 110.020,"49,3284590","1,0889370",,76.076705,76705,Seine-Maritime,28.0,Normandie,110.0,1.0,2.0,3,1.0,28,Normandie,76,3,5,Tourville-la-Rivière,2568,19,2587.0,2.0,7,,0.0,2.0,2.0,12.0
201900008686,4.0,2,1,2,5.0,1.0,0.0,0,-1.0,1985.0,A01,2,6,2019,11:45,1,76.0,76705,1,1,1.0,3.0,A 13 PK 110.020,"49,3284590","1,0889370",,76.076705,76705,Seine-Maritime,28.0,Normandie,110.0,1.0,2.0,3,1.0,28,Normandie,76,3,5,Tourville-la-Rivière,2568,19,2587.0,2.0,7,,0.0,2.0,2.0,12.0
201900008686,1.0,1,1,1,5.0,1.0,0.0,0,-1.0,1983.0,A01,2,6,2019,11:45,1,76.0,76705,1,1,1.0,3.0,A 13 PK 110.020,"49,3284590","1,0889370",,76.076705,76705,Seine-Maritime,28.0,Normandie,110.0,1.0,2.0,3,1.0,28,Normandie,76,3,5,Tourville-la-Rivière,2568,19,2587.0,2.0,7,,0.0,2.0,2.0,12.0
201900008686,5.0,2,1,2,5.0,1.0,0.0,0,-1.0,1990.0,A01,2,6,2019,11:45,1,76.0,76705,1,1,1.0,3.0,A 13 PK 110.020,"49,3284590","1,0889370",,76.076705,76705,Seine-Maritime,28.0,Normandie,110.0,1.0,2.0,3,1.0,28,Normandie,76,3,5,Tourville-la-Rivière,2568,19,2587.0,2.0,7,,0.0,2.0,2.0,12.0
201900008686,2.0,2,4,2,5.0,2.0,0.0,0,-1.0,1972.0,B01,2,6,2019,11:45,1,76.0,76705,1,1,1.0,3.0,A 13 PK 110.020,"49,3284590","1,0889370",,76.076705,76705,Seine-Maritime,28.0,Normandie,110.0,1.0,2.0,3,1.0,28,Normandie,76,3,5,Tourville-la-Rivière,2568,19,2587.0,2.0,31,,0.0,2.0,8.0,3.0
201900008686,1.0,1,3,1,5.0,2.0,0.0,0,-1.0,1966.0,B01,2,6,2019,11:45,1,76.0,76705,1,1,1.0,3.0,A 13 PK 110.020,"49,3284590","1,0889370",,76.076705,76705,Seine-Maritime,28.0,Normandie,110.0,1.0,2.0,3,1.0,28,Normandie,76,3,5,Tourville-la-Rivière,2568,19,2587.0,2.0,31,,0.0,2.0,8.0,3.0
201900008766,1.0,1,1,1,5.0,1.0,-1.0,0,-1.0,1999.0,A01,7,8,2019,08:35,1,76.0,76351,2,3,1.0,3.0,LESUEUR (RUE),"49,4948000","0,1228900",,76.076351,76351,Seine-Maritime,28.0,Normandie,50.0,4.0,2.0,2,1.0,28,Normandie,76,2,96,LeHavre,166058,1780,167838.0,3.0,7,,0.0,2.0,3.0,26.0
201900008766,3.0,2,1,1,5.0,1.0,-1.0,0,-1.0,1999.0,A01,7,8,2019,08:35,1,76.0,76351,2,3,1.0,3.0,LESUEUR (RUE),"49,4948000","0,1228900",,76.076351,76351,Seine-Maritime,28.0,Normandie,50.0,4.0,2.0,2,1.0,28,Normandie,76,2,96,LeHavre,166058,1780,167838.0,3.0,7,,0.0,2.0,3.0,26.0
201900008766,2.0,2,1,1,5.0,1.0,-1.0,0,-1.0,1973.0,A01,7,8,2019,08:35,1,76.0,76351,2,3,1.0,3.0,LESUEUR (RUE),"49,4948000","0,1228900",,76.076351,76351,Seine-Maritime,28.0,Normandie,50.0,4.0,2.0,2,1.0,28,Normandie,76,2,96,LeHavre,166058,1780,167838.0,3.0,7,,0.0,2.0,3.0,26.0
201900008766,1.0,1,4,2,0.0,1.0,-1.0,0,-1.0,1996.0,B01,7,8,2019,08:35,1,76.0,76351,2,3,1.0,3.0,LESUEUR (RUE),"49,4948000","0,1228900",,76.076351,76351,Seine-Maritime,28.0,Normandie,50.0,4.0,2.0,2,1.0,28,Normandie,76,2,96,LeHavre,166058,1780,167838.0,2.0,7,,0.0,2.0,1.0,1.0
201900008767,1.0,1,3,1,0.0,1.0,-1.0,0,-1.0,1996.0,A01,7,8,2019,04:35,3,76.0,76481,1,1,1.0,7.0,rd 940,"49,5425000","0,1047000",,76.076481,76481,Seine-Maritime,28.0,Normandie,80.0,3.0,2.0,2,1.0,28,Normandie,76,2,26,Octeville-sur-Mer,6122,119,6241.0,1.0,7,,0.0,0.0,9.0,1.0
201900009073,1.0,1,1,1,0.0,1.0,0.0,0,-1.0,1982.0,B01,21,11,2019,19:20,4,76.0,76575,1,1,1.0,3.0,ROUSSEAU. RUE JEAN JACQUES,"49,3811200","1,1097500",,76.076575,76575,Seine-Maritime,28.0,Normandie,50.0,4.0,2.0,2,1.0,28,Normandie,76,3,98,Saint-Étienne-du-Rouvray,28508,225,28733.0,3.0,7,,0.0,2.0,1.0,0.0
201900009073,1.0,1,4,1,0.0,2.0,0.0,0,-1.0,2002.0,A01,21,11,2019,19:20,4,76.0,76575,1,1,1.0,3.0,ROUSSEAU. RUE JEAN JACQUES,"49,3811200","1,1097500",,76.076575,76575,Seine-Maritime,28.0,Normandie,50.0,4.0,2.0,2,1.0,28,Normandie,76,3,98,Saint-Étienne-du-Rouvray,28508,225,28733.0,3.0,30,,0.0,2.0,1.0,17.0
201900009073,2.0,2,4,1,0.0,2.0,0.0,0,-1.0,2003.0,A01,21,11,2019,19:20,4,76.0,76575,1,1,1.0,3.0,ROUSSEAU. RUE JEAN JACQUES,"49,3811200","1,1097500",,76.076575,76575,Seine-Maritime,28.0,Normandie,50.0,4.0,2.0,2,1.0,28,Normandie,76,3,98,Saint-Étienne-du-Rouvray,28508,225,28733.0,3.0,30,,0.0,2.0,1.0,17.0
201900009134,1.0,1,4,2,5.0,1.0,0.0,0,-1.0,1984.0,B01,5,7,2019,08:45,1,76.0,76498,2,2,1.0,3.0,DOCTEUR CHARCOT. RUE DU,"49,4298900","1,0644000",,76.076498,76498,Seine-Maritime,28.0,Normandie,50.0,4.0,1.0,1,1.0,28,Normandie,76,3,27,LePetit-Quevilly,21782,274,22056.0,0.0,7,,0.0,2.0,7.0,1.0
201900009135,10.0,3,4,2,1.0,8.0,3.0,3,1.0,1997.0,Z01,5,7,2019,11:20,1,76.0,76351,2,1,1.0,6.0,AUGUSTE BLANQUI (PONT),"49,4998000","0,1624000",,76.076351,76351,Seine-Maritime,28.0,Normandie,50.0,4.0,2.0,2,1.0,28,Normandie,76,2,96,LeHavre,166058,1780,167838.0,0.0,30,,0.0,1.0,1.0,1.0
201900009136,1.0,1,4,2,0.0,1.0,0.0,0,-1.0,1971.0,A01,4,7,2019,07:45,1,76.0,76305,1,2,1.0,6.0,BREQUE (Route de la),"49,4877800","0,1962100",,76.076305,76305,Seine-Maritime,28.0,Normandie,70.0,4.0,2.0,3,1.0,28,Normandie,76,2,16,Gonfreville-l'Orcher,8961,44,9005.0,0.0,7,,0.0,2.0,8.0,13.0
201900009136,1.0,1,1,1,0.0,1.0,0.0,0,-1.0,1994.0,B01,4,7,2019,07:45,1,76.0,76305,1,2,1.0,6.0,BREQUE (Route de la),"49,4877800","0,1962100",,76.076305,76305,Seine-Maritime,28.0,Normandie,70.0,4.0,2.0,3,1.0,28,Normandie,76,2,16,Gonfreville-l'Orcher,8961,44,9005.0,0.0,7,,0.0,2.0,7.0,15.0
201900009137,10.0,3,3,1,9.0,8.0,9.0,9,1.0,1974.0,A01,3,7,2019,13:30,1,76.0,76447,2,1,1.0,6.0,4 SAISONS (RUE DES ),"49,5352200","0,1855100",,76.076447,76447,Seine-Maritime,28.0,Normandie,30.0,6.0,-1.0,0,1.0,28,Normandie,76,2,15,Montivilliers,15457,203,15660.0,0.0,7,,0.0,1.0,1.0,1.0
201900009137,1.0,1,1,1,5.0,1.0,0.0,0,-1.0,1954.0,A01,3,7,2019,13:30,1,76.0,76447,2,1,1.0,6.0,4 SAISONS (RUE DES ),"49,5352200","0,1855100",,76.076447,76447,Seine-Maritime,28.0,Normandie,30.0,6.0,-1.0,0,1.0,28,Normandie,76,2,15,Montivilliers,15457,203,15660.0,0.0,7,,0.0,1.0,1.0,1.0
201900009138,1.0,1,1,1,4.0,1.0,0.0,0,-1.0,1985.0,A01,5,7,2019,15:13,1,76.0,76217,2,1,1.0,6.0,GAMBETTA (AVENUE),"49,9151800","1,0747700",,76.076217,76217,Seine-Maritime,28.0,Normandie,50.0,3.0,2.0,3,1.0,28,Normandie,76,1,95,Dieppe,28358,455,28813.0,1.0,7,,0.0,1.0,1.0,1.0
201900009138,10.0,3,4,1,9.0,8.0,4.0,3,1.0,1964.0,A01,5,7,2019,15:13,1,76.0,76217,2,1,1.0,6.0,GAMBETTA (AVENUE),"49,9151800","1,0747700",,76.076217,76217,Seine-Maritime,28.0,Normandie,50.0,3.0,2.0,3,1.0,28,Normandie,76,1,95,Dieppe,28358,455,28813.0,1.0,7,,0.0,1.0,1.0,1.0
201900009452,10.0,3,3,1,0.0,0.0,3.0,3,1.0,1959.0,A01,18,12,2019,15:45,1,76.0,76351,2,3,1.0,7.0,ARISTIDE BRIAND,"49,5002300","0,1348000",,76.076351,76351,Seine-Maritime,28.0,Normandie,50.0,3.0,2.0,2,1.0,28,Normandie,76,2,96,LeHavre,166058,1780,167838.0,2.0,33,,0.0,1.0,1.0,1.0
201900009452,1.0,1,4,1,3.0,2.0,0.0,0,-1.0,1996.0,A01,18,12,2019,15:45,1,76.0,76351,2,3,1.0,7.0,ARISTIDE BRIAND,"49,5002300","0,1348000",,76.076351,76351,Seine-Maritime,28.0,Normandie,50.0,3.0,2.0,2,1.0,28,Normandie,76,2,96,LeHavre,166058,1780,167838.0,2.0,33,,0.0,1.0,1.0,1.0
201900009593,1.0,1,2,1,5.0,2.0,0.0,0,-1.0,1947.0,A01,16,9,2019,16:00,1,76.0,76536,1,1,1.0,6.0,229 Route de Darnétal,"49,4585800","1,1656270",,76.076536,76536,Seine-Maritime,28.0,Normandie,70.0,3.0,2.0,2,1.0,28,Normandie,76,3,6,Roncherolles-sur-le-Vivier,1231,23,1254.0,1.0,1,,2.0,0.0,0.0,1.0
201900009736,1.0,1,4,1,5.0,0.0,0.0,0,-1.0,2000.0,A01,23,3,2019,11:45,1,76.0,76307,2,1,1.0,7.0,Rue Gaston Delahais,"49,6380060","0,2183970",,76.076307,76307,Seine-Maritime,28.0,Normandie,-1.0,6.0,-1.0,-1,1.0,28,Normandie,76,2,26,Gonneville-la-Mallet,1363,13,1376.0,3.0,33,,9.0,0.0,0.0,26.0
201900009737,10.0,3,3,1,5.0,0.0,1.0,2,1.0,1947.0,A01,24,3,2019,14:30,1,76.0,76179,2,1,1.0,6.0,Avenue du parc,"49,5920000","1,0990000",,76.076179,76179,Seine-Maritime,28.0,Normandie,50.0,3.0,2.0,2,1.0,28,Normandie,76,3,2,Clères,1380,15,1395.0,1.0,7,,0.0,1.0,2.0,1.0
201900009737,1.0,1,1,1,5.0,8.0,0.0,0,-1.0,1976.0,A01,24,3,2019,14:30,1,76.0,76179,2,1,1.0,6.0,Avenue du parc,"49,5920000","1,0990000",,76.076179,76179,Seine-Maritime,28.0,Normandie,50.0,3.0,2.0,2,1.0,28,Normandie,76,3,2,Clères,1380,15,1395.0,1.0,7,,0.0,1.0,2.0,1.0
201900009738,1.0,1,3,1,5.0,2.0,0.0,0,-1.0,2000.0,A01,22,3,2019,20:15,3,76.0,76038,1,1,5.0,7.0,D53,"49,5836540","1,1345130",,76.076038,76038,Seine-Maritime,28.0,Normandie,80.0,3.0,2.0,2,1.0,28,Normandie,76,3,2,Authieux-RatiévilLe403,6,409,,2.0,2,,13.0,0.0,0.0,1.0
201900009739,1.0,1,1,2,5.0,1.0,0.0,0,-1.0,1995.0,A01,23,3,2019,20:15,3,76.0,76517,1,1,2.0,3.0,694 Route de Dieppe,"49,5167900","1,1395130",,76.076517,76517,Seine-Maritime,28.0,Normandie,80.0,3.0,2.0,2,2.0,28,Normandie,76,3,2,Quincampoix,3110,68,3178.0,1.0,7,,0.0,2.0,3.0,9.0
201900009739,1.0,1,4,1,1.0,2.0,0.0,0,-1.0,1985.0,B01,23,3,2019,20:15,3,76.0,76517,1,1,2.0,3.0,694 Route de Dieppe,"49,5167900","1,1395130",,76.076517,76517,Seine-Maritime,28.0,Normandie,80.0,3.0,2.0,2,2.0,28,Normandie,76,3,2,Quincampoix,3110,68,3178.0,2.0,33,,0.0,2.0,0.0,1.0
201900009955,1.0,1,1,1,1.0,1.0,0.0,0,-1.0,1983.0,B01,8,2,2019,07:25,2,76.0,76563,2,1,1.0,1.0,RD 6015,"49,5207590","0,3082880",,76.076563,76563,Seine-Maritime,28.0,Normandie,50.0,3.0,2.0,2,1.0,28,Normandie,76,2,32,Saint-Aubin-Routot,1954,20,1974.0,2.0,7,,0.0,2.0,3.0,1.0
201900009955,1.0,1,3,1,1.0,2.0,0.0,0,-1.0,1977.0,A01,8,2,2019,07:25,2,76.0,76563,2,1,1.0,1.0,RD 6015,"49,5207590","0,3082880",,76.076563,76563,Seine-Maritime,28.0,Normandie,50.0,3.0,2.0,2,1.0,28,Normandie,76,2,32,Saint-Aubin-Routot,1954,20,1974.0,1.0,33,,16.0,2.0,1.0,5.0
201900010212,1.0,1,1,1,1.0,8.0,0.0,0,-1.0,2000.0,A01,15,10,2019,15:58,1,76.0,76402,2,2,1.0,6.0, (ROUTE DE DIEPPE),"49,5283600","1,0416800",,76.076402,76402,Seine-Maritime,28.0,Normandie,50.0,3.0,2.0,2,2.0,28,Normandie,76,3,24,Malaunay,6143,49,6192.0,0.0,1,,0.0,1.0,1.0,25.0
201900010212,10.0,3,3,2,5.0,8.0,5.0,2,1.0,1961.0,A01,15,10,2019,15:58,1,76.0,76402,2,2,1.0,6.0, (ROUTE DE DIEPPE),"49,5283600","1,0416800",,76.076402,76402,Seine-Maritime,28.0,Normandie,50.0,3.0,2.0,2,2.0,28,Normandie,76,3,24,Malaunay,6143,49,6192.0,0.0,1,,0.0,1.0,1.0,25.0
201900010213,1.0,1,4,1,5.0,2.0,0.0,0,-1.0,2004.0,A01,16,10,2019,15:13,1,76.0,76351,2,2,2.0,2.0,VERDUN (RUE DE),"49,5022552","0,1869219",,76.076351,76351,Seine-Maritime,28.0,Normandie,50.0,4.0,2.0,2,2.0,28,Normandie,76,2,96,LeHavre,166058,1780,167838.0,1.0,2,,0.0,2.0,1.0,2.0
201900010213,1.0,1,1,1,4.0,1.0,0.0,0,-1.0,1986.0,B01,16,10,2019,15:13,1,76.0,76351,2,2,2.0,2.0,VERDUN (RUE DE),"49,5022552","0,1869219",,76.076351,76351,Seine-Maritime,28.0,Normandie,50.0,4.0,2.0,2,2.0,28,Normandie,76,2,96,LeHavre,166058,1780,167838.0,1.0,7,,0.0,2.0,4.0,2.0
201900010214,1.0,1,1,2,9.0,1.0,0.0,0,-1.0,1999.0,B01,17,10,2019,16:25,1,76.0,76217,2,2,1.0,1.0,REPUBLIQUE (AVENUE DE LA),"49,9246000","1,1037000",,76.076217,76217,Seine-Maritime,28.0,Normandie,50.0,3.0,2.0,2,1.0,28,Normandie,76,1,95,Dieppe,28358,455,28813.0,1.0,7,,0.0,2.0,2.0,15.0
201900010214,2.0,1,4,1,2.0,2.0,-1.0, -1,-1.0,2005.0,A01,17,10,2019,16:25,1,76.0,76217,2,2,1.0,1.0,REPUBLIQUE (AVENUE DE LA),"49,9246000","1,1037000",,76.076217,76217,Seine-Maritime,28.0,Normandie,50.0,3.0,2.0,2,1.0,28,Normandie,76,1,95,Dieppe,28358,455,28813.0,2.0,30,,14.0,0.0,1.0,21.0
201900010703,1.0,1,3,1,5.0,2.0,0.0,0,-1.0,1984.0,A01,10,8,2019,19:30,1,76.0,76071,1,1,1.0,7.0,Rue du 31 Août 1944,"49,9163000","1,2483680",,76.076071,76071,Seine-Maritime,28.0,Normandie,80.0,3.0,-1.0,2,1.0,28,Normandie,76,1,8,BellengrevilLe472,14,486,,2.0,31,,13.0,0.0,7.0,1.0
201900010704,1.0,1,3,2,5.0,2.0,0.0,0,-1.0,1998.0,A01,10,8,2019,20:45,2,76.0,76743,1,9,1.0,7.0,a 150,"49,5426646","0,9279907",,76.076743,76743,Seine-Maritime,28.0,Normandie,130.0,1.0,1.0,4,1.0,28,Normandie,76,3,1,Villers-ÉcalLes1734,12,1746,,2.0,33,,0.0,0.0,3.0,2.0
201900010980,2.0,2,1,1,5.0,1.0,0.0,0,-1.0,1991.0,A01,6,7,2019,16:40,1,76.0,76517,1,1,1.0,6.0,Autoroute A28,"49,5334742","1,2186402",,76.076517,76517,Seine-Maritime,28.0,Normandie,110.0,1.0,3.0,4,1.0,28,Normandie,76,3,2,Quincampoix,3110,68,3178.0,2.0,7,,13.0,0.0,2.0,2.0