Num_Acc,place,catu,grav,sexe,trajet,secu,locp,actp,etatp,an_nais,num_veh,jour,mois,an,hrmn,lum,dep,com,agg,int,atm,col,adr,lat,long,gps,com_insee_temp,com_insee,departmentName,regionCode,regionName,vma,catr,circ,nbv,surf,Code,Region,Departement,Arrondissement,Code_Canton,Nom_Commune,Population_municipaLe,Population_comptee_a_part,Population_Totale,senc,catv,occutc,obs,obsm,choc,manv
201900016114,2.0,2,1,2,4.0,1.0,0.0,0,-1.0,1972.0,B01,4,7,2019,16:45,1,76.0,76054,1,1,1.0,1.0,RD149,"49,9104830","1,3182550",,76.076054,76054,Seine-Maritime,28.0,Normandie,70.0,3.0,2.0,2,1.0,28,Normandie,76,1,8,Bailly-en-Rivière,518,10,528.0,2.0,38,2.0,0.0,2.0,1.0,1.0
201900016114,1.0,1,2,2,1.0,2.0,0.0,0,-1.0,1987.0,A01,4,7,2019,16:45,1,76.0,76054,1,1,1.0,1.0,RD149,"49,9104830","1,3182550",,76.076054,76054,Seine-Maritime,28.0,Normandie,70.0,3.0,2.0,2,1.0,28,Normandie,76,1,8,Bailly-en-Rivière,518,10,528.0,1.0,33,,0.0,2.0,9.0,17.0
201900016215,1.0,1,1,2,0.0,1.0,0.0,0,-1.0,1961.0,B01,1,7,2019,18:51,1,76.0,76351,2,2,1.0,6.0,DEMIDOFF (RUE),"49,4975300","0,1340900",,76.076351,76351,Seine-Maritime,28.0,Normandie,50.0,4.0,2.0,4,1.0,28,Normandie,76,2,96,LeHavre,166058,1780,167838.0,1.0,7,,0.0,2.0,1.0,1.0
201900016215,1.0,1,3,1,0.0,8.0,0.0,0,-1.0,1991.0,A01,1,7,2019,18:51,1,76.0,76351,2,2,1.0,6.0,DEMIDOFF (RUE),"49,4975300","0,1340900",,76.076351,76351,Seine-Maritime,28.0,Normandie,50.0,4.0,2.0,4,1.0,28,Normandie,76,2,96,LeHavre,166058,1780,167838.0,3.0,50,,0.0,2.0,8.0,19.0
201900016216,1.0,1,4,1,5.0,1.0,0.0,0,-1.0,1977.0,A01,2,7,2019,00:35,5,76.0,76481,2,3,1.0,6.0, FELIX FAURE (RUE ),"49,5550616","0,1161328",,76.076481,76481,Seine-Maritime,28.0,Normandie,50.0,4.0,2.0,2,1.0,28,Normandie,76,2,26,Octeville-sur-Mer,6122,119,6241.0,0.0,7,,6.0,0.0,1.0,14.0
201900016217,1.0,1,4,1,0.0,1.0,-1.0,0,-1.0,2001.0,A01,29,6,2019,23:10,5,76.0,76351,2,1,1.0,6.0,HUIT MAI 1945 (AVENUE DU),"49,5166200","0,1680500",,76.076351,76351,Seine-Maritime,28.0,Normandie,50.0,4.0,3.0,2,1.0,28,Normandie,76,2,96,LeHavre,166058,1780,167838.0,0.0,7,,8.0,0.0,2.0,14.0
201900016217,2.0,2,4,1,5.0,1.0,-1.0,0,-1.0,2003.0,A01,29,6,2019,23:10,5,76.0,76351,2,1,1.0,6.0,HUIT MAI 1945 (AVENUE DU),"49,5166200","0,1680500",,76.076351,76351,Seine-Maritime,28.0,Normandie,50.0,4.0,3.0,2,1.0,28,Normandie,76,2,96,LeHavre,166058,1780,167838.0,0.0,7,,8.0,0.0,2.0,14.0
201900016218,1.0,1,4,1,0.0,1.0,-1.0,0,-1.0,1973.0,A01,29,6,2019,09:05,1,76.0,76341,1,1,1.0,6.0,RD 6382,"49,5243600","0,1819900",,76.076341,76341,Seine-Maritime,28.0,Normandie,70.0,3.0,3.0,4,1.0,28,Normandie,76,2,15,Harfleur,8315,53,8368.0,2.0,7,,4.0,0.0,3.0,13.0
201900016219,1.0,1,1,1,5.0,1.0,-1.0,0,-1.0,1981.0,A01,30,6,2019,00:15,5,76.0,76351,2,2,1.0,2.0,VERDUN (RUE DE),"49,5022600","0,1602600",,76.076351,76351,Seine-Maritime,28.0,Normandie,50.0,3.0,2.0,4,1.0,28,Normandie,76,2,96,LeHavre,166058,1780,167838.0,2.0,7,,0.0,2.0,1.0,2.0
201900016219,2.0,2,4,2,5.0,1.0,-1.0,0,-1.0,1990.0,B01,30,6,2019,00:15,5,76.0,76351,2,2,1.0,2.0,VERDUN (RUE DE),"49,5022600","0,1602600",,76.076351,76351,Seine-Maritime,28.0,Normandie,50.0,3.0,2.0,4,1.0,28,Normandie,76,2,96,LeHavre,166058,1780,167838.0,2.0,7,,0.0,2.0,6.0,2.0
201900016219,1.0,1,4,2,0.0,1.0,-1.0,0,-1.0,1965.0,B01,30,6,2019,00:15,5,76.0,76351,2,2,1.0,2.0,VERDUN (RUE DE),"49,5022600","0,1602600",,76.076351,76351,Seine-Maritime,28.0,Normandie,50.0,3.0,2.0,4,1.0,28,Normandie,76,2,96,LeHavre,166058,1780,167838.0,2.0,7,,0.0,2.0,6.0,2.0
201900016266,1.0,1,4,1,0.0,1.0,0.0,0,-1.0,1979.0,B01,14,1,2019,06:50,5,76.0,76322,2,3,1.0,3.0,BROSSOLETTE. BOULEVARD PIERRE,"49,4174800","1,0348900",,76.076322,76322,Seine-Maritime,28.0,Normandie,50.0,4.0,2.0,2,1.0,28,Normandie,76,3,13,LeGrand-Quevilly,25975,225,26200.0,3.0,7,,0.0,2.0,8.0,0.0
201900016266,1.0,1,1,1,0.0,1.0,0.0,0,-1.0,1965.0,A01,14,1,2019,06:50,5,76.0,76322,2,3,1.0,3.0,BROSSOLETTE. BOULEVARD PIERRE,"49,4174800","1,0348900",,76.076322,76322,Seine-Maritime,28.0,Normandie,50.0,4.0,2.0,2,1.0,28,Normandie,76,3,13,LeGrand-Quevilly,25975,225,26200.0,3.0,7,,0.0,2.0,3.0,15.0
201900016426,1.0,1,1,2,5.0,1.0,0.0,0,-1.0,1998.0,B01,16,11,2019,19:55,3,76.0,76305,2,9,1.0,3.0,RD 6015,"49,5160300","0,2386900",,76.076305,76305,Seine-Maritime,28.0,Normandie,50.0,3.0,2.0,2,1.0,28,Normandie,76,2,16,Gonfreville-l'Orcher,8961,44,9005.0,3.0,7,,0.0,2.0,1.0,0.0
201900016426,1.0,1,4,1,1.0,2.0,0.0,0,-1.0,2002.0,A01,16,11,2019,19:55,3,76.0,76305,2,9,1.0,3.0,RD 6015,"49,5160300","0,2386900",,76.076305,76305,Seine-Maritime,28.0,Normandie,50.0,3.0,2.0,2,1.0,28,Normandie,76,2,16,Gonfreville-l'Orcher,8961,44,9005.0,3.0,32,,0.0,2.0,8.0,15.0
201900016661,1.0,1,4,1,5.0,2.0,0.0,0,-1.0,2000.0,A01,30,12,2019,16:45,1,76.0,76421,1,1,1.0,3.0,D81,"49,5302940","0,4682290",,76.076421,76421,Seine-Maritime,28.0,Normandie,80.0,3.0,2.0,2,1.0,28,Normandie,76,2,3,Mélamare,928,14,942.0,1.0,33,,0.0,2.0,3.0,17.0
201900016661,1.0,1,1,1,5.0,1.0,0.0,0,-1.0,1985.0,B01,30,12,2019,16:45,1,76.0,76421,1,1,1.0,3.0,D81,"49,5302940","0,4682290",,76.076421,76421,Seine-Maritime,28.0,Normandie,80.0,3.0,2.0,2,1.0,28,Normandie,76,2,3,Mélamare,928,14,942.0,2.0,7,,0.0,2.0,3.0,2.0
201900016709,1.0,1,1,2,5.0,1.0,0.0,0,-1.0,1948.0,A01,27,12,2019,18:00,5,76.0,76429,2,1,1.0,6.0,DUPRE. RUE MARCEL,"49,4047000","1,1486800",,76.076429,76429,Seine-Maritime,28.0,Normandie,30.0,4.0,2.0,2,1.0,28,Normandie,76,3,21,LeMesnil-Esnard,7980,353,8333.0,0.0,7,,0.0,1.0,1.0,15.0
201900016709,10.0,3,3,1,5.0,0.0,1.0,3,1.0,1947.0,A01,27,12,2019,18:00,5,76.0,76429,2,1,1.0,6.0,DUPRE. RUE MARCEL,"49,4047000","1,1486800",,76.076429,76429,Seine-Maritime,28.0,Normandie,30.0,4.0,2.0,2,1.0,28,Normandie,76,3,21,LeMesnil-Esnard,7980,353,8333.0,0.0,7,,0.0,1.0,1.0,15.0
201900016913,10.0,3,3,2,2.0,8.0,3.0,3,1.0,2000.0,A01,14,3,2019,08:10,1,76.0,76681,2,1,3.0,7.0,GARIBALDI. RUE,"49,4186000","1,0911000",,76.076681,76681,Seine-Maritime,28.0,Normandie,50.0,4.0,3.0,1,2.0,28,Normandie,76,3,99,Sotteville-lès-Rouen,28965,475,29440.0,0.0,7,,0.0,1.0,1.0,1.0
201900016913,1.0,1,1,1,1.0,1.0,0.0,0,-1.0,1989.0,A01,14,3,2019,08:10,1,76.0,76681,2,1,3.0,7.0,GARIBALDI. RUE,"49,4186000","1,0911000",,76.076681,76681,Seine-Maritime,28.0,Normandie,50.0,4.0,3.0,1,2.0,28,Normandie,76,3,99,Sotteville-lès-Rouen,28965,475,29440.0,0.0,7,,0.0,1.0,1.0,1.0
201900016914,1.0,1,1,1,1.0,1.0,0.0,0,-1.0,1978.0,A01,14,3,2019,07:30,2,76.0,76451,2,1,3.0,7.0,MONT AUX MALADES. AVENUE DU,"49,4575200","1,0827100",,76.076451,76451,Seine-Maritime,28.0,Normandie,50.0,4.0,3.0,2,2.0,28,Normandie,76,3,22,Mont-Saint-Aignan,20066,415,20481.0,0.0,7,,0.0,1.0,1.0,1.0
201900016914,10.0,3,3,2,2.0,8.0,3.0,3,1.0,1994.0,A01,14,3,2019,07:30,2,76.0,76451,2,1,3.0,7.0,MONT AUX MALADES. AVENUE DU,"49,4575200","1,0827100",,76.076451,76451,Seine-Maritime,28.0,Normandie,50.0,4.0,3.0,2,2.0,28,Normandie,76,3,22,Mont-Saint-Aignan,20066,415,20481.0,0.0,7,,0.0,1.0,1.0,1.0
201900016915,10.0,3,2,1,0.0,8.0,3.0,3,1.0,1953.0,A01,13,3,2019,14:30,1,76.0,76498,2,3,1.0,6.0,PREVERT. AVENUE JACQUES,"49,4279200","1,0629000",,76.076498,76498,Seine-Maritime,28.0,Normandie,50.0,4.0,2.0,1,1.0,28,Normandie,76,3,27,LePetit-Quevilly,21782,274,22056.0,0.0,7,,0.0,1.0,2.0,16.0
201900016915,1.0,1,1,1,0.0,1.0,0.0,0,-1.0,1956.0,A01,13,3,2019,14:30,1,76.0,76498,2,3,1.0,6.0,PREVERT. AVENUE JACQUES,"49,4279200","1,0629000",,76.076498,76498,Seine-Maritime,28.0,Normandie,50.0,4.0,2.0,1,1.0,28,Normandie,76,3,27,LePetit-Quevilly,21782,274,22056.0,0.0,7,,0.0,1.0,2.0,16.0
201900016916,10.0,3,3,1,5.0,8.0,8.0,9,1.0,1958.0,A01,13,3,2019,15:00,1,76.0,76681,2,1,1.0,2.0,CITE THUILLIER. RUE,"49,4073500","1,0998400",,76.076681,76681,Seine-Maritime,28.0,Normandie,30.0,5.0,-1.0,1,1.0,28,Normandie,76,3,99,Sotteville-lès-Rouen,28965,475,29440.0,3.0,7,,1.0,1.0,4.0,4.0
201900016916,1.0,1,1,1,5.0,1.0,0.0,0,-1.0,1965.0,A01,13,3,2019,15:00,1,76.0,76681,2,1,1.0,2.0,CITE THUILLIER. RUE,"49,4073500","1,0998400",,76.076681,76681,Seine-Maritime,28.0,Normandie,30.0,5.0,-1.0,1,1.0,28,Normandie,76,3,99,Sotteville-lès-Rouen,28965,475,29440.0,3.0,7,,1.0,1.0,4.0,4.0
201900016917,10.0,3,3,2,0.0,8.0,3.0,3,1.0,1935.0,A01,13,3,2019,10:00,1,76.0,76351,2,2,1.0,7.0,BERNARDIN DE SAINT PIERRE,"49,4900000","0,1053000",,76.076351,76351,Seine-Maritime,28.0,Normandie,50.0,4.0,2.0,2,2.0,28,Normandie,76,2,96,LeHavre,166058,1780,167838.0,1.0,14,,0.0,1.0,3.0,15.0
201900016917,1.0,1,1,1,4.0,1.0,0.0,0,-1.0,1970.0,A01,13,3,2019,10:00,1,76.0,76351,2,2,1.0,7.0,BERNARDIN DE SAINT PIERRE,"49,4900000","0,1053000",,76.076351,76351,Seine-Maritime,28.0,Normandie,50.0,4.0,2.0,2,2.0,28,Normandie,76,2,96,LeHavre,166058,1780,167838.0,1.0,14,,0.0,1.0,3.0,15.0
201900016955,1.0,1,1,1,5.0,1.0,0.0,0,-1.0,1983.0,A01,29,1,2019,21:00,5,76.0,76540,2,1,1.0,6.0,LA FAYETTE. RUE,"49,4327200","1,0897200",,76.076540,76540,Seine-Maritime,28.0,Normandie,50.0,4.0,2.0,2,2.0,28,Normandie,76,3,97,Rouen,114083,1556,115639.0,0.0,7,,0.0,1.0,0.0,1.0
201900016955,10.0,3,4,1,5.0,8.0,1.0,3,1.0,1982.0,A01,29,1,2019,21:00,5,76.0,76540,2,1,1.0,6.0,LA FAYETTE. RUE,"49,4327200","1,0897200",,76.076540,76540,Seine-Maritime,28.0,Normandie,50.0,4.0,2.0,2,2.0,28,Normandie,76,3,97,Rouen,114083,1556,115639.0,0.0,7,,0.0,1.0,0.0,1.0
201900016956,10.0,3,3,2,0.0,8.0,1.0,9,2.0,1985.0,A01,31,1,2019,20:15,5,76.0,76351,2,3,4.0,6.0,FORTINS (DES),"49,5141900","0,1576700",,76.076351,76351,Seine-Maritime,28.0,Normandie,50.0,4.0,2.0,2,5.0,28,Normandie,76,2,96,LeHavre,166058,1780,167838.0,0.0,7,,0.0,1.0,1.0,26.0
201900016956,10.0,3,4,1,0.0,8.0,1.0,9,2.0,1980.0,A01,31,1,2019,20:15,5,76.0,76351,2,3,4.0,6.0,FORTINS (DES),"49,5141900","0,1576700",,76.076351,76351,Seine-Maritime,28.0,Normandie,50.0,4.0,2.0,2,5.0,28,Normandie,76,2,96,LeHavre,166058,1780,167838.0,0.0,7,,0.0,1.0,1.0,26.0
201900016956,1.0,1,1,2,0.0,1.0,0.0,0,-1.0,1958.0,A01,31,1,2019,20:15,5,76.0,76351,2,3,4.0,6.0,FORTINS (DES),"49,5141900","0,1576700",,76.076351,76351,Seine-Maritime,28.0,Normandie,50.0,4.0,2.0,2,5.0,28,Normandie,76,2,96,LeHavre,166058,1780,167838.0,0.0,7,,0.0,1.0,1.0,26.0
201900016957,1.0,1,1,2,3.0,1.0,-1.0,0,-1.0,1968.0,B01,30,1,2019,18:00,2,76.0,76341,2,1,1.0,2.0,OUDALLE (ROUTE D'),"49,5034500","0,2064100",,76.076341,76341,Seine-Maritime,28.0,Normandie,50.0,3.0,2.0,2,1.0,28,Normandie,76,2,15,Harfleur,8315,53,8368.0,1.0,7,,0.0,2.0,3.0,15.0
201900016957,1.0,1,3,1,5.0,2.0,-1.0,0,-1.0,1999.0,A01,30,1,2019,18:00,2,76.0,76341,2,1,1.0,2.0,OUDALLE (ROUTE D'),"49,5034500","0,2064100",,76.076341,76341,Seine-Maritime,28.0,Normandie,50.0,3.0,2.0,2,1.0,28,Normandie,76,2,15,Harfleur,8315,53,8368.0,1.0,31,,0.0,2.0,1.0,17.0
201900016958,10.0,3,3,2,5.0,0.0,2.0,3,1.0,1965.0,A01,1,2,2019,18:30,5,76.0,76217,2,1,1.0,6.0,GRANDE RUE DU POLLET,"49,9274000","1,0871700",,76.076217,76217,Seine-Maritime,28.0,Normandie,50.0,3.0,2.0,2,1.0,28,Normandie,76,1,95,Dieppe,28358,455,28813.0,1.0,32,,0.0,1.0,1.0,2.0
201900016958,1.0,1,1,1,4.0,2.0,0.0,0,-1.0,1999.0,A01,1,2,2019,18:30,5,76.0,76217,2,1,1.0,6.0,GRANDE RUE DU POLLET,"49,9274000","1,0871700",,76.076217,76217,Seine-Maritime,28.0,Normandie,50.0,3.0,2.0,2,1.0,28,Normandie,76,1,95,Dieppe,28358,455,28813.0,1.0,32,,0.0,1.0,1.0,2.0
201900017222,1.0,1,4,2,0.0,2.0,0.0,0,-1.0,1980.0,A01,10,9,2019,21:15,5,76.0,76351,2,2,1.0,7.0,ACACIAS (DES),"49,5091700","0,1409100",,76.076351,76351,Seine-Maritime,28.0,Normandie,50.0,4.0,2.0,2,1.0,28,Normandie,76,2,96,LeHavre,166058,1780,167838.0,0.0,32,,0.0,0.0,3.0,1.0
201900017261,1.0,1,4,1,5.0,2.0,-1.0, -1,-1.0,2006.0,A01,10,9,2019,08:31,1,76.0,76402,2,1,1.0,2.0,PELLERIN. RUE GEORGES,"49,5281600","1,0390700",,76.076402,76402,Seine-Maritime,28.0,Normandie,50.0,3.0,2.0,2,1.0,28,Normandie,76,3,24,Malaunay,6143,49,6192.0,0.0,2,,0.0,2.0,1.0,2.0
201900017261,1.0,1,1,1,1.0,1.0,-1.0, -1,-1.0,1977.0,B01,10,9,2019,08:31,1,76.0,76402,2,1,1.0,2.0,PELLERIN. RUE GEORGES,"49,5281600","1,0390700",,76.076402,76402,Seine-Maritime,28.0,Normandie,50.0,3.0,2.0,2,1.0,28,Normandie,76,3,24,Malaunay,6143,49,6192.0,0.0,7,,0.0,2.0,4.0,2.0
201900017262,2.0,2,1,1,5.0,1.0,-1.0,0,-1.0,1966.0,B01,11,9,2019,00:05,5,76.0,76351,2,6,1.0,3.0,ROUGET DE LISLE (AVENUE) ,"49,5055700","0,1429300",,76.076351,76351,Seine-Maritime,28.0,Normandie,50.0,4.0,2.0,2,1.0,28,Normandie,76,2,96,LeHavre,166058,1780,167838.0,0.0,7,,0.0,2.0,1.0,1.0
201900017262,1.0,1,1,1,0.0,1.0,-1.0, -1,-1.0,1987.0,B01,11,9,2019,00:05,5,76.0,76351,2,6,1.0,3.0,ROUGET DE LISLE (AVENUE) ,"49,5055700","0,1429300",,76.076351,76351,Seine-Maritime,28.0,Normandie,50.0,4.0,2.0,2,1.0,28,Normandie,76,2,96,LeHavre,166058,1780,167838.0,0.0,7,,0.0,2.0,1.0,1.0
201900017262,1.0,1,4,1,0.0,1.0,-1.0, -1,-1.0,1997.0,A01,11,9,2019,00:05,5,76.0,76351,2,6,1.0,3.0,ROUGET DE LISLE (AVENUE) ,"49,5055700","0,1429300",,76.076351,76351,Seine-Maritime,28.0,Normandie,50.0,4.0,2.0,2,1.0,28,Normandie,76,2,96,LeHavre,166058,1780,167838.0,0.0,7,,0.0,2.0,7.0,1.0
201900017263,1.0,1,1,2,5.0,1.0,0.0,0,-1.0,1934.0,A01,10,9,2019,10:20,1,76.0,76351,2,2,1.0,6.0,FREDERIC BELLANGER,"49,4956000","0,0966800",,76.076351,76351,Seine-Maritime,28.0,Normandie,50.0,4.0,2.0,2,1.0,28,Normandie,76,2,96,LeHavre,166058,1780,167838.0,0.0,7,,0.0,1.0,1.0,1.0
201900017263,10.0,3,3,2,5.0,8.0,3.0,3,1.0,1931.0,A01,10,9,2019,10:20,1,76.0,76351,2,2,1.0,6.0,FREDERIC BELLANGER,"49,4956000","0,0966800",,76.076351,76351,Seine-Maritime,28.0,Normandie,50.0,4.0,2.0,2,1.0,28,Normandie,76,2,96,LeHavre,166058,1780,167838.0,0.0,7,,0.0,1.0,1.0,1.0
201900017554,7.0,2,3,1,5.0,1.0,0.0,0,-1.0,1934.0,A01,21,4,2019,15:45,1,76.0,76305,1,1,1.0,7.0,AUTOROUTE A131- PK 31+200,"49,4952094","0,2477694",,76.076305,76305,Seine-Maritime,28.0,Normandie,130.0,1.0,3.0,4,1.0,28,Normandie,76,2,16,Gonfreville-l'Orcher,8961,44,9005.0,2.0,7,,4.0,0.0,1.0,1.0
201900017554,2.0,2,3,2,5.0,1.0,0.0,0,-1.0,1986.0,A01,21,4,2019,15:45,1,76.0,76305,1,1,1.0,7.0,AUTOROUTE A131- PK 31+200,"49,4952094","0,2477694",,76.076305,76305,Seine-Maritime,28.0,Normandie,130.0,1.0,3.0,4,1.0,28,Normandie,76,2,16,Gonfreville-l'Orcher,8961,44,9005.0,2.0,7,,4.0,0.0,1.0,1.0
201900017554,1.0,1,4,1,5.0,1.0,0.0,0,-1.0,1959.0,A01,21,4,2019,15:45,1,76.0,76305,1,1,1.0,7.0,AUTOROUTE A131- PK 31+200,"49,4952094","0,2477694",,76.076305,76305,Seine-Maritime,28.0,Normandie,130.0,1.0,3.0,4,1.0,28,Normandie,76,2,16,Gonfreville-l'Orcher,8961,44,9005.0,2.0,7,,4.0,0.0,1.0,1.0
201900017775,1.0,1,1,1,0.0,1.0,0.0,0,-1.0,1997.0,A01,2,8,2019,08:05,1,76.0,76319,1,1,1.0,3.0,CD 13,"49,3677300","1,0148200",,76.076319,76319,Seine-Maritime,28.0,Normandie,70.0,3.0,2.0,2,1.0,28,Normandie,76,3,9,Grand-Couronne,9726,177,9903.0,1.0,7,,0.0,2.0,2.0,15.0
201900017775,1.0,1,4,1,0.0,2.0,0.0,0,-1.0,1974.0,B01,2,8,2019,08:05,1,76.0,76319,1,1,1.0,3.0,CD 13,"49,3677300","1,0148200",,76.076319,76319,Seine-Maritime,28.0,Normandie,70.0,3.0,2.0,2,1.0,28,Normandie,76,3,9,Grand-Couronne,9726,177,9903.0,2.0,2,,0.0,2.0,1.0,0.0
201900017776,1.0,1,4,2,5.0,1.0,-1.0,0,-1.0,1995.0,D01,1,8,2019,22:15,2,76.0,76540,1,1,1.0,5.0,ROCADE Nord-Est,"49,4389400","1,1150500",,76.076540,76540,Seine-Maritime,28.0,Normandie,70.0,2.0,3.0,4,1.0,28,Normandie,76,3,97,Rouen,114083,1556,115639.0,2.0,7,,0.0,2.0,1.0,1.0
201900017776,1.0,1,4,2,5.0,1.0,-1.0,0,-1.0,1992.0,C01,1,8,2019,22:15,2,76.0,76540,1,1,1.0,5.0,ROCADE Nord-Est,"49,4389400","1,1150500",,76.076540,76540,Seine-Maritime,28.0,Normandie,70.0,2.0,3.0,4,1.0,28,Normandie,76,3,97,Rouen,114083,1556,115639.0,2.0,7,,0.0,2.0,4.0,1.0
201900017776,1.0,1,1,2,5.0,1.0,-1.0,0,-1.0,1998.0,B01,1,8,2019,22:15,2,76.0,76540,1,1,1.0,5.0,ROCADE Nord-Est,"49,4389400","1,1150500",,76.076540,76540,Seine-Maritime,28.0,Normandie,70.0,2.0,3.0,4,1.0,28,Normandie,76,3,97,Rouen,114083,1556,115639.0,2.0,7,,0.0,2.0,3.0,1.0
201900017776,1.0,1,1,1,5.0,1.0,-1.0,0,-1.0,1998.0,A01,1,8,2019,22:15,2,76.0,76540,1,1,1.0,5.0,ROCADE Nord-Est,"49,4389400","1,1150500",,76.076540,76540,Seine-Maritime,28.0,Normandie,70.0,2.0,3.0,4,1.0,28,Normandie,76,3,97,Rouen,114083,1556,115639.0,2.0,7,,0.0,2.0,7.0,17.0
201900017777,1.0,1,3,1,0.0,2.0,0.0,0,-1.0,1997.0,A01,31,7,2019,15:25,1,76.0,76351,2,1,1.0,2.0,ARISTIDE BRIAND,"49,5002500","0,1355700",,76.076351,76351,Seine-Maritime,28.0,Normandie,50.0,3.0,2.0,2,1.0,28,Normandie,76,2,96,LeHavre,166058,1780,167838.0,1.0,33,,0.0,2.0,1.0,2.0
201900017777,1.0,1,1,1,0.0,1.0,0.0,0,-1.0,1964.0,B01,31,7,2019,15:25,1,76.0,76351,2,1,1.0,2.0,ARISTIDE BRIAND,"49,5002500","0,1355700",,76.076351,76351,Seine-Maritime,28.0,Normandie,50.0,3.0,2.0,2,1.0,28,Normandie,76,2,96,LeHavre,166058,1780,167838.0,1.0,7,,0.0,2.0,5.0,2.0
201900017778,1.0,1,1,1,0.0,8.0,0.0,0,-1.0,1985.0,A01,30,7,2019,15:30,1,76.0,76351,2,1,1.0,6.0,ARISTIDE BRIAND,"49,5003300","0,1354000",,76.076351,76351,Seine-Maritime,28.0,Normandie,50.0,3.0,2.0,2,1.0,28,Normandie,76,2,96,LeHavre,166058,1780,167838.0,1.0,1,,0.0,1.0,0.0,25.0
201900017778,10.0,3,4,1,0.0,0.0,5.0,B,1.0,1961.0,A01,30,7,2019,15:30,1,76.0,76351,2,1,1.0,6.0,ARISTIDE BRIAND,"49,5003300","0,1354000",,76.076351,76351,Seine-Maritime,28.0,Normandie,50.0,3.0,2.0,2,1.0,28,Normandie,76,2,96,LeHavre,166058,1780,167838.0,1.0,1,,0.0,1.0,0.0,25.0
201900017779,10.0,3,1,2,5.0,8.0,3.0,3,1.0,1956.0,A01,3,8,2019,14:25,1,76.0,76217,2,1,1.0,2.0,DUQUESNE (QUAI),"49,9255300","1,0803400",,76.076217,76217,Seine-Maritime,28.0,Normandie,30.0,4.0,2.0,3,1.0,28,Normandie,76,1,95,Dieppe,28358,455,28813.0,2.0,7,,0.0,2.0,1.0,2.0
201900017779,2.0,2,4,1,5.0,1.0,0.0,0,-1.0,2011.0,A01,3,8,2019,14:25,1,76.0,76217,2,1,1.0,2.0,DUQUESNE (QUAI),"49,9255300","1,0803400",,76.076217,76217,Seine-Maritime,28.0,Normandie,30.0,4.0,2.0,3,1.0,28,Normandie,76,1,95,Dieppe,28358,455,28813.0,2.0,7,,0.0,2.0,1.0,2.0
201900017779,1.0,1,1,2,5.0,1.0,0.0,0,-1.0,1982.0,A01,3,8,2019,14:25,1,76.0,76217,2,1,1.0,2.0,DUQUESNE (QUAI),"49,9255300","1,0803400",,76.076217,76217,Seine-Maritime,28.0,Normandie,30.0,4.0,2.0,3,1.0,28,Normandie,76,1,95,Dieppe,28358,455,28813.0,2.0,7,,0.0,2.0,1.0,2.0
201900017779,1.0,1,4,1,5.0,1.0,0.0,0,-1.0,1965.0,B01,3,8,2019,14:25,1,76.0,76217,2,1,1.0,2.0,DUQUESNE (QUAI),"49,9255300","1,0803400",,76.076217,76217,Seine-Maritime,28.0,Normandie,30.0,4.0,2.0,3,1.0,28,Normandie,76,1,95,Dieppe,28358,455,28813.0,2.0,7,,0.0,1.0,4.0,2.0
201900017779,3.0,2,1,1,5.0,1.0,0.0,0,-1.0,1997.0,B01,3,8,2019,14:25,1,76.0,76217,2,1,1.0,2.0,DUQUESNE (QUAI),"49,9255300","1,0803400",,76.076217,76217,Seine-Maritime,28.0,Normandie,30.0,4.0,2.0,3,1.0,28,Normandie,76,1,95,Dieppe,28358,455,28813.0,2.0,7,,0.0,1.0,4.0,2.0
201900017779,4.0,2,1,2,5.0,1.0,0.0,0,-1.0,1996.0,B01,3,8,2019,14:25,1,76.0,76217,2,1,1.0,2.0,DUQUESNE (QUAI),"49,9255300","1,0803400",,76.076217,76217,Seine-Maritime,28.0,Normandie,30.0,4.0,2.0,3,1.0,28,Normandie,76,1,95,Dieppe,28358,455,28813.0,2.0,7,,0.0,1.0,4.0,2.0
201900017779,2.0,2,1,1,5.0,1.0,0.0,0,-1.0,1966.0,B01,3,8,2019,14:25,1,76.0,76217,2,1,1.0,2.0,DUQUESNE (QUAI),"49,9255300","1,0803400",,76.076217,76217,Seine-Maritime,28.0,Normandie,30.0,4.0,2.0,3,1.0,28,Normandie,76,1,95,Dieppe,28358,455,28813.0,2.0,7,,0.0,1.0,4.0,2.0
201900017926,1.0,1,1,2,0.0,1.0,0.0,0,-1.0,1963.0,B01,3,7,2019,18:30,1,76.0,76196,2,3,1.0,3.0,Route de Vergetot,"49,6410000","0,2670000",,76.076196,76196,Seine-Maritime,28.0,Normandie,50.0,3.0,2.0,2,1.0,28,Normandie,76,2,26,Criquetot-l'Esneval,2567,82,2649.0,1.0,7,,0.0,2.0,1.0,15.0
201900017926,1.0,1,3,1,0.0,2.0,0.0,0,-1.0,1975.0,A01,3,7,2019,18:30,1,76.0,76196,2,3,1.0,3.0,Route de Vergetot,"49,6410000","0,2670000",,76.076196,76196,Seine-Maritime,28.0,Normandie,50.0,3.0,2.0,2,1.0,28,Normandie,76,2,26,Criquetot-l'Esneval,2567,82,2649.0,1.0,31,,0.0,0.0,8.0,15.0
201900017927,1.0,1,1,1,5.0,1.0,0.0,0,-1.0,1945.0,A01,3,7,2019,10:25,1,76.0,76593,1,1,7.0,6.0,Route du Petit Bec,"49,5802550","0,4416380",,76.076593,76593,Seine-Maritime,28.0,Normandie,80.0,4.0,2.0,2,1.0,28,Normandie,76,2,3,Saint-Jean-de-la-NeuvilLe662,12,674,,2.0,7,,0.0,1.0,1.0,2.0