Num_Acc,place,catu,grav,sexe,trajet,secu,locp,actp,etatp,an_nais,num_veh,jour,mois,an,hrmn,lum,dep,com,agg,int,atm,col,adr,lat,long,gps,com_insee_temp,com_insee,departmentName,regionCode,regionName,vma,catr,circ,nbv,surf,Code,Region,Departement,Arrondissement,Code_Canton,Nom_Commune,Population_municipaLe,Population_comptee_a_part,Population_Totale,senc,catv,occutc,obs,obsm,choc,manv
201900017927,10.0,3,4,2,5.0,0.0,1.0,5,2.0,2003.0,A01,3,7,2019,10:25,1,76.0,76593,1,1,7.0,6.0,Route du Petit Bec,"49,5802550","0,4416380",,76.076593,76593,Seine-Maritime,28.0,Normandie,80.0,4.0,2.0,2,1.0,28,Normandie,76,2,3,Saint-Jean-de-la-NeuvilLe662,12,674,,2.0,7,,0.0,1.0,1.0,2.0
201900017973,1.0,1,3,1,0.0,2.0,0.0,0,-1.0,1994.0,B01,2,7,2019,07:05,1,76.0,76743,2,3,7.0,3.0,Route de Duclair,"49,5290612","0,9345619",,76.076743,76743,Seine-Maritime,28.0,Normandie,30.0,3.0,2.0,2,1.0,28,Normandie,76,3,1,Villers-ÉcalLes1734,12,1746,,0.0,33,,0.0,2.0,2.0,17.0
201900017973,1.0,1,1,2,1.0,1.0,0.0,0,-1.0,1971.0,A01,2,7,2019,07:05,1,76.0,76743,2,3,7.0,3.0,Route de Duclair,"49,5290612","0,9345619",,76.076743,76743,Seine-Maritime,28.0,Normandie,30.0,3.0,2.0,2,1.0,28,Normandie,76,3,1,Villers-ÉcalLes1734,12,1746,,0.0,7,,0.0,2.0,8.0,15.0
201900018233,1.0,1,1,1,5.0,1.0,-1.0, -1,-1.0,1980.0,A01,16,11,2019,22:30,5,76.0,76351,2,2,1.0,3.0,REPUBLIQUE (COURS DE LA),"49,4997400","0,1299200",,76.076351,76351,Seine-Maritime,28.0,Normandie,50.0,4.0,2.0,4,1.0,28,Normandie,76,2,96,LeHavre,166058,1780,167838.0,1.0,7,,0.0,2.0,1.0,15.0
201900018233,2.0,2,4,1,5.0,2.0,-1.0, -1,-1.0,1992.0,B01,16,11,2019,22:30,5,76.0,76351,2,2,1.0,3.0,REPUBLIQUE (COURS DE LA),"49,4997400","0,1299200",,76.076351,76351,Seine-Maritime,28.0,Normandie,50.0,4.0,2.0,4,1.0,28,Normandie,76,2,96,LeHavre,166058,1780,167838.0,2.0,31,,0.0,2.0,8.0,1.0
201900018233,1.0,1,4,1,5.0,2.0,-1.0, -1,-1.0,1987.0,B01,16,11,2019,22:30,5,76.0,76351,2,2,1.0,3.0,REPUBLIQUE (COURS DE LA),"49,4997400","0,1299200",,76.076351,76351,Seine-Maritime,28.0,Normandie,50.0,4.0,2.0,4,1.0,28,Normandie,76,2,96,LeHavre,166058,1780,167838.0,2.0,31,,0.0,2.0,8.0,1.0
201900018234,1.0,1,1,2,5.0,1.0,-1.0,0,-1.0,1934.0,A01,15,11,2019,15:45,1,76.0,76447,2,3,1.0,6.0,PRESIDENT WILSON,"49,5430000","0,1819000",,76.076447,76447,Seine-Maritime,28.0,Normandie,50.0,3.0,2.0,3,3.0,28,Normandie,76,2,15,Montivilliers,15457,203,15660.0,1.0,7,,0.0,1.0,7.0,1.0
201900018234,10.0,3,4,2,5.0,0.0,3.0,3,1.0,1955.0,A01,15,11,2019,15:45,1,76.0,76447,2,3,1.0,6.0,PRESIDENT WILSON,"49,5430000","0,1819000",,76.076447,76447,Seine-Maritime,28.0,Normandie,50.0,3.0,2.0,3,3.0,28,Normandie,76,2,15,Montivilliers,15457,203,15660.0,1.0,7,,0.0,1.0,7.0,1.0
201900018235,2.0,2,3,1,4.0,1.0,0.0,0,-1.0,1995.0,A01,17,11,2019,05:00,5,76.0,76351,1,1,1.0,6.0,CHRISTOPHE COLOMB (AVENUE),"49,4810000","0,1506000",,76.076351,76351,Seine-Maritime,28.0,Normandie,70.0,4.0,3.0,4,1.0,28,Normandie,76,2,96,LeHavre,166058,1780,167838.0,0.0,7,,8.0,0.0,2.0,13.0
201900018235,1.0,1,4,1,5.0,1.0,0.0,0,-1.0,1991.0,A01,17,11,2019,05:00,5,76.0,76351,1,1,1.0,6.0,CHRISTOPHE COLOMB (AVENUE),"49,4810000","0,1506000",,76.076351,76351,Seine-Maritime,28.0,Normandie,70.0,4.0,3.0,4,1.0,28,Normandie,76,2,96,LeHavre,166058,1780,167838.0,0.0,7,,8.0,0.0,2.0,13.0
201900018236,1.0,1,3,2,0.0,1.0,-1.0, -1,-1.0,1977.0,A01,17,11,2019,10:25,1,76.0,76447,1,1,1.0,6.0,RD 489,"49,5337400","0,1889300",,76.076447,76447,Seine-Maritime,28.0,Normandie,70.0,3.0,3.0,4,1.0,28,Normandie,76,2,15,Montivilliers,15457,203,15660.0,1.0,7,,4.0,0.0,0.0,0.0
201900018338,1.0,1,1,2,0.0,1.0,0.0,0,-1.0,1951.0,A01,18,11,2019,17:30,5,76.0,76255,2,3,1.0,6.0,Boulevard Faidherbe,"50,0508900","1,4229570",,76.076255,76255,Seine-Maritime,28.0,Normandie,50.0,3.0,2.0,2,1.0,28,Normandie,76,1,10,Eu,6591,197,6788.0,1.0,7,,0.0,1.0,1.0,1.0
201900018338,10.0,3,4,2,2.0,0.0,2.0,3,1.0,2004.0,A01,18,11,2019,17:30,5,76.0,76255,2,3,1.0,6.0,Boulevard Faidherbe,"50,0508900","1,4229570",,76.076255,76255,Seine-Maritime,28.0,Normandie,50.0,3.0,2.0,2,1.0,28,Normandie,76,1,10,Eu,6591,197,6788.0,1.0,7,,0.0,1.0,1.0,1.0
201900018637,10.0,3,3,2,5.0,0.0,4.0,3,1.0,1947.0,Z01,26,12,2019,20:30,5,76.0,76231,2,1,2.0,6.0,GARE. RUE DE LA,"49,2814200","1,0072600",,76.076231,76231,Seine-Maritime,28.0,Normandie,50.0,4.0,2.0,2,2.0,28,Normandie,76,3,9,Elbeuf,15951,138,16089.0,0.0,7,,0.0,1.0,1.0,1.0
201900018730,1.0,1,3,1,4.0,1.0,0.0,0,-1.0,1994.0,B01,28,12,2019,10:50,1,76.0,76169,1,1,1.0,3.0,A 131 . PK 017.500,"49,4886460","0,4300120",,76.076169,76169,Seine-Maritime,28.0,Normandie,130.0,1.0,3.0,4,1.0,28,Normandie,76,2,32,La Cerlangue,1297,116,1413.0,1.0,15,,0.0,0.0,3.0,1.0
201900018730,1.0,1,1,1,5.0,1.0,0.0,0,-1.0,1961.0,A01,28,12,2019,10:50,1,76.0,76169,1,1,1.0,3.0,A 131 . PK 017.500,"49,4886460","0,4300120",,76.076169,76169,Seine-Maritime,28.0,Normandie,130.0,1.0,3.0,4,1.0,28,Normandie,76,2,32,La Cerlangue,1297,116,1413.0,1.0,7,,0.0,2.0,2.0,14.0
201900018730,2.0,2,1,2,5.0,1.0,0.0,0,-1.0,1966.0,A01,28,12,2019,10:50,1,76.0,76169,1,1,1.0,3.0,A 131 . PK 017.500,"49,4886460","0,4300120",,76.076169,76169,Seine-Maritime,28.0,Normandie,130.0,1.0,3.0,4,1.0,28,Normandie,76,2,32,La Cerlangue,1297,116,1413.0,1.0,7,,0.0,2.0,2.0,14.0
201900018730,7.0,2,1,1,5.0,1.0,0.0,0,-1.0,1995.0,A01,28,12,2019,10:50,1,76.0,76169,1,1,1.0,3.0,A 131 . PK 017.500,"49,4886460","0,4300120",,76.076169,76169,Seine-Maritime,28.0,Normandie,130.0,1.0,3.0,4,1.0,28,Normandie,76,2,32,La Cerlangue,1297,116,1413.0,1.0,7,,0.0,2.0,2.0,14.0
201900019108,1.0,1,3,1,5.0,1.0,0.0,0,-1.0,1989.0,A01,7,9,2019,07:20,1,76.0,76351,2,1,1.0,6.0,DOCTEUR PIASCEKI,"49,4944900","0,1422300",,76.076351,76351,Seine-Maritime,28.0,Normandie,50.0,4.0,2.0,2,2.0,28,Normandie,76,2,96,LeHavre,166058,1780,167838.0,0.0,7,,15.0,0.0,3.0,13.0
201900019170,1.0,1,4,1,5.0,2.0,0.0,0,-1.0,1994.0,A01,12,10,2019,22:16,5,76.0,76259,2,1,9.0,7.0,COUTURIER ( RUE GUSTAVE),"49,7538600","0,3851400",,76.076259,76259,Seine-Maritime,28.0,Normandie,50.0,4.0,2.0,2,1.0,28,Normandie,76,2,11,Fécamp,18016,269,18285.0,2.0,31,,0.0,0.0,7.0,26.0
201900019420,1.0,1,4,1,1.0,1.0,0.0,0,-1.0,1999.0,A01,25,4,2019,05:50,3,76.0,76295,1,3,3.0,1.0,D156,"49,6266449","1,6267943",,76.076295,76295,Seine-Maritime,28.0,Normandie,80.0,3.0,2.0,2,2.0,28,Normandie,76,1,12,Gaillefontaine,1183,13,1196.0,1.0,7,,0.0,2.0,1.0,0.0
201900019420,1.0,1,1,2,2.0,1.0,0.0,0,-1.0,1968.0,B01,25,4,2019,05:50,3,76.0,76295,1,3,3.0,1.0,D156,"49,6266449","1,6267943",,76.076295,76295,Seine-Maritime,28.0,Normandie,80.0,3.0,2.0,2,2.0,28,Normandie,76,1,12,Gaillefontaine,1183,13,1196.0,2.0,7,,0.0,2.0,2.0,23.0
201900019420,2.0,2,4,2,2.0,1.0,0.0,0,-1.0,2007.0,B01,25,4,2019,05:50,3,76.0,76295,1,3,3.0,1.0,D156,"49,6266449","1,6267943",,76.076295,76295,Seine-Maritime,28.0,Normandie,80.0,3.0,2.0,2,2.0,28,Normandie,76,1,12,Gaillefontaine,1183,13,1196.0,2.0,7,,0.0,2.0,2.0,23.0
201900019421,1.0,1,3,1,1.0,2.0,0.0,0,-1.0,1981.0,A01,24,4,2019,08:10,1,76.0,76276,2,1,2.0,7.0,20 Rue du Chant des Oiseaux,"49,6098170","1,5478010",,76.076276,76276,Seine-Maritime,28.0,Normandie,50.0,4.0,2.0,2,2.0,28,Normandie,76,1,12,Forges-les-Eaux,3702,157,3859.0,2.0,33,,0.0,0.0,7.0,1.0
201900019512,1.0,1,1,1,0.0,1.0,-1.0,0,-1.0,1984.0,A01,29,6,2019,20:10,1,76.0,76351,2,1,1.0,6.0,GEORGES BRAQUE (RUE),"49,4952100","0,1038900",,76.076351,76351,Seine-Maritime,28.0,Normandie,50.0,4.0,2.0,4,1.0,28,Normandie,76,2,96,LeHavre,166058,1780,167838.0,2.0,7,,0.0,1.0,1.0,1.0
201900019512,10.0,3,3,2,5.0,8.0,3.0,3,1.0,1959.0,A01,29,6,2019,20:10,1,76.0,76351,2,1,1.0,6.0,GEORGES BRAQUE (RUE),"49,4952100","0,1038900",,76.076351,76351,Seine-Maritime,28.0,Normandie,50.0,4.0,2.0,4,1.0,28,Normandie,76,2,96,LeHavre,166058,1780,167838.0,2.0,7,,0.0,1.0,1.0,1.0
201900019857,1.0,1,3,1,1.0,2.0,0.0,0,-1.0,1968.0,A01,3,8,2019,10:30,1,76.0,76123,1,1,1.0,7.0,Route de Dieppe,"49,5401610","1,1483530",,76.076123,76123,Seine-Maritime,28.0,Normandie,80.0,3.0,2.0,2,1.0,28,Normandie,76,3,2,Bosc-Guérard-Saint-Adrien,1070,30,1100.0,2.0,33,,0.0,0.0,8.0,1.0
201900020710,2.0,2,1,1,0.0,1.0,0.0,0,-1.0,1998.0,B01,19,1,2019,07:00,5,76.0,76484,1,6,1.0,6.0,CD 18E,"49,3461300","1,0772100",,76.076484,76484,Seine-Maritime,28.0,Normandie,90.0,3.0,3.0,0,1.0,28,Normandie,76,3,31,Oissel,12367,83,12450.0,0.0,7,,0.0,0.0,3.0,0.0
201900020710,4.0,2,1,1,0.0,1.0,0.0,0,-1.0,1994.0,B01,19,1,2019,07:00,5,76.0,76484,1,6,1.0,6.0,CD 18E,"49,3461300","1,0772100",,76.076484,76484,Seine-Maritime,28.0,Normandie,90.0,3.0,3.0,0,1.0,28,Normandie,76,3,31,Oissel,12367,83,12450.0,0.0,7,,0.0,0.0,3.0,0.0
201900020710,3.0,2,4,1,0.0,1.0,0.0,0,-1.0,1999.0,B01,19,1,2019,07:00,5,76.0,76484,1,6,1.0,6.0,CD 18E,"49,3461300","1,0772100",,76.076484,76484,Seine-Maritime,28.0,Normandie,90.0,3.0,3.0,0,1.0,28,Normandie,76,3,31,Oissel,12367,83,12450.0,0.0,7,,0.0,0.0,3.0,0.0
201900020710,3.0,2,1,1,0.0,1.0,0.0,0,-1.0,1998.0,A01,19,1,2019,07:00,5,76.0,76484,1,6,1.0,6.0,CD 18E,"49,3461300","1,0772100",,76.076484,76484,Seine-Maritime,28.0,Normandie,90.0,3.0,3.0,0,1.0,28,Normandie,76,3,31,Oissel,12367,83,12450.0,3.0,7,,0.0,0.0,3.0,0.0
201900020710,2.0,2,1,1,0.0,1.0,0.0,0,-1.0,1998.0,A01,19,1,2019,07:00,5,76.0,76484,1,6,1.0,6.0,CD 18E,"49,3461300","1,0772100",,76.076484,76484,Seine-Maritime,28.0,Normandie,90.0,3.0,3.0,0,1.0,28,Normandie,76,3,31,Oissel,12367,83,12450.0,3.0,7,,0.0,0.0,3.0,0.0
201900020710,4.0,2,4,1,0.0,1.0,0.0,0,-1.0,1997.0,A01,19,1,2019,07:00,5,76.0,76484,1,6,1.0,6.0,CD 18E,"49,3461300","1,0772100",,76.076484,76484,Seine-Maritime,28.0,Normandie,90.0,3.0,3.0,0,1.0,28,Normandie,76,3,31,Oissel,12367,83,12450.0,3.0,7,,0.0,0.0,3.0,0.0
201900020758,1.0,1,3,1,0.0,2.0,-1.0,0,-1.0,1988.0,A01,27,1,2019,03:30,5,76.0,76640,2,1,1.0,7.0,LOUVIERS. RUE DE,"49,2710400","1,0422200",,76.076640,76640,Seine-Maritime,28.0,Normandie,50.0,3.0,-1.0,2,1.0,28,Normandie,76,3,5,Saint-Pierre-lès-Elbeuf,8285,87,8372.0,3.0,33,,11.0,0.0,1.0,0.0
201900020759,1.0,1,1,1,0.0,1.0,0.0,0,-1.0,1993.0,A01,23,1,2019,16:53,2,76.0,76178,2,1,1.0,6.0,TOURVILLE. ROUTE DE (CD 7),"49,3064200","1,0267700",,76.076178,76178,Seine-Maritime,28.0,Normandie,50.0,3.0,2.0,4,1.0,28,Normandie,76,3,5,Cléon,4907,30,4937.0,2.0,7,,0.0,1.0,1.0,0.0
201900020759,10.0,3,3,1,0.0,8.0,3.0,3,2.0,2014.0,A01,23,1,2019,16:53,2,76.0,76178,2,1,1.0,6.0,TOURVILLE. ROUTE DE (CD 7),"49,3064200","1,0267700",,76.076178,76178,Seine-Maritime,28.0,Normandie,50.0,3.0,2.0,4,1.0,28,Normandie,76,3,5,Cléon,4907,30,4937.0,2.0,7,,0.0,1.0,1.0,0.0
201900020760,1.0,1,4,2,5.0,1.0,0.0,0,-1.0,1962.0,A01,29,1,2019,12:20,1,76.0,76681,2,3,1.0,3.0,4 MARES. GRANDE RUE DE,"49,4037700","1,1033800",,76.076681,76681,Seine-Maritime,28.0,Normandie,50.0,3.0,2.0,2,1.0,28,Normandie,76,3,99,Sotteville-lès-Rouen,28965,475,29440.0,0.0,7,,2.0,2.0,5.0,19.0
201900020760,1.0,1,1,1,1.0,1.0,0.0,0,-1.0,1987.0,B01,29,1,2019,12:20,1,76.0,76681,2,3,1.0,3.0,4 MARES. GRANDE RUE DE,"49,4037700","1,1033800",,76.076681,76681,Seine-Maritime,28.0,Normandie,50.0,3.0,2.0,2,1.0,28,Normandie,76,3,99,Sotteville-lès-Rouen,28965,475,29440.0,0.0,7,,0.0,2.0,1.0,1.0
201900020761,10.0,3,3,1,1.0,8.0,3.0,3,1.0,1962.0,Z01,29,1,2019,08:05,5,76.0,76540,2,1,1.0,7.0,DUPUIS. RUE ALBERT,"49,4542400","1,1275100",,76.076540,76540,Seine-Maritime,28.0,Normandie,50.0,4.0,2.0,2,1.0,28,Normandie,76,3,97,Rouen,114083,1556,115639.0,0.0,7,,0.0,1.0,1.0,0.0
201900020762,1.0,1,4,2,0.0,1.0,0.0,0,-1.0,1999.0,A01,30,1,2019,02:20,5,76.0,76351,2,3,1.0,6.0,HOTEL DE VILLE (PLACE DE),"49,4923600","0,1092300",,76.076351,76351,Seine-Maritime,28.0,Normandie,50.0,4.0,1.0,2,2.0,28,Normandie,76,2,96,LeHavre,166058,1780,167838.0,0.0,7,,8.0,0.0,1.0,14.0
201900020763,10.0,3,4,2,5.0,8.0,3.0,3,1.0,1929.0,A01,29,1,2019,11:40,1,76.0,76447,2,3,1.0,6.0,BONVOISIN,"49,5455600","0,1921700",,76.076447,76447,Seine-Maritime,28.0,Normandie,30.0,4.0,1.0,1,2.0,28,Normandie,76,2,15,Montivilliers,15457,203,15660.0,0.0,7,,0.0,1.0,1.0,1.0
201900020763,1.0,1,1,1,0.0,8.0,-1.0,0,-1.0,1957.0,A01,29,1,2019,11:40,1,76.0,76447,2,3,1.0,6.0,BONVOISIN,"49,5455600","0,1921700",,76.076447,76447,Seine-Maritime,28.0,Normandie,30.0,4.0,1.0,1,2.0,28,Normandie,76,2,15,Montivilliers,15457,203,15660.0,0.0,7,,0.0,1.0,1.0,1.0
201900020764,1.0,1,4,1,0.0,2.0,0.0,0,-1.0,2003.0,A01,29,1,2019,09:05,1,76.0,76351,2,2,2.0,1.0,CAVEE VERTE (RUE DE LA),"49,5021100","0,1034900",,76.076351,76351,Seine-Maritime,28.0,Normandie,50.0,3.0,2.0,2,2.0,28,Normandie,76,2,96,LeHavre,166058,1780,167838.0,3.0,1,,0.0,2.0,0.0,1.0
201900020764,1.0,1,1,2,0.0,1.0,0.0,0,-1.0,1930.0,B01,29,1,2019,09:05,1,76.0,76351,2,2,2.0,1.0,CAVEE VERTE (RUE DE LA),"49,5021100","0,1034900",,76.076351,76351,Seine-Maritime,28.0,Normandie,50.0,3.0,2.0,2,2.0,28,Normandie,76,2,96,LeHavre,166058,1780,167838.0,3.0,7,,0.0,2.0,0.0,1.0
201900020839,9.0,2,2,1,5.0,0.0,0.0,0,-1.0,1999.0,A01,13,10,2019,05:34,3,76.0,76201,1,6,1.0,7.0,N31,"49,4553260","1,3905280",,76.076201,76201,Seine-Maritime,28.0,Normandie,30.0,2.0,-1.0,2,2.0,28,Normandie,76,1,12,Croisy-sur-AndelLe524,4,528,,2.0,7,,12.0,0.0,2.0,26.0
201900020839,2.0,2,3,1,5.0,1.0,0.0,0,-1.0,1996.0,A01,13,10,2019,05:34,3,76.0,76201,1,6,1.0,7.0,N31,"49,4553260","1,3905280",,76.076201,76201,Seine-Maritime,28.0,Normandie,30.0,2.0,-1.0,2,2.0,28,Normandie,76,1,12,Croisy-sur-AndelLe524,4,528,,2.0,7,,12.0,0.0,2.0,26.0
201900020839,2.0,2,3,1,5.0,1.0,0.0,0,-1.0,1996.0,A01,13,10,2019,05:34,3,76.0,76201,1,6,1.0,7.0,N31,"49,4553260","1,3905280",,76.076201,76201,Seine-Maritime,28.0,Normandie,30.0,2.0,-1.0,2,2.0,28,Normandie,76,1,12,Croisy-sur-AndelLe524,4,528,,2.0,7,,12.0,0.0,2.0,26.0
201900020839,1.0,1,3,1,5.0,0.0,0.0,0,-1.0,1995.0,A01,13,10,2019,05:34,3,76.0,76201,1,6,1.0,7.0,N31,"49,4553260","1,3905280",,76.076201,76201,Seine-Maritime,28.0,Normandie,30.0,2.0,-1.0,2,2.0,28,Normandie,76,1,12,Croisy-sur-AndelLe524,4,528,,2.0,7,,12.0,0.0,2.0,26.0
201900021049,1.0,1,2,1,0.0,0.0,0.0,0,-1.0,1963.0,A01,10,9,2019,22:20,3,76.0,76488,1,1,1.0,6.0,départemantale 71,"49,7821750","0,5944430",,76.076488,76488,Seine-Maritime,28.0,Normandie,80.0,3.0,2.0,2,1.0,28,Normandie,76,1,33,OuainvilLe527,12,539,,1.0,7,,0.0,0.0,7.0,13.0
201900021119,1.0,1,4,1,5.0,1.0,-1.0, -1,-1.0,1982.0,A01,6,9,2019,22:30,5,76.0,76540,2,1,1.0,6.0,BRETAGNE. AVENUE DE,"49,4314600","1,0821700",,76.076540,76540,Seine-Maritime,28.0,Normandie,50.0,3.0,3.0,4,1.0,28,Normandie,76,3,97,Rouen,114083,1556,115639.0,2.0,7,,6.0,0.0,1.0,14.0
201900021120,1.0,1,3,1,5.0,1.0,-1.0, -1,-1.0,1957.0,B01,8,9,2019,16:15,1,76.0,76329,1,1,1.0,1.0,FONTAINE MUREE,"49,5406500","0,5118700",,76.076329,76329,Seine-Maritime,28.0,Normandie,70.0,4.0,2.0,2,1.0,28,Normandie,76,2,3,Gruchet-le-Valasse,3074,39,3113.0,3.0,7,,0.0,2.0,3.0,13.0
201900021120,2.0,2,4,1,5.0,1.0,-1.0, -1,-1.0,1997.0,A01,8,9,2019,16:15,1,76.0,76329,1,1,1.0,1.0,FONTAINE MUREE,"49,5406500","0,5118700",,76.076329,76329,Seine-Maritime,28.0,Normandie,70.0,4.0,2.0,2,1.0,28,Normandie,76,2,3,Gruchet-le-Valasse,3074,39,3113.0,3.0,7,,0.0,2.0,3.0,14.0
201900021120,1.0,1,3,2,5.0,1.0,-1.0, -1,-1.0,1999.0,A01,8,9,2019,16:15,1,76.0,76329,1,1,1.0,1.0,FONTAINE MUREE,"49,5406500","0,5118700",,76.076329,76329,Seine-Maritime,28.0,Normandie,70.0,4.0,2.0,2,1.0,28,Normandie,76,2,3,Gruchet-le-Valasse,3074,39,3113.0,3.0,7,,0.0,2.0,3.0,14.0
201900021233,2.0,2,4,1,5.0,1.0,0.0,0,-1.0,2002.0,A01,16,4,2019,22:00,5,76.0,76351,2,9,1.0,2.0,REPUBLIQUE (COURS DE LA),"49,5010200","0,1304000",,76.076351,76351,Seine-Maritime,28.0,Normandie,50.0,4.0,2.0,5,1.0,28,Normandie,76,2,96,LeHavre,166058,1780,167838.0,3.0,7,,7.0,2.0,3.0,18.0
201900021233,1.0,1,4,1,5.0,1.0,0.0,0,-1.0,2000.0,A01,16,4,2019,22:00,5,76.0,76351,2,9,1.0,2.0,REPUBLIQUE (COURS DE LA),"49,5010200","0,1304000",,76.076351,76351,Seine-Maritime,28.0,Normandie,50.0,4.0,2.0,5,1.0,28,Normandie,76,2,96,LeHavre,166058,1780,167838.0,3.0,7,,7.0,2.0,3.0,18.0
201900021233,1.0,1,1,1,5.0,1.0,0.0,0,-1.0,1971.0,B01,16,4,2019,22:00,5,76.0,76351,2,9,1.0,2.0,REPUBLIQUE (COURS DE LA),"49,5010200","0,1304000",,76.076351,76351,Seine-Maritime,28.0,Normandie,50.0,4.0,2.0,5,1.0,28,Normandie,76,2,96,LeHavre,166058,1780,167838.0,3.0,7,,0.0,2.0,5.0,1.0
201900021396,1.0,1,4,2,3.0,1.0,0.0,0,-1.0,1981.0,A01,1,7,2019,11:40,1,76.0,76197,1,1,1.0,6.0,RD 149,"49,7811910","1,0699890",,76.076197,76197,Seine-Maritime,28.0,Normandie,70.0,3.0,2.0,2,1.0,28,Normandie,76,1,20,Criquetot-sur-LonguevilLe217,2,219,,2.0,7,,13.0,0.0,8.0,19.0
201900021396,2.0,2,4,1,3.0,1.0,0.0,0,-1.0,2010.0,A01,1,7,2019,11:40,1,76.0,76197,1,1,1.0,6.0,RD 149,"49,7811910","1,0699890",,76.076197,76197,Seine-Maritime,28.0,Normandie,70.0,3.0,2.0,2,1.0,28,Normandie,76,1,20,Criquetot-sur-LonguevilLe217,2,219,,2.0,7,,13.0,0.0,8.0,19.0
201900021396,8.0,2,2,1,3.0,0.0,0.0,0,-1.0,2019.0,A01,1,7,2019,11:40,1,76.0,76197,1,1,1.0,6.0,RD 149,"49,7811910","1,0699890",,76.076197,76197,Seine-Maritime,28.0,Normandie,70.0,3.0,2.0,2,1.0,28,Normandie,76,1,20,Criquetot-sur-LonguevilLe217,2,219,,2.0,7,,13.0,0.0,8.0,19.0
201900021490,1.0,1,1,1,0.0,1.0,-1.0,0,-1.0,1973.0,B01,2,6,2019,17:50,1,76.0,76351,2,1,1.0,3.0,DEMIDOFF (RUE),"49,4974400","0,1327500",,76.076351,76351,Seine-Maritime,28.0,Normandie,50.0,4.0,2.0,4,1.0,28,Normandie,76,2,96,LeHavre,166058,1780,167838.0,2.0,7,,0.0,2.0,3.0,15.0
201900021490,1.0,1,3,1,0.0,2.0,-1.0,0,-1.0,1991.0,A01,2,6,2019,17:50,1,76.0,76351,2,1,1.0,3.0,DEMIDOFF (RUE),"49,4974400","0,1327500",,76.076351,76351,Seine-Maritime,28.0,Normandie,50.0,4.0,2.0,4,1.0,28,Normandie,76,2,96,LeHavre,166058,1780,167838.0,2.0,33,,0.0,2.0,1.0,17.0
201900021585,2.0,2,1,2,0.0,1.0,0.0,0,-1.0,1951.0,B01,1,8,2019,19:30,1,76.0,76319,1,1,1.0,3.0,A13,"49,3388070","1,0148650",,76.076319,76319,Seine-Maritime,28.0,Normandie,130.0,1.0,3.0,4,1.0,28,Normandie,76,3,9,Grand-Couronne,9726,177,9903.0,2.0,7,,0.0,2.0,1.0,1.0
201900021585,1.0,1,1,1,0.0,1.0,0.0,0,-1.0,1946.0,B01,1,8,2019,19:30,1,76.0,76319,1,1,1.0,3.0,A13,"49,3388070","1,0148650",,76.076319,76319,Seine-Maritime,28.0,Normandie,130.0,1.0,3.0,4,1.0,28,Normandie,76,3,9,Grand-Couronne,9726,177,9903.0,2.0,7,,0.0,2.0,1.0,1.0
201900021585,1.0,1,3,1,0.0,1.0,0.0,0,-1.0,1957.0,A01,1,8,2019,19:30,1,76.0,76319,1,1,1.0,3.0,A13,"49,3388070","1,0148650",,76.076319,76319,Seine-Maritime,28.0,Normandie,130.0,1.0,3.0,4,1.0,28,Normandie,76,3,9,Grand-Couronne,9726,177,9903.0,2.0,7,,6.0,2.0,1.0,1.0
201900021639,10.0,3,3,2,3.0,0.0,4.0,3,1.0,1951.0,A01,3,8,2019,09:20,1,76.0,76057,2,2,1.0,6.0,54 rue Louis LESEIGNEUR,"49,5440070","0,9550686",,76.076057,76057,Seine-Maritime,28.0,Normandie,50.0,3.0,2.0,2,1.0,28,Normandie,76,3,1,Barentin,12154,238,12392.0,1.0,7,,0.0,1.0,3.0,15.0
201900021639,1.0,1,1,1,1.0,1.0,0.0,0,-1.0,1956.0,A01,3,8,2019,09:20,1,76.0,76057,2,2,1.0,6.0,54 rue Louis LESEIGNEUR,"49,5440070","0,9550686",,76.076057,76057,Seine-Maritime,28.0,Normandie,50.0,3.0,2.0,2,1.0,28,Normandie,76,3,1,Barentin,12154,238,12392.0,1.0,7,,0.0,1.0,3.0,15.0
201900021671,1.0,1,1,2,0.0,1.0,0.0,0,-1.0,1995.0,A01,25,6,2019,18:20,1,76.0,76575,2,1,1.0,3.0,DULLIN. RUE CHARLES,"49,3978100","1,0683700",,76.076575,76575,Seine-Maritime,28.0,Normandie,50.0,4.0,2.0,2,1.0,28,Normandie,76,3,98,Saint-Étienne-du-Rouvray,28508,225,28733.0,3.0,7,,0.0,2.0,2.0,0.0
201900021671,1.0,1,4,1,0.0,8.0,-1.0,0,-1.0,2013.0,B01,25,6,2019,18:20,1,76.0,76575,2,1,1.0,3.0,DULLIN. RUE CHARLES,"49,3978100","1,0683700",,76.076575,76575,Seine-Maritime,28.0,Normandie,50.0,4.0,2.0,2,1.0,28,Normandie,76,3,98,Saint-Étienne-du-Rouvray,28508,225,28733.0,3.0,1,,0.0,2.0,1.0,0.0
201900021672,1.0,1,4,1,0.0,8.0,0.0,0,-1.0,1995.0,A01,24,6,2019,10:20,1,76.0,76575,2,1,1.0,1.0,CANADIENS. AVENUE DES,"49,4051100","1,0676300",,76.076575,76575,Seine-Maritime,28.0,Normandie,50.0,3.0,2.0,2,1.0,28,Normandie,76,3,98,Saint-Étienne-du-Rouvray,28508,225,28733.0,3.0,1,,0.0,2.0,3.0,0.0
201900021672,1.0,1,1,1,0.0,1.0,0.0,0,-1.0,1969.0,B01,24,6,2019,10:20,1,76.0,76575,2,1,1.0,1.0,CANADIENS. AVENUE DES,"49,4051100","1,0676300",,76.076575,76575,Seine-Maritime,28.0,Normandie,50.0,3.0,2.0,2,1.0,28,Normandie,76,3,98,Saint-Étienne-du-Rouvray,28508,225,28733.0,3.0,21,,0.0,2.0,1.0,0.0