Num_Acc,place,catu,grav,sexe,trajet,secu,locp,actp,etatp,an_nais,num_veh,jour,mois,an,hrmn,lum,dep,com,agg,int,atm,col,adr,lat,long,gps,com_insee_temp,com_insee,departmentName,regionCode,regionName,vma,catr,circ,nbv,surf,Code,Region,Departement,Arrondissement,Code_Canton,Nom_Commune,Population_municipaLe,Population_comptee_a_part,Population_Totale,senc,catv,occutc,obs,obsm,choc,manv
201900023479,10.0,3,4,1,0.0,8.0,3.0,3,2.0,2012.0,A01,23,4,2019,17:00,1,76.0,76575,2,1,1.0,6.0,RUE JULIAN GRIMAU,"49,3893400","1,0921200",,76.076575,76575,Seine-Maritime,28.0,Normandie,50.0,4.0,-1.0,2,1.0,28,Normandie,76,3,98,Saint-Étienne-du-Rouvray,28508,225,28733.0,3.0,7,,0.0,1.0,1.0,0.0
201900023480,2.0,2,4,2,0.0,1.0,0.0,0,-1.0,1997.0,A01,27,4,2019,16:30,1,76.0,76231,2,1,1.0,2.0,GAULLE. RUE DU GENERAL DE,"49,2856500","1,0112300",,76.076231,76231,Seine-Maritime,28.0,Normandie,50.0,3.0,2.0,2,1.0,28,Normandie,76,3,9,Elbeuf,15951,138,16089.0,0.0,7,,0.0,2.0,2.0,16.0
201900023480,1.0,1,4,1,0.0,1.0,0.0,0,-1.0,1997.0,A01,27,4,2019,16:30,1,76.0,76231,2,1,1.0,2.0,GAULLE. RUE DU GENERAL DE,"49,2856500","1,0112300",,76.076231,76231,Seine-Maritime,28.0,Normandie,50.0,3.0,2.0,2,1.0,28,Normandie,76,3,9,Elbeuf,15951,138,16089.0,0.0,7,,0.0,2.0,2.0,16.0
201900023481,2.0,2,4,1,0.0,1.0,0.0,0,-1.0,1996.0,A01,28,4,2019,08:19,1,76.0,76322,1,1,1.0,7.0,VOIE RAPIDE SUD 3 (RN 338),"49,4005800","1,0320700",,76.076322,76322,Seine-Maritime,28.0,Normandie,90.0,2.0,3.0,4,1.0,28,Normandie,76,3,13,LeGrand-Quevilly,25975,225,26200.0,2.0,7,,5.0,0.0,0.0,0.0
201900023481,4.0,2,1,2,0.0,1.0,0.0,0,-1.0,2000.0,A01,28,4,2019,08:19,1,76.0,76322,1,1,1.0,7.0,VOIE RAPIDE SUD 3 (RN 338),"49,4005800","1,0320700",,76.076322,76322,Seine-Maritime,28.0,Normandie,90.0,2.0,3.0,4,1.0,28,Normandie,76,3,13,LeGrand-Quevilly,25975,225,26200.0,2.0,7,,5.0,0.0,0.0,0.0
201900023481,3.0,2,4,1,0.0,1.0,0.0,0,-1.0,1998.0,A01,28,4,2019,08:19,1,76.0,76322,1,1,1.0,7.0,VOIE RAPIDE SUD 3 (RN 338),"49,4005800","1,0320700",,76.076322,76322,Seine-Maritime,28.0,Normandie,90.0,2.0,3.0,4,1.0,28,Normandie,76,3,13,LeGrand-Quevilly,25975,225,26200.0,2.0,7,,5.0,0.0,0.0,0.0
201900023482,2.0,2,4,2,0.0,2.0,-1.0,0,-1.0,1975.0,B01,24,2,2019,15:50,1,76.0,76575,2,1,1.0,3.0,CROIZAT. AVENUE AMBROISE,"49,3741600","1,1027300",,76.076575,76575,Seine-Maritime,28.0,Normandie,50.0,3.0,2.0,2,1.0,28,Normandie,76,3,98,Saint-Étienne-du-Rouvray,28508,225,28733.0,3.0,34,,0.0,2.0,2.0,17.0
201900023482,1.0,1,4,1,0.0,2.0,-1.0,0,-1.0,1973.0,B01,24,2,2019,15:50,1,76.0,76575,2,1,1.0,3.0,CROIZAT. AVENUE AMBROISE,"49,3741600","1,1027300",,76.076575,76575,Seine-Maritime,28.0,Normandie,50.0,3.0,2.0,2,1.0,28,Normandie,76,3,98,Saint-Étienne-du-Rouvray,28508,225,28733.0,3.0,34,,0.0,2.0,2.0,17.0
201900023483,1.0,1,3,1,0.0,8.0,-1.0,0,-1.0,1989.0,B01,6,3,2019,13:05,1,76.0,76561,2,1,1.0,1.0,VILLERS. AVENUE LOUIS,"49,3082100","1,0385700",,76.076561,76561,Seine-Maritime,28.0,Normandie,50.0,4.0,2.0,2,1.0,28,Normandie,76,3,5,Saint-Aubin-lès-Elbeuf,8428,75,8503.0,3.0,1,,0.0,2.0,8.0,0.0
201900023483,1.0,1,1,2,0.0,1.0,-1.0,0,-1.0,1935.0,A01,6,3,2019,13:05,1,76.0,76561,2,1,1.0,1.0,VILLERS. AVENUE LOUIS,"49,3082100","1,0385700",,76.076561,76561,Seine-Maritime,28.0,Normandie,50.0,4.0,2.0,2,1.0,28,Normandie,76,3,5,Saint-Aubin-lès-Elbeuf,8428,75,8503.0,3.0,7,,0.0,2.0,1.0,0.0
201900023484,1.0,1,4,1,5.0,2.0,0.0,0,-1.0,1979.0,A01,15,5,2019,01:30,5,76.0,76108,2,1,1.0,7.0,CASSIOPEE (Avenue),"49,4744700","1,1308000",,76.076108,76108,Seine-Maritime,28.0,Normandie,50.0,4.0,2.0,2,1.0,28,Normandie,76,3,2,Bois-Guillaume,14262,361,14623.0,0.0,33,,0.0,0.0,1.0,1.0
201900023485,1.0,1,3,1,5.0,2.0,0.0,0,-1.0,1992.0,B01,7,5,2019,23:10,5,76.0,76216,2,2,1.0,3.0,CARNOT. AVENUE,"49,4550000","1,0574600",,76.076216,76216,Seine-Maritime,28.0,Normandie,50.0,3.0,2.0,2,1.0,28,Normandie,76,3,22,Déville-lès-Rouen,10745,62,10807.0,0.0,33,,0.0,2.0,1.0,1.0
201900023485,1.0,1,4,1,1.0,1.0,0.0,0,-1.0,1979.0,A01,7,5,2019,23:10,5,76.0,76216,2,2,1.0,3.0,CARNOT. AVENUE,"49,4550000","1,0574600",,76.076216,76216,Seine-Maritime,28.0,Normandie,50.0,3.0,2.0,2,1.0,28,Normandie,76,3,22,Déville-lès-Rouen,10745,62,10807.0,0.0,7,,0.0,2.0,6.0,19.0
201900023486,1.0,1,1,1,5.0,1.0,0.0,0,-1.0,1992.0,A01,7,5,2019,13:15,1,76.0,76681,2,1,1.0,2.0,PARIS. RUE DE,"49,4078600","1,1016000",,76.076681,76681,Seine-Maritime,28.0,Normandie,50.0,3.0,2.0,0,1.0,28,Normandie,76,3,99,Sotteville-lès-Rouen,28965,475,29440.0,0.0,7,,0.0,2.0,6.0,10.0
201900023486,1.0,1,3,1,5.0,2.0,0.0,0,-1.0,1973.0,B01,7,5,2019,13:15,1,76.0,76681,2,1,1.0,2.0,PARIS. RUE DE,"49,4078600","1,1016000",,76.076681,76681,Seine-Maritime,28.0,Normandie,50.0,3.0,2.0,0,1.0,28,Normandie,76,3,99,Sotteville-lès-Rouen,28965,475,29440.0,0.0,33,,0.0,2.0,1.0,1.0
201900023487,1.0,1,1,2,5.0,1.0,0.0,0,-1.0,1985.0,A01,1,5,2019,12:10,1,76.0,76540,2,3,1.0,3.0,MARTYRS DE LA RESISTANCE. AVENUE,"49,4207400","1,0789800",,76.076540,76540,Seine-Maritime,28.0,Normandie,50.0,4.0,2.0,2,1.0,28,Normandie,76,3,97,Rouen,114083,1556,115639.0,0.0,7,,0.0,2.0,3.0,15.0
201900023487,1.0,1,3,1,5.0,2.0,0.0,0,-1.0,1967.0,B01,1,5,2019,12:10,1,76.0,76540,2,3,1.0,3.0,MARTYRS DE LA RESISTANCE. AVENUE,"49,4207400","1,0789800",,76.076540,76540,Seine-Maritime,28.0,Normandie,50.0,4.0,2.0,2,1.0,28,Normandie,76,3,97,Rouen,114083,1556,115639.0,0.0,34,,0.0,2.0,1.0,1.0
201900023488,1.0,1,4,1,5.0,1.0,0.0,0,-1.0,1984.0,A01,1,5,2019,19:30,1,76.0,76540,2,1,1.0,7.0,GUILLAUME LE CONQUERANT. RAMPE,"49,4411500","1,0814900",,76.076540,76540,Seine-Maritime,28.0,Normandie,50.0,2.0,1.0,1,1.0,28,Normandie,76,3,97,Rouen,114083,1556,115639.0,0.0,7,,4.0,0.0,9.0,1.0
201900023489,1.0,1,3,1,0.0,2.0,0.0,0,-1.0,1989.0,B01,25,5,2019,09:20,1,76.0,76447,2,1,1.0,3.0,PRESIDENT WILSON,"49,5397400","0,1784300",,76.076447,76447,Seine-Maritime,28.0,Normandie,50.0,4.0,2.0,3,1.0,28,Normandie,76,2,15,Montivilliers,15457,203,15660.0,1.0,33,,0.0,2.0,1.0,1.0
201900023489,1.0,1,1,1,0.0,1.0,0.0,0,-1.0,1954.0,A01,25,5,2019,09:20,1,76.0,76447,2,1,1.0,3.0,PRESIDENT WILSON,"49,5397400","0,1784300",,76.076447,76447,Seine-Maritime,28.0,Normandie,50.0,4.0,2.0,3,1.0,28,Normandie,76,2,15,Montivilliers,15457,203,15660.0,3.0,7,,0.0,2.0,3.0,15.0
201900023490,1.0,1,4,2,0.0,1.0,0.0,0,-1.0,1983.0,B01,25,5,2019,09:35,1,76.0,76351,2,2,1.0,3.0,DOCTEUR CALMETTE,"49,5123762","0,0998238",,76.076351,76351,Seine-Maritime,28.0,Normandie,50.0,4.0,2.0,2,1.0,28,Normandie,76,2,96,LeHavre,166058,1780,167838.0,0.0,7,,0.0,2.0,8.0,1.0
201900023490,1.0,1,1,1,0.0,1.0,0.0,0,-1.0,1934.0,A01,25,5,2019,09:35,1,76.0,76351,2,2,1.0,3.0,DOCTEUR CALMETTE,"49,5123762","0,0998238",,76.076351,76351,Seine-Maritime,28.0,Normandie,50.0,4.0,2.0,2,1.0,28,Normandie,76,2,96,LeHavre,166058,1780,167838.0,1.0,7,,0.0,2.0,2.0,1.0
201900023491,1.0,1,4,1,0.0,2.0,0.0,0,-1.0,2002.0,A01,21,5,2019,16:45,1,76.0,76351,2,3,1.0,2.0,JEAN JAURES (AVENUE),"49,5008739","0,1781416",,76.076351,76351,Seine-Maritime,28.0,Normandie,50.0,4.0,2.0,2,1.0,28,Normandie,76,2,96,LeHavre,166058,1780,167838.0,0.0,30,,0.0,2.0,1.0,1.0
201900023491,1.0,1,1,1,4.0,1.0,0.0,0,-1.0,1999.0,B01,21,5,2019,16:45,1,76.0,76351,2,3,1.0,2.0,JEAN JAURES (AVENUE),"49,5008739","0,1781416",,76.076351,76351,Seine-Maritime,28.0,Normandie,50.0,4.0,2.0,2,1.0,28,Normandie,76,2,96,LeHavre,166058,1780,167838.0,0.0,10,,0.0,2.0,4.0,23.0
201900023492,1.0,1,3,2,5.0,2.0,0.0,0,-1.0,1991.0,B01,20,5,2019,19:48,1,76.0,76305,2,6,1.0,3.0,OUDALLE (ROUTE),"49,5039500","0,2022200",,76.076305,76305,Seine-Maritime,28.0,Normandie,50.0,4.0,2.0,2,1.0,28,Normandie,76,2,16,Gonfreville-l'Orcher,8961,44,9005.0,3.0,30,,0.0,2.0,0.0,1.0
201900023492,1.0,1,1,1,0.0,1.0,0.0,0,-1.0,1986.0,A01,20,5,2019,19:48,1,76.0,76305,2,6,1.0,3.0,OUDALLE (ROUTE),"49,5039500","0,2022200",,76.076305,76305,Seine-Maritime,28.0,Normandie,50.0,4.0,2.0,2,1.0,28,Normandie,76,2,16,Gonfreville-l'Orcher,8961,44,9005.0,3.0,7,,0.0,2.0,1.0,9.0
201900023493,1.0,1,1,1,5.0,1.0,0.0,0,-1.0,1992.0,B01,15,5,2019,18:55,1,76.0,76351,2,2,1.0,2.0,ARMAND BARBES,"49,4998600","0,1503300",,76.076351,76351,Seine-Maritime,28.0,Normandie,50.0,4.0,2.0,2,1.0,28,Normandie,76,2,96,LeHavre,166058,1780,167838.0,1.0,7,,0.0,2.0,1.0,1.0
201900023493,1.0,1,4,1,5.0,2.0,0.0,0,-1.0,1971.0,A01,15,5,2019,18:55,1,76.0,76351,2,2,1.0,2.0,ARMAND BARBES,"49,4998600","0,1503300",,76.076351,76351,Seine-Maritime,28.0,Normandie,50.0,4.0,2.0,2,1.0,28,Normandie,76,2,96,LeHavre,166058,1780,167838.0,2.0,31,,0.0,2.0,3.0,1.0
201900023494,1.0,1,3,1,5.0,1.0,0.0,0,-1.0,1966.0,A01,16,5,2019,00:55,5,76.0,76351,2,1,1.0,6.0,GUILLEMARD,"49,4968600","0,0941200",,76.076351,76351,Seine-Maritime,28.0,Normandie,50.0,4.0,2.0,2,1.0,28,Normandie,76,2,96,LeHavre,166058,1780,167838.0,0.0,7,,8.0,0.0,2.0,14.0
201900023495,10.0,3,3,2,0.0,8.0,4.0,3,1.0,1943.0,A01,14,5,2019,13:40,1,76.0,76351,2,2,1.0,6.0,RENE COTY,"49,4971700","0,1117800",,76.076351,76351,Seine-Maritime,28.0,Normandie,50.0,4.0,2.0,3,1.0,28,Normandie,76,2,96,LeHavre,166058,1780,167838.0,2.0,7,,0.0,1.0,3.0,15.0
201900023495,1.0,1,1,2,0.0,1.0,0.0,0,-1.0,1931.0,A01,14,5,2019,13:40,1,76.0,76351,2,2,1.0,6.0,RENE COTY,"49,4971700","0,1117800",,76.076351,76351,Seine-Maritime,28.0,Normandie,50.0,4.0,2.0,3,1.0,28,Normandie,76,2,96,LeHavre,166058,1780,167838.0,2.0,7,,0.0,1.0,3.0,15.0
201900023496,10.0,3,3,2,0.0,0.0,2.0,B,1.0,1994.0,A01,13,5,2019,18:10,1,76.0,76351,2,9,1.0,6.0,CHARLES LAFFITTE,"49,4929200","0,1283000",,76.076351,76351,Seine-Maritime,28.0,Normandie,10.0,6.0,-1.0,-1,1.0,28,Normandie,76,2,96,LeHavre,166058,1780,167838.0,3.0,38,1.0,0.0,1.0,7.0,26.0
201900023496,1.0,1,1,1,4.0,1.0,0.0,0,-1.0,1994.0,A01,13,5,2019,18:10,1,76.0,76351,2,9,1.0,6.0,CHARLES LAFFITTE,"49,4929200","0,1283000",,76.076351,76351,Seine-Maritime,28.0,Normandie,10.0,6.0,-1.0,-1,1.0,28,Normandie,76,2,96,LeHavre,166058,1780,167838.0,3.0,38,1.0,0.0,1.0,7.0,26.0
201900023497,10.0,3,4,1,5.0,8.0,3.0,3,1.0,1941.0,A01,11,5,2019,22:35,5,76.0,76351,2,3,1.0,6.0,RAFFINERIES (DES),"49,4916800","0,1421100",,76.076351,76351,Seine-Maritime,28.0,Normandie,50.0,4.0,2.0,2,1.0,28,Normandie,76,2,96,LeHavre,166058,1780,167838.0,0.0,7,,0.0,1.0,1.0,1.0
201900023498,1.0,1,1,1,0.0,1.0,0.0,0,-1.0,1989.0,B01,3,5,2019,22:30,5,76.0,76351,2,2,1.0,3.0,BOIS AU COQ (RUE),"49,5110800","0,1286700",,76.076351,76351,Seine-Maritime,28.0,Normandie,50.0,4.0,3.0,2,1.0,28,Normandie,76,2,96,LeHavre,166058,1780,167838.0,1.0,7,,0.0,2.0,1.0,1.0
201900023498,1.0,1,4,1,0.0,2.0,0.0,0,-1.0,1990.0,A01,3,5,2019,22:30,5,76.0,76351,2,2,1.0,3.0,BOIS AU COQ (RUE),"49,5110800","0,1286700",,76.076351,76351,Seine-Maritime,28.0,Normandie,50.0,4.0,3.0,2,1.0,28,Normandie,76,2,96,LeHavre,166058,1780,167838.0,2.0,2,,0.0,2.0,3.0,1.0
201900023499,2.0,2,1,2,0.0,1.0,0.0,0,-1.0,1994.0,B01,3,5,2019,22:00,1,76.0,76351,2,2,1.0,3.0,VERDUN (RUE DE),"49,5023900","0,1726500",,76.076351,76351,Seine-Maritime,28.0,Normandie,50.0,3.0,2.0,2,1.0,28,Normandie,76,2,96,LeHavre,166058,1780,167838.0,1.0,7,,0.0,2.0,1.0,1.0
201900023499,1.0,1,1,1,5.0,1.0,0.0,0,-1.0,1998.0,B01,3,5,2019,22:00,1,76.0,76351,2,2,1.0,3.0,VERDUN (RUE DE),"49,5023900","0,1726500",,76.076351,76351,Seine-Maritime,28.0,Normandie,50.0,3.0,2.0,2,1.0,28,Normandie,76,2,96,LeHavre,166058,1780,167838.0,1.0,7,,0.0,2.0,1.0,1.0
201900023499,3.0,2,1,1,0.0,1.0,0.0,0,-1.0,2000.0,B01,3,5,2019,22:00,1,76.0,76351,2,2,1.0,3.0,VERDUN (RUE DE),"49,5023900","0,1726500",,76.076351,76351,Seine-Maritime,28.0,Normandie,50.0,3.0,2.0,2,1.0,28,Normandie,76,2,96,LeHavre,166058,1780,167838.0,1.0,7,,0.0,2.0,1.0,1.0
201900023499,4.0,2,1,1,0.0,1.0,0.0,0,-1.0,2001.0,B01,3,5,2019,22:00,1,76.0,76351,2,2,1.0,3.0,VERDUN (RUE DE),"49,5023900","0,1726500",,76.076351,76351,Seine-Maritime,28.0,Normandie,50.0,3.0,2.0,2,1.0,28,Normandie,76,2,96,LeHavre,166058,1780,167838.0,1.0,7,,0.0,2.0,1.0,1.0
201900023499,3.0,2,4,1,5.0,1.0,0.0,0,-1.0,2002.0,A01,3,5,2019,22:00,1,76.0,76351,2,2,1.0,3.0,VERDUN (RUE DE),"49,5023900","0,1726500",,76.076351,76351,Seine-Maritime,28.0,Normandie,50.0,3.0,2.0,2,1.0,28,Normandie,76,2,96,LeHavre,166058,1780,167838.0,1.0,7,,0.0,2.0,3.0,15.0
201900023499,4.0,2,4,1,5.0,1.0,0.0,0,-1.0,2002.0,A01,3,5,2019,22:00,1,76.0,76351,2,2,1.0,3.0,VERDUN (RUE DE),"49,5023900","0,1726500",,76.076351,76351,Seine-Maritime,28.0,Normandie,50.0,3.0,2.0,2,1.0,28,Normandie,76,2,96,LeHavre,166058,1780,167838.0,1.0,7,,0.0,2.0,3.0,15.0
201900023499,2.0,2,4,1,5.0,1.0,0.0,0,-1.0,2002.0,A01,3,5,2019,22:00,1,76.0,76351,2,2,1.0,3.0,VERDUN (RUE DE),"49,5023900","0,1726500",,76.076351,76351,Seine-Maritime,28.0,Normandie,50.0,3.0,2.0,2,1.0,28,Normandie,76,2,96,LeHavre,166058,1780,167838.0,1.0,7,,0.0,2.0,3.0,15.0
201900023499,5.0,2,4,1,5.0,1.0,0.0,0,-1.0,2000.0,A01,3,5,2019,22:00,1,76.0,76351,2,2,1.0,3.0,VERDUN (RUE DE),"49,5023900","0,1726500",,76.076351,76351,Seine-Maritime,28.0,Normandie,50.0,3.0,2.0,2,1.0,28,Normandie,76,2,96,LeHavre,166058,1780,167838.0,1.0,7,,0.0,2.0,3.0,15.0
201900023499,1.0,1,4,1,5.0,1.0,0.0,0,-1.0,2000.0,A01,3,5,2019,22:00,1,76.0,76351,2,2,1.0,3.0,VERDUN (RUE DE),"49,5023900","0,1726500",,76.076351,76351,Seine-Maritime,28.0,Normandie,50.0,3.0,2.0,2,1.0,28,Normandie,76,2,96,LeHavre,166058,1780,167838.0,1.0,7,,0.0,2.0,3.0,15.0
201900023500,1.0,1,4,1,5.0,2.0,0.0,0,-1.0,1956.0,A01,3,5,2019,11:10,1,76.0,76351,2,3,1.0,7.0,CLEMENCEAU (BD),"49,4896900","0,0977300",,76.076351,76351,Seine-Maritime,28.0,Normandie,50.0,4.0,2.0,2,1.0,28,Normandie,76,2,96,LeHavre,166058,1780,167838.0,0.0,1,,0.0,0.0,0.0,0.0
201900023501,1.0,1,1,2,0.0,1.0,0.0,0,-1.0,1979.0,A01,30,4,2019,18:05,1,76.0,76351,2,1,1.0,1.0,IRENE JOLIOT CURIE (RUE),"49,5062000","0,1004100",,76.076351,76351,Seine-Maritime,28.0,Normandie,50.0,4.0,2.0,2,1.0,28,Normandie,76,2,96,LeHavre,166058,1780,167838.0,1.0,7,,0.0,2.0,1.0,13.0
201900023501,1.0,1,1,2,0.0,1.0,0.0,0,-1.0,1970.0,B01,30,4,2019,18:05,1,76.0,76351,2,1,1.0,1.0,IRENE JOLIOT CURIE (RUE),"49,5062000","0,1004100",,76.076351,76351,Seine-Maritime,28.0,Normandie,50.0,4.0,2.0,2,1.0,28,Normandie,76,2,96,LeHavre,166058,1780,167838.0,2.0,7,,0.0,2.0,1.0,1.0
201900023501,2.0,2,4,2,0.0,1.0,-1.0,0,-1.0,2008.0,B01,30,4,2019,18:05,1,76.0,76351,2,1,1.0,1.0,IRENE JOLIOT CURIE (RUE),"49,5062000","0,1004100",,76.076351,76351,Seine-Maritime,28.0,Normandie,50.0,4.0,2.0,2,1.0,28,Normandie,76,2,96,LeHavre,166058,1780,167838.0,2.0,7,,0.0,2.0,1.0,1.0
201900023502,1.0,1,1,2,0.0,1.0,-1.0,0,-1.0,1980.0,B01,26,4,2019,16:10,1,76.0,76351,2,1,1.0,6.0,AMIRAL MOUCHEZ (BD),"49,4861000","0,1400900",,76.076351,76351,Seine-Maritime,28.0,Normandie,50.0,3.0,2.0,3,1.0,28,Normandie,76,2,96,LeHavre,166058,1780,167838.0,1.0,7,,0.0,1.0,3.0,1.0
201900023502,10.0,3,3,1,0.0,8.0,1.0,7,1.0,2007.0,B01,26,4,2019,16:10,1,76.0,76351,2,1,1.0,6.0,AMIRAL MOUCHEZ (BD),"49,4861000","0,1400900",,76.076351,76351,Seine-Maritime,28.0,Normandie,50.0,3.0,2.0,3,1.0,28,Normandie,76,2,96,LeHavre,166058,1780,167838.0,1.0,7,,0.0,1.0,3.0,1.0
201900023503,1.0,1,4,2,5.0,1.0,0.0,0,-1.0,1998.0,C01,30,5,2019,01:55,5,76.0,76217,2,1,1.0,6.0,LIBERATION (AVENUE DE LA),"49,9243300","1,1071900",,76.076217,76217,Seine-Maritime,28.0,Normandie,50.0,3.0,2.0,-1,1.0,28,Normandie,76,1,95,Dieppe,28358,455,28813.0,2.0,7,,1.0,0.0,2.0,1.0
201900023504,1.0,1,1,1,5.0,1.0,0.0,0,-1.0,1966.0,A01,9,5,2019,12:05,1,76.0,76217,2,2,1.0,3.0,Normandie Sussex (Avenue),"49,9168500","1,0888600",,76.076217,76217,Seine-Maritime,28.0,Normandie,50.0,4.0,3.0,3,1.0,28,Normandie,76,1,95,Dieppe,28358,455,28813.0,2.0,7,,0.0,2.0,2.0,15.0
201900023504,2.0,1,4,1,5.0,2.0,0.0,0,-1.0,1965.0,B01,9,5,2019,12:05,1,76.0,76217,2,2,1.0,3.0,Normandie Sussex (Avenue),"49,9168500","1,0888600",,76.076217,76217,Seine-Maritime,28.0,Normandie,50.0,4.0,3.0,3,1.0,28,Normandie,76,1,95,Dieppe,28358,455,28813.0,1.0,33,,0.0,2.0,1.0,1.0
201900023505,1.0,1,3,1,0.0,2.0,0.0,0,-1.0,1985.0,A01,21,5,2019,19:40,1,76.0,76384,1,6,1.0,6.0,RADICATEL (ROUTE DE),"49,4853805","0,5332714",,76.076384,76384,Seine-Maritime,28.0,Normandie,70.0,3.0,3.0,2,1.0,28,Normandie,76,2,3,Lillebonne,8729,141,8870.0,3.0,31,,0.0,0.0,7.0,26.0
201900023853,10.0,3,4,2,5.0,8.0,3.0,3,2.0,2006.0,A01,13,11,2019,18:15,2,76.0,76474,2,1,1.0,6.0,RN 27 (ROUTE DE DIEPPE),"49,4889100","1,0491000",,76.076474,76474,Seine-Maritime,28.0,Normandie,50.0,3.0,2.0,2,1.0,28,Normandie,76,3,24,Notre-Dame-de-BondevilLe6957,82,7039,,2.0,7,,0.0,1.0,2.0,1.0
201900023853,10.0,3,4,2,5.0,8.0,3.0,3,2.0,2006.0,A01,13,11,2019,18:15,2,76.0,76474,2,1,1.0,6.0,RN 27 (ROUTE DE DIEPPE),"49,4889100","1,0491000",,76.076474,76474,Seine-Maritime,28.0,Normandie,50.0,3.0,2.0,2,1.0,28,Normandie,76,3,24,Notre-Dame-de-BondevilLe6957,82,7039,,2.0,7,,0.0,1.0,2.0,1.0
201900023853,1.0,1,1,2,5.0,1.0,0.0,0,-1.0,1946.0,A01,13,11,2019,18:15,2,76.0,76474,2,1,1.0,6.0,RN 27 (ROUTE DE DIEPPE),"49,4889100","1,0491000",,76.076474,76474,Seine-Maritime,28.0,Normandie,50.0,3.0,2.0,2,1.0,28,Normandie,76,3,24,Notre-Dame-de-BondevilLe6957,82,7039,,2.0,7,,0.0,1.0,2.0,1.0
201900023854,1.0,1,4,1,5.0,1.0,-1.0, -1,-1.0,1971.0,A01,13,11,2019,23:15,5,76.0,76351,2,1,2.0,6.0,PEUPLIERS (DES),"49,5063700","0,1502800",,76.076351,76351,Seine-Maritime,28.0,Normandie,50.0,4.0,-1.0,1,1.0,28,Normandie,76,2,96,LeHavre,166058,1780,167838.0,1.0,7,,1.0,0.0,1.0,1.0
201900024011,1.0,1,1,1,5.0,1.0,0.0,0,-1.0,1985.0,B01,26,1,2019,06:25,5,76.0,76540,2,1,1.0,1.0,EUROPE. BOULEVARD DE L',"49,4339800","1,0772800",,76.076540,76540,Seine-Maritime,28.0,Normandie,50.0,4.0,3.0,2,2.0,28,Normandie,76,3,97,Rouen,114083,1556,115639.0,0.0,7,,0.0,0.0,0.0,0.0
201900024011,1.0,1,4,2,5.0,1.0,0.0,0,-1.0,1995.0,A01,26,1,2019,06:25,5,76.0,76540,2,1,1.0,1.0,EUROPE. BOULEVARD DE L',"49,4339800","1,0772800",,76.076540,76540,Seine-Maritime,28.0,Normandie,50.0,4.0,3.0,2,2.0,28,Normandie,76,3,97,Rouen,114083,1556,115639.0,0.0,7,,0.0,2.0,2.0,13.0
201900024012,1.0,1,4,1,5.0,1.0,0.0,0,-1.0,1994.0,A01,26,1,2019,04:50,5,76.0,76351,2,1,1.0,7.0,VERDUN (RUE DE),"49,5022400","0,1695900",,76.076351,76351,Seine-Maritime,28.0,Normandie,50.0,4.0,2.0,2,2.0,28,Normandie,76,2,96,LeHavre,166058,1780,167838.0,1.0,7,,1.0,0.0,1.0,14.0
201900024013,1.0,1,4,2,0.0,1.0,0.0,0,-1.0,1989.0,A01,25,1,2019,16:40,1,76.0,76305,1,1,1.0,6.0,RD 6015,"49,5165000","0,2408600",,76.076305,76305,Seine-Maritime,28.0,Normandie,70.0,3.0,3.0,4,2.0,28,Normandie,76,2,16,Gonfreville-l'Orcher,8961,44,9005.0,0.0,7,,3.0,0.0,2.0,14.0
201900024240,1.0,1,1,1,0.0,1.0,-1.0,0,-1.0,1983.0,A01,7,10,2019,17:15,1,76.0,76212,2,1,1.0,5.0,LYONS LA FORET. ROUTE DE,"49,4352700","1,1486400",,76.076212,76212,Seine-Maritime,28.0,Normandie,70.0,3.0,1.0,2,1.0,28,Normandie,76,3,6,Darnétal,9738,74,9812.0,0.0,7,,0.0,2.0,0.0,11.0
201900024240,1.0,1,4,1,0.0,2.0,-1.0,0,-1.0,1981.0,B01,7,10,2019,17:15,1,76.0,76212,2,1,1.0,5.0,LYONS LA FORET. ROUTE DE,"49,4352700","1,1486400",,76.076212,76212,Seine-Maritime,28.0,Normandie,70.0,3.0,1.0,2,1.0,28,Normandie,76,3,6,Darnétal,9738,74,9812.0,0.0,33,,0.0,2.0,8.0,21.0
201900024240,1.0,1,1,2,0.0,1.0,-1.0,0,-1.0,1994.0,C01,7,10,2019,17:15,1,76.0,76212,2,1,1.0,5.0,LYONS LA FORET. ROUTE DE,"49,4352700","1,1486400",,76.076212,76212,Seine-Maritime,28.0,Normandie,70.0,3.0,1.0,2,1.0,28,Normandie,76,3,6,Darnétal,9738,74,9812.0,0.0,7,,0.0,2.0,4.0,1.0
201900024343,1.0,1,1,1,0.0,8.0,-1.0, -1,-1.0,1940.0,Z01,21,12,2019,21:30,5,76.0,76351,2,3,1.0,3.0,FRANCOIS MAZELINE,"49,4987800","0,1372600",,76.076351,76351,Seine-Maritime,28.0,Normandie,50.0,4.0,2.0,2,1.0,28,Normandie,76,2,96,LeHavre,166058,1780,167838.0,3.0,7,,0.0,2.0,3.0,1.0
201900024343,3.0,2,4,2,5.0,1.0,-1.0, -1,-1.0,2011.0,A01,21,12,2019,21:30,5,76.0,76351,2,3,1.0,3.0,FRANCOIS MAZELINE,"49,4987800","0,1372600",,76.076351,76351,Seine-Maritime,28.0,Normandie,50.0,4.0,2.0,2,1.0,28,Normandie,76,2,96,LeHavre,166058,1780,167838.0,3.0,7,,0.0,2.0,7.0,1.0
201900024343,1.0,1,4,1,5.0,1.0,-1.0, -1,-1.0,1968.0,A01,21,12,2019,21:30,5,76.0,76351,2,3,1.0,3.0,FRANCOIS MAZELINE,"49,4987800","0,1372600",,76.076351,76351,Seine-Maritime,28.0,Normandie,50.0,4.0,2.0,2,1.0,28,Normandie,76,2,96,LeHavre,166058,1780,167838.0,3.0,7,,0.0,2.0,7.0,1.0