Num_Acc,place,catu,grav,sexe,trajet,secu,locp,actp,etatp,an_nais,num_veh,jour,mois,an,hrmn,lum,dep,com,agg,int,atm,col,adr,lat,long,gps,com_insee_temp,com_insee,departmentName,regionCode,regionName,vma,catr,circ,nbv,surf,Code,Region,Departement,Arrondissement,Code_Canton,Nom_Commune,Population_municipaLe,Population_comptee_a_part,Population_Totale,senc,catv,occutc,obs,obsm,choc,manv
201900027129,1.0,1,3,1,0.0,2.0,-1.0,0,-1.0,1996.0,A01,6,3,2019,15:17,1,76.0,76217,2,1,2.0,3.0,GAMBETTA (AVENUE),"49,9153600","1,0748500",,76.076217,76217,Seine-Maritime,28.0,Normandie,50.0,3.0,-1.0,3,2.0,28,Normandie,76,1,95,Dieppe,28358,455,28813.0,1.0,30,,0.0,2.0,1.0,13.0
201900027366,10.0,3,4,2,5.0,0.0,3.0,3,2.0,1938.0,A01,14,11,2019,17:53,5,76.0,76711,2,1,1.0,6.0,52 Quai Francois 1er,"50,0622740","1,3701790",,76.076711,76711,Seine-Maritime,28.0,Normandie,30.0,3.0,2.0,2,1.0,28,Normandie,76,1,10,LeTréport,4424,91,4515.0,1.0,7,,0.0,1.0,3.0,1.0
201900027366,10.0,3,2,1,5.0,0.0,3.0,3,2.0,1938.0,A01,14,11,2019,17:53,5,76.0,76711,2,1,1.0,6.0,52 Quai Francois 1er,"50,0622740","1,3701790",,76.076711,76711,Seine-Maritime,28.0,Normandie,30.0,3.0,2.0,2,1.0,28,Normandie,76,1,10,LeTréport,4424,91,4515.0,1.0,7,,0.0,1.0,3.0,1.0
201900027366,1.0,1,1,2,5.0,1.0,0.0,0,-1.0,1946.0,A01,14,11,2019,17:53,5,76.0,76711,2,1,1.0,6.0,52 Quai Francois 1er,"50,0622740","1,3701790",,76.076711,76711,Seine-Maritime,28.0,Normandie,30.0,3.0,2.0,2,1.0,28,Normandie,76,1,10,LeTréport,4424,91,4515.0,1.0,7,,0.0,1.0,3.0,1.0
201900027396,1.0,1,3,2,5.0,1.0,0.0,0,-1.0,1964.0,B01,14,11,2019,17:45,3,76.0,76566,1,2,8.0,3.0,Route de Langrume,"49,6080250","0,9542630",,76.076566,76566,Seine-Maritime,28.0,Normandie,80.0,3.0,2.0,2,2.0,28,Normandie,76,3,24,Sainte-Austreberthe,665,6,671.0,2.0,7,,0.0,2.0,8.0,26.0
201900027396,7.0,2,1,2,5.0,1.0,0.0,0,-1.0,2014.0,A01,14,11,2019,17:45,3,76.0,76566,1,2,8.0,3.0,Route de Langrume,"49,6080250","0,9542630",,76.076566,76566,Seine-Maritime,28.0,Normandie,80.0,3.0,2.0,2,2.0,28,Normandie,76,3,24,Sainte-Austreberthe,665,6,671.0,1.0,7,,0.0,2.0,1.0,1.0
201900027396,1.0,1,1,1,5.0,1.0,0.0,0,-1.0,1983.0,A01,14,11,2019,17:45,3,76.0,76566,1,2,8.0,3.0,Route de Langrume,"49,6080250","0,9542630",,76.076566,76566,Seine-Maritime,28.0,Normandie,80.0,3.0,2.0,2,2.0,28,Normandie,76,3,24,Sainte-Austreberthe,665,6,671.0,1.0,7,,0.0,2.0,1.0,1.0
201900027396,9.0,2,1,2,5.0,1.0,0.0,0,-1.0,2009.0,A01,14,11,2019,17:45,3,76.0,76566,1,2,8.0,3.0,Route de Langrume,"49,6080250","0,9542630",,76.076566,76566,Seine-Maritime,28.0,Normandie,80.0,3.0,2.0,2,2.0,28,Normandie,76,3,24,Sainte-Austreberthe,665,6,671.0,1.0,7,,0.0,2.0,1.0,1.0
201900027418,1.0,1,3,2,0.0,1.0,0.0,0,-1.0,1946.0,A01,11,11,2019,18:45,5,76.0,76351,2,3,3.0,6.0,AVIATEUR GUERIN,"49,4865900","0,1263200",,76.076351,76351,Seine-Maritime,28.0,Normandie,50.0,4.0,2.0,2,3.0,28,Normandie,76,2,96,LeHavre,166058,1780,167838.0,2.0,7,,12.0,0.0,0.0,0.0
201900027419,1.0,1,3,1,0.0,2.0,-1.0,0,-1.0,1958.0,A01,9,11,2019,15:30,1,76.0,76351,2,1,3.0,7.0,EUGENE MOPIN (RUE),"49,5191400","0,1581800",,76.076351,76351,Seine-Maritime,28.0,Normandie,50.0,3.0,2.0,2,3.0,28,Normandie,76,2,96,LeHavre,166058,1780,167838.0,2.0,33,,0.0,0.0,0.0,1.0
201900027448,1.0,1,4,1,5.0,8.0,0.0,0,-1.0,2004.0,A01,10,11,2019,14:32,1,76.0,76498,2,1,1.0,3.0,VALLEE. RUE LUCIEN,"49,4222600","1,0568900",,76.076498,76498,Seine-Maritime,28.0,Normandie,50.0,4.0,1.0,1,1.0,28,Normandie,76,3,27,LePetit-Quevilly,21782,274,22056.0,0.0,1,,0.0,2.0,1.0,5.0
201900027448,1.0,1,1,1,5.0,1.0,0.0,0,-1.0,1980.0,B01,10,11,2019,14:32,1,76.0,76498,2,1,1.0,3.0,VALLEE. RUE LUCIEN,"49,4222600","1,0568900",,76.076498,76498,Seine-Maritime,28.0,Normandie,50.0,4.0,1.0,1,1.0,28,Normandie,76,3,27,LePetit-Quevilly,21782,274,22056.0,0.0,7,,0.0,2.0,3.0,16.0
201900027449,10.0,3,3,1,0.0,0.0,6.0,3,1.0,1939.0,Z01,9,11,2019,09:00,1,76.0,76351,2,1,1.0,6.0,rue théophile gautier,"49,5178800","0,0957700",,76.076351,76351,Seine-Maritime,28.0,Normandie,50.0,4.0,-1.0,0,1.0,28,Normandie,76,2,96,LeHavre,166058,1780,167838.0,3.0,7,,0.0,1.0,4.0,20.0
201900027450,1.0,1,1,1,0.0,2.0,-1.0, -1,-1.0,1986.0,A01,11,11,2019,20:25,5,76.0,76351,2,1,1.0,6.0,ALBERT 1ER,"49,5007800","0,0885500",,76.076351,76351,Seine-Maritime,28.0,Normandie,30.0,3.0,2.0,2,3.0,28,Normandie,76,2,96,LeHavre,166058,1780,167838.0,1.0,33,,0.0,1.0,1.0,1.0
201900027450,10.0,3,3,2,5.0,8.0,3.0,3,1.0,1948.0,A01,11,11,2019,20:25,5,76.0,76351,2,1,1.0,6.0,ALBERT 1ER,"49,5007800","0,0885500",,76.076351,76351,Seine-Maritime,28.0,Normandie,30.0,3.0,2.0,2,3.0,28,Normandie,76,2,96,LeHavre,166058,1780,167838.0,1.0,33,,0.0,1.0,1.0,1.0
201900027876,10.0,3,4,1,0.0,0.0,3.0,3,1.0,1963.0,A01,4,10,2019,19:55,2,76.0,76351,2,1,2.0,6.0,HUIT MAI 1945 (AVENUE DU),"49,5158900","0,1710000",,76.076351,76351,Seine-Maritime,28.0,Normandie,50.0,4.0,4.0,4,2.0,28,Normandie,76,2,96,LeHavre,166058,1780,167838.0,2.0,7,,0.0,1.0,0.0,1.0
201900027876,1.0,1,1,1,0.0,1.0,-1.0, -1,-1.0,1979.0,A01,4,10,2019,19:55,2,76.0,76351,2,1,2.0,6.0,HUIT MAI 1945 (AVENUE DU),"49,5158900","0,1710000",,76.076351,76351,Seine-Maritime,28.0,Normandie,50.0,4.0,4.0,4,2.0,28,Normandie,76,2,96,LeHavre,166058,1780,167838.0,2.0,7,,0.0,1.0,0.0,1.0
201900027877,1.0,1,1,1,0.0,1.0,0.0,0,-1.0,1974.0,A01,30,9,2019,18:30,1,76.0,76259,2,3,1.0,3.0,QUEUE DE RENARD ( RUE),"49,7568600","0,3903700",,76.076259,76259,Seine-Maritime,28.0,Normandie,50.0,4.0,2.0,2,1.0,28,Normandie,76,2,11,Fécamp,18016,269,18285.0,1.0,7,,0.0,2.0,3.0,9.0
201900027877,2.0,2,1,1,0.0,2.0,0.0,0,-1.0,2012.0,B01,30,9,2019,18:30,1,76.0,76259,2,3,1.0,3.0,QUEUE DE RENARD ( RUE),"49,7568600","0,3903700",,76.076259,76259,Seine-Maritime,28.0,Normandie,50.0,4.0,2.0,2,1.0,28,Normandie,76,2,11,Fécamp,18016,269,18285.0,2.0,30,,0.0,2.0,1.0,1.0
201900027877,1.0,1,4,2,0.0,2.0,0.0,0,-1.0,1977.0,B01,30,9,2019,18:30,1,76.0,76259,2,3,1.0,3.0,QUEUE DE RENARD ( RUE),"49,7568600","0,3903700",,76.076259,76259,Seine-Maritime,28.0,Normandie,50.0,4.0,2.0,2,1.0,28,Normandie,76,2,11,Fécamp,18016,269,18285.0,2.0,30,,0.0,2.0,1.0,1.0
201900028149,1.0,1,3,2,3.0,1.0,0.0,0,-1.0,1941.0,B01,6,9,2019,14:00,1,76.0,76014,2,4,1.0,3.0,600 Route du Pays de Caux,"49,5892610","0,2941430",,76.076014,76014,Seine-Maritime,28.0,Normandie,50.0,3.0,2.0,2,1.0,28,Normandie,76,2,26,Angerville-l'Orcher,1394,14,1408.0,1.0,7,,0.0,2.0,2.0,1.0
201900028149,1.0,1,1,1,4.0,1.0,0.0,0,-1.0,1987.0,A01,6,9,2019,14:00,1,76.0,76014,2,4,1.0,3.0,600 Route du Pays de Caux,"49,5892610","0,2941430",,76.076014,76014,Seine-Maritime,28.0,Normandie,50.0,3.0,2.0,2,1.0,28,Normandie,76,2,26,Angerville-l'Orcher,1394,14,1408.0,1.0,7,,0.0,2.0,1.0,19.0
201900028150,1.0,1,1,1,4.0,1.0,0.0,0,-1.0,1985.0,B01,6,9,2019,17:30,1,76.0,76224,1,2,1.0,3.0,RD 139,"49,6463290","0,3056010",,76.076224,76224,Seine-Maritime,28.0,Normandie,70.0,3.0,2.0,2,1.0,28,Normandie,76,2,32,ÉcrainvilLe969,19,988,,1.0,7,,0.0,2.0,1.0,19.0
201900028150,1.0,1,3,1,0.0,2.0,0.0,0,-1.0,1960.0,A01,6,9,2019,17:30,1,76.0,76224,1,2,1.0,3.0,RD 139,"49,6463290","0,3056010",,76.076224,76224,Seine-Maritime,28.0,Normandie,70.0,3.0,2.0,2,1.0,28,Normandie,76,2,32,ÉcrainvilLe969,19,988,,1.0,34,,0.0,2.0,1.0,1.0
201900028479,1.0,1,4,1,0.0,2.0,-1.0,0,-1.0,1981.0,A01,12,4,2019,21:50,5,76.0,76319,2,1,1.0,2.0,CAEN. AVENUE DE,"49,3448000","0,9851000",,76.076319,76319,Seine-Maritime,28.0,Normandie,50.0,3.0,-1.0,2,1.0,28,Normandie,76,3,9,Grand-Couronne,9726,177,9903.0,2.0,30,,0.0,2.0,1.0,0.0
201900028479,1.0,1,4,1,4.0,2.0,-1.0,0,-1.0,1962.0,B01,12,4,2019,21:50,5,76.0,76319,2,1,1.0,2.0,CAEN. AVENUE DE,"49,3448000","0,9851000",,76.076319,76319,Seine-Maritime,28.0,Normandie,50.0,3.0,-1.0,2,1.0,28,Normandie,76,3,9,Grand-Couronne,9726,177,9903.0,2.0,33,,0.0,2.0,1.0,0.0
201900028480,3.0,2,4,1,5.0,1.0,-1.0,0,-1.0,1973.0,A01,1,4,2019,16:00,1,76.0,76497,1,1,1.0,6.0,RN 138,"49,3555025","1,0322350",,76.076497,76497,Seine-Maritime,28.0,Normandie,90.0,2.0,1.0,2,1.0,28,Normandie,76,3,13,Petit-Couronne,8688,175,8863.0,1.0,7,,8.0,0.0,7.0,0.0
201900028480,2.0,2,4,1,5.0,1.0,-1.0,0,-1.0,1983.0,A01,1,4,2019,16:00,1,76.0,76497,1,1,1.0,6.0,RN 138,"49,3555025","1,0322350",,76.076497,76497,Seine-Maritime,28.0,Normandie,90.0,2.0,1.0,2,1.0,28,Normandie,76,3,13,Petit-Couronne,8688,175,8863.0,1.0,7,,8.0,0.0,7.0,0.0
201900028480,4.0,2,4,1,5.0,1.0,-1.0,0,-1.0,1992.0,A01,1,4,2019,16:00,1,76.0,76497,1,1,1.0,6.0,RN 138,"49,3555025","1,0322350",,76.076497,76497,Seine-Maritime,28.0,Normandie,90.0,2.0,1.0,2,1.0,28,Normandie,76,3,13,Petit-Couronne,8688,175,8863.0,1.0,7,,8.0,0.0,7.0,0.0
201900028480,1.0,1,4,1,5.0,1.0,-1.0,0,-1.0,1985.0,A01,1,4,2019,16:00,1,76.0,76497,1,1,1.0,6.0,RN 138,"49,3555025","1,0322350",,76.076497,76497,Seine-Maritime,28.0,Normandie,90.0,2.0,1.0,2,1.0,28,Normandie,76,3,13,Petit-Couronne,8688,175,8863.0,1.0,7,,8.0,0.0,7.0,0.0
201900028481,1.0,1,4,1,5.0,2.0,-1.0,0,-1.0,1985.0,B01,11,4,2019,14:40,1,76.0,76351,2,3,1.0,3.0,PABLO NERUDA (RUE),"49,5043878","0,1545596",,76.076351,76351,Seine-Maritime,28.0,Normandie,50.0,4.0,2.0,3,1.0,28,Normandie,76,2,96,LeHavre,166058,1780,167838.0,1.0,33,,0.0,2.0,2.0,1.0
201900028481,1.0,1,1,2,0.0,1.0,-1.0,0,-1.0,1983.0,A01,11,4,2019,14:40,1,76.0,76351,2,3,1.0,3.0,PABLO NERUDA (RUE),"49,5043878","0,1545596",,76.076351,76351,Seine-Maritime,28.0,Normandie,50.0,4.0,2.0,3,1.0,28,Normandie,76,2,96,LeHavre,166058,1780,167838.0,1.0,7,,0.0,2.0,3.0,15.0
201900028482,1.0,1,3,1,0.0,2.0,-1.0,0,-1.0,2001.0,B01,10,4,2019,10:40,1,76.0,76351,2,3,1.0,3.0,LAMBLARDIE (QUAI),"49,4896200","0,1131100",,76.076351,76351,Seine-Maritime,28.0,Normandie,50.0,4.0,2.0,2,2.0,28,Normandie,76,2,96,LeHavre,166058,1780,167838.0,2.0,32,,0.0,2.0,1.0,0.0
201900028482,1.0,1,1,1,0.0,1.0,-1.0,0,-1.0,1995.0,A01,10,4,2019,10:40,1,76.0,76351,2,3,1.0,3.0,LAMBLARDIE (QUAI),"49,4896200","0,1131100",,76.076351,76351,Seine-Maritime,28.0,Normandie,50.0,4.0,2.0,2,2.0,28,Normandie,76,2,96,LeHavre,166058,1780,167838.0,1.0,7,,0.0,2.0,3.0,9.0
201900028483,1.0,1,4,2,1.0,2.0,0.0,0,-1.0,1962.0,B01,9,4,2019,17:35,1,76.0,76351,2,1,1.0,6.0,REPUBLIQUE (COURS DE LA),"49,4983900","0,1285100",,76.076351,76351,Seine-Maritime,28.0,Normandie,50.0,4.0,3.0,4,1.0,28,Normandie,76,2,96,LeHavre,166058,1780,167838.0,0.0,32,,0.0,2.0,7.0,1.0
201900028684,1.0,1,1,1,1.0,1.0,0.0,0,-1.0,1976.0,B01,25,7,2019,18:25,1,76.0,76451,2,2,1.0,3.0,TRONQUET. RUE DU,"49,4674100","1,0736600",,76.076451,76451,Seine-Maritime,28.0,Normandie,50.0,4.0,2.0,2,1.0,28,Normandie,76,3,22,Mont-Saint-Aignan,20066,415,20481.0,0.0,7,,0.0,2.0,1.0,1.0
201900028684,1.0,1,4,2,1.0,1.0,0.0,0,-1.0,1997.0,A01,25,7,2019,18:25,1,76.0,76451,2,2,1.0,3.0,TRONQUET. RUE DU,"49,4674100","1,0736600",,76.076451,76451,Seine-Maritime,28.0,Normandie,50.0,4.0,2.0,2,1.0,28,Normandie,76,3,22,Mont-Saint-Aignan,20066,415,20481.0,0.0,7,,0.0,2.0,8.0,15.0
201900028685,3.0,2,4,2,5.0,1.0,0.0,0,-1.0,1998.0,A01,19,7,2019,06:09,3,76.0,76319,1,1,1.0,6.0,MUR GRENELE. RUE DU,"49,3411507","1,0228432",,76.076319,76319,Seine-Maritime,28.0,Normandie,50.0,4.0,2.0,2,1.0,28,Normandie,76,3,9,Grand-Couronne,9726,177,9903.0,3.0,7,,2.0,0.0,1.0,0.0
201900028685,4.0,2,4,1,5.0,1.0,0.0,0,-1.0,1995.0,A01,19,7,2019,06:09,3,76.0,76319,1,1,1.0,6.0,MUR GRENELE. RUE DU,"49,3411507","1,0228432",,76.076319,76319,Seine-Maritime,28.0,Normandie,50.0,4.0,2.0,2,1.0,28,Normandie,76,3,9,Grand-Couronne,9726,177,9903.0,3.0,7,,2.0,0.0,1.0,0.0
201900028685,5.0,2,4,1,5.0,1.0,0.0,0,-1.0,1996.0,A01,19,7,2019,06:09,3,76.0,76319,1,1,1.0,6.0,MUR GRENELE. RUE DU,"49,3411507","1,0228432",,76.076319,76319,Seine-Maritime,28.0,Normandie,50.0,4.0,2.0,2,1.0,28,Normandie,76,3,9,Grand-Couronne,9726,177,9903.0,3.0,7,,2.0,0.0,1.0,0.0
201900028685,2.0,2,4,2,5.0,1.0,0.0,0,-1.0,2000.0,A01,19,7,2019,06:09,3,76.0,76319,1,1,1.0,6.0,MUR GRENELE. RUE DU,"49,3411507","1,0228432",,76.076319,76319,Seine-Maritime,28.0,Normandie,50.0,4.0,2.0,2,1.0,28,Normandie,76,3,9,Grand-Couronne,9726,177,9903.0,3.0,7,,2.0,0.0,1.0,0.0
201900028686,1.0,1,4,1,5.0,1.0,0.0,0,-1.0,1970.0,A01,24,7,2019,16:15,1,76.0,76640,2,1,1.0,1.0,SAINT CYR. ROUTE DE,"49,2589300","1,0388300",,76.076640,76640,Seine-Maritime,28.0,Normandie,50.0,3.0,2.0,2,1.0,28,Normandie,76,3,5,Saint-Pierre-lès-Elbeuf,8285,87,8372.0,2.0,7,,0.0,2.0,1.0,0.0
201900028686,1.0,1,1,1,0.0,1.0,0.0,0,-1.0,1968.0,B01,24,7,2019,16:15,1,76.0,76640,2,1,1.0,1.0,SAINT CYR. ROUTE DE,"49,2589300","1,0388300",,76.076640,76640,Seine-Maritime,28.0,Normandie,50.0,3.0,2.0,2,1.0,28,Normandie,76,3,5,Saint-Pierre-lès-Elbeuf,8285,87,8372.0,1.0,7,,0.0,2.0,1.0,0.0
201900028687,1.0,1,1,1,4.0,1.0,-1.0, -1,-1.0,1972.0,B01,24,7,2019,07:25,1,76.0,76681,1,1,1.0,6.0,EAUPLET. RUE D',"49,4221100","1,1087300",,76.076681,76681,Seine-Maritime,28.0,Normandie,30.0,4.0,2.0,2,1.0,28,Normandie,76,3,99,Sotteville-lès-Rouen,28965,475,29440.0,0.0,7,,0.0,2.0,8.0,15.0
201900028687,1.0,1,4,1,0.0,2.0,0.0,0,-1.0,1994.0,A01,24,7,2019,07:25,1,76.0,76681,1,1,1.0,6.0,EAUPLET. RUE D',"49,4221100","1,1087300",,76.076681,76681,Seine-Maritime,28.0,Normandie,30.0,4.0,2.0,2,1.0,28,Normandie,76,3,99,Sotteville-lès-Rouen,28965,475,29440.0,0.0,33,,1.0,2.0,2.0,17.0
201900029301,1.0,1,1,1,2.0,1.0,0.0,0,-1.0,2001.0,A01,12,11,2019,07:55,1,76.0,76705,1,1,2.0,3.0,A13,"49,3249130","1,0954700",,76.076705,76705,Seine-Maritime,28.0,Normandie,110.0,1.0,1.0,3,2.0,28,Normandie,76,3,5,Tourville-la-Rivière,2568,19,2587.0,1.0,7,,0.0,0.0,8.0,17.0
201900029301,1.0,1,4,1,2.0,2.0,0.0,0,-1.0,1995.0,B01,12,11,2019,07:55,1,76.0,76705,1,1,2.0,3.0,A13,"49,3249130","1,0954700",,76.076705,76705,Seine-Maritime,28.0,Normandie,110.0,1.0,1.0,3,2.0,28,Normandie,76,3,5,Tourville-la-Rivière,2568,19,2587.0,1.0,33,,0.0,2.0,1.0,1.0
201900029368,1.0,1,1,2,0.0,1.0,0.0,0,-1.0,1959.0,A01,10,12,2019,17:20,3,76.0,76446,1,1,1.0,6.0,D982,"49,4450960","1,0096100",,76.076446,76446,Seine-Maritime,28.0,Normandie,80.0,3.0,2.0,2,1.0,28,Normandie,76,3,24,Montigny,1285,14,1299.0,1.0,7,,0.0,1.0,1.0,1.0
201900029368,10.0,3,3,1,0.0,0.0,1.0,B,1.0,1974.0,A01,10,12,2019,17:20,3,76.0,76446,1,1,1.0,6.0,D982,"49,4450960","1,0096100",,76.076446,76446,Seine-Maritime,28.0,Normandie,80.0,3.0,2.0,2,1.0,28,Normandie,76,3,24,Montigny,1285,14,1299.0,1.0,7,,0.0,1.0,1.0,1.0
201900029368,2.0,2,1,2,5.0,1.0,0.0,0,-1.0,1965.0,B01,10,12,2019,17:20,3,76.0,76446,1,1,1.0,6.0,D982,"49,4450960","1,0096100",,76.076446,76446,Seine-Maritime,28.0,Normandie,80.0,3.0,2.0,2,1.0,28,Normandie,76,3,24,Montigny,1285,14,1299.0,1.0,7,,0.0,2.0,1.0,1.0
201900029368,1.0,1,1,2,0.0,1.0,0.0,0,-1.0,1997.0,B01,10,12,2019,17:20,3,76.0,76446,1,1,1.0,6.0,D982,"49,4450960","1,0096100",,76.076446,76446,Seine-Maritime,28.0,Normandie,80.0,3.0,2.0,2,1.0,28,Normandie,76,3,24,Montigny,1285,14,1299.0,1.0,7,,0.0,2.0,1.0,1.0
201900029607,1.0,1,1,1,4.0,0.0,0.0,0,-1.0,1972.0,A01,7,10,2019,15:20,1,76.0,76408,1,1,1.0,3.0,route des mésanges - CD10,"49,6168230","0,3507050",,76.076408,76408,Seine-Maritime,28.0,Normandie,80.0,3.0,2.0,2,1.0,28,Normandie,76,2,32,Manneville-la-Goupil,1052,14,1066.0,1.0,21,,0.0,9.0,5.0,17.0
201900029607,1.0,1,4,1,5.0,2.0,0.0,0,-1.0,1961.0,B01,7,10,2019,15:20,1,76.0,76408,1,1,1.0,3.0,route des mésanges - CD10,"49,6168230","0,3507050",,76.076408,76408,Seine-Maritime,28.0,Normandie,80.0,3.0,2.0,2,1.0,28,Normandie,76,2,32,Manneville-la-Goupil,1052,14,1066.0,1.0,1,,0.0,2.0,3.0,1.0
201900029722,1.0,1,4,1,1.0,1.0,0.0,0,-1.0,1980.0,A01,7,10,2019,02:40,3,76.0,76404,1,1,1.0,7.0,Route Departementale 925,"49,5885330","0,2575490",,76.076404,76404,Seine-Maritime,28.0,Normandie,80.0,3.0,2.0,2,2.0,28,Normandie,76,2,26,Manéglise,1264,23,1287.0,2.0,7,,0.0,0.0,2.0,1.0
201900029808,1.0,1,3,1,1.0,1.0,0.0,0,-1.0,1996.0,A01,24,1,2019,03:45,3,76.0,76309,2,1,1.0,6.0,CD 37,"49,7636540","0,7968020",,76.076309,76309,Seine-Maritime,28.0,Normandie,80.0,3.0,2.0,2,2.0,28,Normandie,76,3,35,GonzevilLe130,1,131,,2.0,7,,2.0,0.0,0.0,1.0
201900029809,1.0,1,3,1,1.0,2.0,0.0,0,-1.0,2001.0,B01,25,1,2019,18:45,5,76.0,76051,2,4,8.0,1.0,intersection RD 149 et rue aux loups,"49,7858790","1,0016960",,76.076051,76051,Seine-Maritime,28.0,Normandie,50.0,3.0,2.0,2,2.0,28,Normandie,76,1,20,Bacqueville-en-Caux,1900,35,1935.0,1.0,2,,0.0,2.0,3.0,1.0
201900029809,1.0,1,1,2,1.0,1.0,0.0,0,-1.0,1986.0,A01,25,1,2019,18:45,5,76.0,76051,2,4,8.0,1.0,intersection RD 149 et rue aux loups,"49,7858790","1,0016960",,76.076051,76051,Seine-Maritime,28.0,Normandie,50.0,3.0,2.0,2,2.0,28,Normandie,76,1,20,Bacqueville-en-Caux,1900,35,1935.0,2.0,7,,0.0,2.0,1.0,11.0
201900029924,1.0,1,2,2,5.0,2.0,0.0,0,-1.0,1965.0,A01,8,9,2019,00:30,5,76.0,76164,2,7,1.0,6.0,place du parvis,"49,5259380","0,7248210",,76.076164,76164,Seine-Maritime,28.0,Normandie,50.0,4.0,2.0,2,1.0,28,Normandie,76,3,25,Rives-en-Seine,4078,66,4144.0,0.0,36,,12.0,0.0,2.0,1.0
201900029924,2.0,2,1,1,5.0,2.0,0.0,0,-1.0,1960.0,A01,8,9,2019,00:30,5,76.0,76164,2,7,1.0,6.0,place du parvis,"49,5259380","0,7248210",,76.076164,76164,Seine-Maritime,28.0,Normandie,50.0,4.0,2.0,2,1.0,28,Normandie,76,3,25,Rives-en-Seine,4078,66,4144.0,0.0,36,,12.0,0.0,2.0,1.0
201900030010,1.0,1,4,1,1.0,2.0,-1.0, -1,-1.0,1996.0,A01,3,9,2019,08:10,1,76.0,76498,1,1,1.0,3.0,SUD III (RN 338),"49,4298300","1,0568800",,76.076498,76498,Seine-Maritime,28.0,Normandie,90.0,2.0,3.0,4,1.0,28,Normandie,76,3,27,LePetit-Quevilly,21782,274,22056.0,1.0,34,,0.0,2.0,6.0,1.0
201900030011,1.0,1,1,1,4.0,1.0,-1.0,0,-1.0,1995.0,A01,2,9,2019,08:47,1,76.0,76540,2,1,1.0,6.0,"Jean Mullot, rue","49,4268600","1,0779200",,76.076540,76540,Seine-Maritime,28.0,Normandie,50.0,4.0,2.0,2,1.0,28,Normandie,76,3,97,Rouen,114083,1556,115639.0,0.0,10,,0.0,1.0,1.0,1.0
201900030011,10.0,3,4,2,2.0,8.0,3.0,3,1.0,1992.0,A01,2,9,2019,08:47,1,76.0,76540,2,1,1.0,6.0,"Jean Mullot, rue","49,4268600","1,0779200",,76.076540,76540,Seine-Maritime,28.0,Normandie,50.0,4.0,2.0,2,1.0,28,Normandie,76,3,97,Rouen,114083,1556,115639.0,0.0,10,,0.0,1.0,1.0,1.0
201900030241,1.0,1,4,2,0.0,2.0,-1.0,0,-1.0,1963.0,B01,23,6,2019,14:20,1,76.0,76540,2,2,1.0,3.0,MARNE. BOULEVARD DE LA,"49,4469300","1,0925700",,76.076540,76540,Seine-Maritime,28.0,Normandie,50.0,3.0,3.0,5,1.0,28,Normandie,76,3,97,Rouen,114083,1556,115639.0,0.0,31,,0.0,2.0,1.0,1.0
201900030241,1.0,1,1,1,5.0,1.0,-1.0,0,-1.0,1934.0,A01,23,6,2019,14:20,1,76.0,76540,2,2,1.0,3.0,MARNE. BOULEVARD DE LA,"49,4469300","1,0925700",,76.076540,76540,Seine-Maritime,28.0,Normandie,50.0,3.0,3.0,5,1.0,28,Normandie,76,3,97,Rouen,114083,1556,115639.0,0.0,7,,0.0,2.0,2.0,15.0
201900031219,1.0,1,1,1,4.0,1.0,0.0,0,-1.0,1987.0,A01,19,12,2019,07:45,3,76.0,76238,1,1,1.0,2.0,Rue de Coupeauville,"49,5588577","0,2341140",,76.076238,76238,Seine-Maritime,28.0,Normandie,80.0,3.0,2.0,2,1.0,28,Normandie,76,2,26,ÉpouvilLe2641,38,2679,,1.0,16,,0.0,9.0,2.0,1.0
201900031219,1.0,1,3,1,1.0,0.0,0.0,0,-1.0,1994.0,B01,19,12,2019,07:45,3,76.0,76238,1,1,1.0,2.0,Rue de Coupeauville,"49,5588577","0,2341140",,76.076238,76238,Seine-Maritime,28.0,Normandie,80.0,3.0,2.0,2,1.0,28,Normandie,76,2,26,ÉpouvilLe2641,38,2679,,1.0,1,,0.0,2.0,4.0,1.0
201900031339,1.0,1,1,2,5.0,1.0,0.0,0,-1.0,1953.0,B01,17,12,2019,14:15,1,76.0,76392,2,3,2.0,3.0,Rue du Maréchal Leclerc,"49,8357370","1,3978260",,76.076392,76392,Seine-Maritime,28.0,Normandie,50.0,3.0,2.0,2,2.0,28,Normandie,76,1,23,Londinières,1243,20,1263.0,2.0,7,,0.0,2.0,1.0,16.0
201900031339,2.0,2,4,1,5.0,1.0,0.0,0,-1.0,1950.0,B01,17,12,2019,14:15,1,76.0,76392,2,3,2.0,3.0,Rue du Maréchal Leclerc,"49,8357370","1,3978260",,76.076392,76392,Seine-Maritime,28.0,Normandie,50.0,3.0,2.0,2,2.0,28,Normandie,76,1,23,Londinières,1243,20,1263.0,2.0,7,,0.0,2.0,1.0,16.0
201900031339,1.0,1,1,1,4.0,8.0,0.0,0,-1.0,1984.0,A01,17,12,2019,14:15,1,76.0,76392,2,3,2.0,3.0,Rue du Maréchal Leclerc,"49,8357370","1,3978260",,76.076392,76392,Seine-Maritime,28.0,Normandie,50.0,3.0,2.0,2,2.0,28,Normandie,76,1,23,Londinières,1243,20,1263.0,1.0,10,,0.0,2.0,2.0,1.0