Num_Acc,place,catu,grav,sexe,trajet,secu,locp,actp,etatp,an_nais,num_veh,jour,mois,an,hrmn,lum,dep,com,agg,int,atm,col,adr,lat,long,gps,com_insee_temp,com_insee,departmentName,regionCode,regionName,vma,catr,circ,nbv,surf,Code,Region,Departement,Arrondissement,Code_Canton,Nom_Commune,Population_municipaLe,Population_comptee_a_part,Population_Totale,senc,catv,occutc,obs,obsm,choc,manv
201900033585,1.0,1,4,1,0.0,1.0,0.0,0,-1.0,1999.0,B01,18,1,2019,18:00,5,76.0,76447,2,3,1.0,1.0,JEAN JAURES,"49,5439900","0,1952300",,76.076447,76447,Seine-Maritime,28.0,Normandie,50.0,4.0,2.0,2,1.0,28,Normandie,76,2,15,Montivilliers,15457,203,15660.0,0.0,7,,0.0,2.0,2.0,15.0
201900033585,1.0,1,1,2,0.0,1.0,0.0,0,-1.0,1990.0,A01,18,1,2019,18:00,5,76.0,76447,2,3,1.0,1.0,JEAN JAURES,"49,5439900","0,1952300",,76.076447,76447,Seine-Maritime,28.0,Normandie,50.0,4.0,2.0,2,1.0,28,Normandie,76,2,15,Montivilliers,15457,203,15660.0,0.0,7,,0.0,2.0,3.0,19.0
201900033585,2.0,2,4,2,0.0,1.0,0.0,0,-1.0,1997.0,A01,18,1,2019,18:00,5,76.0,76447,2,3,1.0,1.0,JEAN JAURES,"49,5439900","0,1952300",,76.076447,76447,Seine-Maritime,28.0,Normandie,50.0,4.0,2.0,2,1.0,28,Normandie,76,2,15,Montivilliers,15457,203,15660.0,0.0,7,,0.0,2.0,3.0,19.0
201900033586,1.0,1,4,2,2.0,1.0,0.0,0,-1.0,1966.0,B01,19,1,2019,07:50,2,76.0,76351,2,2,1.0,3.0,MARECHAL JOFFRE (RUE),"49,4985200","0,1179500",,76.076351,76351,Seine-Maritime,28.0,Normandie,50.0,4.0,2.0,2,2.0,28,Normandie,76,2,96,LeHavre,166058,1780,167838.0,2.0,7,,0.0,2.0,3.0,1.0
201900033586,3.0,2,4,2,2.0,1.0,0.0,0,-1.0,2004.0,B01,19,1,2019,07:50,2,76.0,76351,2,2,1.0,3.0,MARECHAL JOFFRE (RUE),"49,4985200","0,1179500",,76.076351,76351,Seine-Maritime,28.0,Normandie,50.0,4.0,2.0,2,2.0,28,Normandie,76,2,96,LeHavre,166058,1780,167838.0,2.0,7,,0.0,2.0,3.0,1.0
201900033586,2.0,2,4,2,2.0,1.0,0.0,0,-1.0,1963.0,B01,19,1,2019,07:50,2,76.0,76351,2,2,1.0,3.0,MARECHAL JOFFRE (RUE),"49,4985200","0,1179500",,76.076351,76351,Seine-Maritime,28.0,Normandie,50.0,4.0,2.0,2,2.0,28,Normandie,76,2,96,LeHavre,166058,1780,167838.0,2.0,7,,0.0,2.0,3.0,1.0
201900033766,1.0,1,3,1,5.0,1.0,0.0,0,-1.0,1977.0,A01,3,9,2019,17:15,1,76.0,76147,1,1,1.0,5.0,RD 48,"49,7331430","1,3761220",,76.076147,76147,Seine-Maritime,28.0,Normandie,80.0,3.0,2.0,2,1.0,28,Normandie,76,1,23,Bully,883,22,905.0,1.0,7,,0.0,2.0,9.0,26.0
201900033766,9.0,2,1,1,5.0,1.0,0.0,0,-1.0,2009.0,A01,3,9,2019,17:15,1,76.0,76147,1,1,1.0,5.0,RD 48,"49,7331430","1,3761220",,76.076147,76147,Seine-Maritime,28.0,Normandie,80.0,3.0,2.0,2,1.0,28,Normandie,76,1,23,Bully,883,22,905.0,1.0,7,,0.0,2.0,9.0,26.0
201900033766,1.0,1,1,2,5.0,1.0,0.0,0,-1.0,1963.0,B01,3,9,2019,17:15,1,76.0,76147,1,1,1.0,5.0,RD 48,"49,7331430","1,3761220",,76.076147,76147,Seine-Maritime,28.0,Normandie,80.0,3.0,2.0,2,1.0,28,Normandie,76,1,23,Bully,883,22,905.0,1.0,7,,0.0,2.0,6.0,2.0
201900033766,1.0,1,1,1,4.0,0.0,0.0,0,-1.0,1972.0,C01,3,9,2019,17:15,1,76.0,76147,1,1,1.0,5.0,RD 48,"49,7331430","1,3761220",,76.076147,76147,Seine-Maritime,28.0,Normandie,80.0,3.0,2.0,2,1.0,28,Normandie,76,1,23,Bully,883,22,905.0,1.0,16,,0.0,2.0,1.0,26.0
201900033804,1.0,1,4,1,0.0,1.0,-1.0, -1,-1.0,1998.0,A01,1,9,2019,19:27,1,76.0,76157,1,1,1.0,1.0,SAHURS. ROUTE DE (CD 351),"49,4289300","1,0103000",,76.076157,76157,Seine-Maritime,28.0,Normandie,70.0,3.0,2.0,2,1.0,28,Normandie,76,3,4,Canteleu,13966,360,14326.0,1.0,7,,0.0,2.0,1.0,2.0
201900033804,2.0,2,4,2,5.0,1.0,-1.0, -1,-1.0,1948.0,B01,1,9,2019,19:27,1,76.0,76157,1,1,1.0,1.0,SAHURS. ROUTE DE (CD 351),"49,4289300","1,0103000",,76.076157,76157,Seine-Maritime,28.0,Normandie,70.0,3.0,2.0,2,1.0,28,Normandie,76,3,4,Canteleu,13966,360,14326.0,1.0,7,,0.0,2.0,4.0,2.0
201900033804,1.0,1,4,1,5.0,1.0,-1.0, -1,-1.0,1946.0,B01,1,9,2019,19:27,1,76.0,76157,1,1,1.0,1.0,SAHURS. ROUTE DE (CD 351),"49,4289300","1,0103000",,76.076157,76157,Seine-Maritime,28.0,Normandie,70.0,3.0,2.0,2,1.0,28,Normandie,76,3,4,Canteleu,13966,360,14326.0,1.0,7,,0.0,2.0,4.0,2.0
201900033805,2.0,2,1,2,4.0,1.0,0.0,0,-1.0,1938.0,B01,30,8,2019,14:05,1,76.0,76351,1,6,1.0,6.0,JEAN JACQUES ROUSSEAU (PONT),"49,4919900","0,1326800",,76.076351,76351,Seine-Maritime,28.0,Normandie,50.0,4.0,3.0,6,1.0,28,Normandie,76,2,96,LeHavre,166058,1780,167838.0,0.0,7,,0.0,2.0,2.0,1.0
201900033805,1.0,1,1,1,4.0,1.0,0.0,0,-1.0,1957.0,B01,30,8,2019,14:05,1,76.0,76351,1,6,1.0,6.0,JEAN JACQUES ROUSSEAU (PONT),"49,4919900","0,1326800",,76.076351,76351,Seine-Maritime,28.0,Normandie,50.0,4.0,3.0,6,1.0,28,Normandie,76,2,96,LeHavre,166058,1780,167838.0,0.0,7,,0.0,2.0,2.0,1.0
201900033805,1.0,1,4,1,4.0,2.0,0.0,0,-1.0,1997.0,A01,30,8,2019,14:05,1,76.0,76351,1,6,1.0,6.0,JEAN JACQUES ROUSSEAU (PONT),"49,4919900","0,1326800",,76.076351,76351,Seine-Maritime,28.0,Normandie,50.0,4.0,3.0,6,1.0,28,Normandie,76,2,96,LeHavre,166058,1780,167838.0,0.0,1,,0.0,2.0,1.0,13.0
201900033806,1.0,1,4,1,0.0,1.0,-1.0,0,-1.0,1998.0,C01,31,8,2019,06:40,2,76.0,76351,2,2,1.0,4.0,LENINGRAD (BD DE),"49,4986400","0,1590300",,76.076351,76351,Seine-Maritime,28.0,Normandie,50.0,3.0,3.0,6,1.0,28,Normandie,76,2,96,LeHavre,166058,1780,167838.0,1.0,7,,0.0,2.0,4.0,23.0
201900033806,1.0,1,1,2,5.0,1.0,-1.0,0,-1.0,2001.0,B01,31,8,2019,06:40,2,76.0,76351,2,2,1.0,4.0,LENINGRAD (BD DE),"49,4986400","0,1590300",,76.076351,76351,Seine-Maritime,28.0,Normandie,50.0,3.0,3.0,6,1.0,28,Normandie,76,2,96,LeHavre,166058,1780,167838.0,1.0,7,,0.0,2.0,4.0,23.0
201900033806,2.0,2,4,2,5.0,1.0,-1.0,0,-1.0,2000.0,B01,31,8,2019,06:40,2,76.0,76351,2,2,1.0,4.0,LENINGRAD (BD DE),"49,4986400","0,1590300",,76.076351,76351,Seine-Maritime,28.0,Normandie,50.0,3.0,3.0,6,1.0,28,Normandie,76,2,96,LeHavre,166058,1780,167838.0,1.0,7,,0.0,2.0,4.0,23.0
201900033806,3.0,2,1,1,5.0,1.0,-1.0,0,-1.0,2000.0,B01,31,8,2019,06:40,2,76.0,76351,2,2,1.0,4.0,LENINGRAD (BD DE),"49,4986400","0,1590300",,76.076351,76351,Seine-Maritime,28.0,Normandie,50.0,3.0,3.0,6,1.0,28,Normandie,76,2,96,LeHavre,166058,1780,167838.0,1.0,7,,0.0,2.0,4.0,23.0
201900033806,4.0,2,4,2,5.0,1.0,-1.0,0,-1.0,2001.0,B01,31,8,2019,06:40,2,76.0,76351,2,2,1.0,4.0,LENINGRAD (BD DE),"49,4986400","0,1590300",,76.076351,76351,Seine-Maritime,28.0,Normandie,50.0,3.0,3.0,6,1.0,28,Normandie,76,2,96,LeHavre,166058,1780,167838.0,1.0,7,,0.0,2.0,4.0,23.0
201900033806,1.0,1,1,1,5.0,1.0,-1.0, -1,-1.0,1995.0,A01,31,8,2019,06:40,2,76.0,76351,2,2,1.0,4.0,LENINGRAD (BD DE),"49,4986400","0,1590300",,76.076351,76351,Seine-Maritime,28.0,Normandie,50.0,3.0,3.0,6,1.0,28,Normandie,76,2,96,LeHavre,166058,1780,167838.0,1.0,7,,0.0,2.0,1.0,2.0
201900033807,1.0,1,1,2,9.0,1.0,-1.0,0,-1.0,1964.0,B01,31,8,2019,17:30,1,76.0,76351,2,2,1.0,3.0,MARYSE BASTIE,"49,5242800","0,0968600",,76.076351,76351,Seine-Maritime,28.0,Normandie,50.0,3.0,2.0,2,1.0,28,Normandie,76,2,96,LeHavre,166058,1780,167838.0,0.0,7,,0.0,2.0,3.0,1.0
201900033807,1.0,1,4,1,5.0,2.0,0.0,0,-1.0,2007.0,A01,31,8,2019,17:30,1,76.0,76351,2,2,1.0,3.0,MARYSE BASTIE,"49,5242800","0,0968600",,76.076351,76351,Seine-Maritime,28.0,Normandie,50.0,3.0,2.0,2,1.0,28,Normandie,76,2,96,LeHavre,166058,1780,167838.0,0.0,1,,0.0,2.0,1.0,19.0
201900033808,1.0,1,3,1,5.0,2.0,-1.0,0,-1.0,2000.0,A01,31,8,2019,01:50,5,76.0,76447,2,1,1.0,6.0,René Coty,"49,5434700","0,1902300",,76.076447,76447,Seine-Maritime,28.0,Normandie,50.0,4.0,2.0,2,1.0,28,Normandie,76,2,15,Montivilliers,15457,203,15660.0,0.0,30,,1.0,0.0,1.0,13.0
201900033901,1.0,1,1,2,5.0,1.0,0.0,0,-1.0,1998.0,B01,3,3,2019,18:00,1,76.0,76351,2,2,1.0,2.0,VERDUN (RUE DE),"49,5024400","0,1728100",,76.076351,76351,Seine-Maritime,28.0,Normandie,50.0,3.0,2.0,2,1.0,28,Normandie,76,2,96,LeHavre,166058,1780,167838.0,2.0,7,,0.0,2.0,4.0,2.0
201900033901,1.0,1,3,1,5.0,2.0,-1.0,0,-1.0,2002.0,A01,3,3,2019,18:00,1,76.0,76351,2,2,1.0,2.0,VERDUN (RUE DE),"49,5024400","0,1728100",,76.076351,76351,Seine-Maritime,28.0,Normandie,50.0,3.0,2.0,2,1.0,28,Normandie,76,2,96,LeHavre,166058,1780,167838.0,2.0,31,,0.0,2.0,1.0,2.0
201900033902,1.0,1,3,1,9.0,2.0,-1.0,0,-1.0,1978.0,B01,3,3,2019,16:25,1,76.0,76351,2,3,1.0,3.0,IRENE JOLIOT CURIE (RUE),"49,5146000","0,1047800",,76.076351,76351,Seine-Maritime,28.0,Normandie,50.0,3.0,2.0,2,1.0,28,Normandie,76,2,96,LeHavre,166058,1780,167838.0,0.0,33,,0.0,2.0,1.0,17.0
201900033902,1.0,1,1,1,5.0,1.0,-1.0,0,-1.0,1945.0,A01,3,3,2019,16:25,1,76.0,76351,2,3,1.0,3.0,IRENE JOLIOT CURIE (RUE),"49,5146000","0,1047800",,76.076351,76351,Seine-Maritime,28.0,Normandie,50.0,3.0,2.0,2,1.0,28,Normandie,76,2,96,LeHavre,166058,1780,167838.0,0.0,7,,0.0,2.0,8.0,15.0
201900033903,1.0,1,1,1,9.0,1.0,0.0,0,-1.0,1953.0,A01,4,3,2019,08:05,1,76.0,76565,2,1,3.0,6.0,BRUYERES (CHEMIN DES),"49,9074800","1,0683600",,76.076565,76565,Seine-Maritime,28.0,Normandie,30.0,4.0,2.0,2,2.0,28,Normandie,76,1,7,Saint-Aubin-sur-Scie,1202,101,1303.0,3.0,7,,0.0,1.0,1.0,1.0
201900033903,10.0,3,4,1,2.0,8.0,2.0,3,1.0,2005.0,A01,4,3,2019,08:05,1,76.0,76565,2,1,3.0,6.0,BRUYERES (CHEMIN DES),"49,9074800","1,0683600",,76.076565,76565,Seine-Maritime,28.0,Normandie,30.0,4.0,2.0,2,2.0,28,Normandie,76,1,7,Saint-Aubin-sur-Scie,1202,101,1303.0,3.0,7,,0.0,1.0,1.0,1.0
201900034011,1.0,1,1,1,9.0,1.0,0.0,0,-1.0,1999.0,A01,1,3,2019,08:05,1,76.0,76057,2,1,2.0,1.0,andré malraux,"49,5475820","0,9461680",,76.076057,76057,Seine-Maritime,28.0,Normandie,50.0,4.0,2.0,2,2.0,28,Normandie,76,3,1,Barentin,12154,238,12392.0,0.0,7,,0.0,2.0,3.0,13.0
201900034011,1.0,1,3,1,1.0,1.0,0.0,0,-1.0,1990.0,B01,1,3,2019,08:05,1,76.0,76057,2,1,2.0,1.0,andré malraux,"49,5475820","0,9461680",,76.076057,76057,Seine-Maritime,28.0,Normandie,50.0,4.0,2.0,2,2.0,28,Normandie,76,3,1,Barentin,12154,238,12392.0,0.0,7,,0.0,2.0,3.0,1.0
201900034020,1.0,1,4,1,0.0,1.0,0.0,0,-1.0,1969.0,B01,1,3,2019,10:15,1,76.0,76231,2,1,1.0,3.0,MARTYRS. RUE DES,"49,2881500","1,0071800",,76.076231,76231,Seine-Maritime,28.0,Normandie,50.0,4.0,2.0,0,1.0,28,Normandie,76,3,9,Elbeuf,15951,138,16089.0,3.0,7,,0.0,2.0,4.0,0.0
201900034020,2.0,2,1,1,0.0,1.0,0.0,0,-1.0,1993.0,A01,1,3,2019,10:15,1,76.0,76231,2,1,1.0,3.0,MARTYRS. RUE DES,"49,2881500","1,0071800",,76.076231,76231,Seine-Maritime,28.0,Normandie,50.0,4.0,2.0,0,1.0,28,Normandie,76,3,9,Elbeuf,15951,138,16089.0,3.0,7,,1.0,2.0,1.0,0.0
201900034020,1.0,1,1,2,0.0,1.0,0.0,0,-1.0,1999.0,A01,1,3,2019,10:15,1,76.0,76231,2,1,1.0,3.0,MARTYRS. RUE DES,"49,2881500","1,0071800",,76.076231,76231,Seine-Maritime,28.0,Normandie,50.0,4.0,2.0,0,1.0,28,Normandie,76,3,9,Elbeuf,15951,138,16089.0,3.0,7,,1.0,2.0,1.0,0.0
201900034087,1.0,1,3,1,1.0,1.0,0.0,0,-1.0,1980.0,A01,20,3,2019,05:30,3,76.0,76648,1,1,1.0,6.0,Autoroute  28,"49,6587210","1,2833010",,76.076648,76648,Seine-Maritime,28.0,Normandie,130.0,1.0,3.0,4,1.0,28,Normandie,76,1,23,Saint-Saëns,2317,20,2337.0,2.0,7,,0.0,9.0,1.0,1.0
201900034185,1.0,1,3,1,1.0,2.0,-1.0,0,-1.0,1979.0,B01,8,4,2019,11:35,1,76.0,76103,2,1,1.0,3.0,PARIS. ROUTE DE,"49,4271300","1,1188400",,76.076103,76103,Seine-Maritime,28.0,Normandie,50.0,3.0,2.0,3,1.0,28,Normandie,76,3,6,Bonsecours,6455,95,6550.0,2.0,34,,0.0,2.0,2.0,1.0
201900034185,1.0,1,1,2,5.0,1.0,-1.0,0,-1.0,1991.0,A01,8,4,2019,11:35,1,76.0,76103,2,1,1.0,3.0,PARIS. ROUTE DE,"49,4271300","1,1188400",,76.076103,76103,Seine-Maritime,28.0,Normandie,50.0,3.0,2.0,3,1.0,28,Normandie,76,3,6,Bonsecours,6455,95,6550.0,2.0,7,,0.0,2.0,3.0,10.0
201900034186,1.0,1,1,2,5.0,1.0,0.0,0,-1.0,1938.0,B01,7,4,2019,19:05,1,76.0,76216,2,2,1.0,3.0,RD 6015 (ROUTE DE DIEPPE),"49,4721352","1,0493857",,76.076216,76216,Seine-Maritime,28.0,Normandie,50.0,3.0,2.0,2,1.0,28,Normandie,76,3,22,Déville-lès-Rouen,10745,62,10807.0,1.0,7,,0.0,2.0,1.0,15.0
201900034186,1.0,1,4,1,9.0,2.0,0.0,0,-1.0,1988.0,A01,7,4,2019,19:05,1,76.0,76216,2,2,1.0,3.0,RD 6015 (ROUTE DE DIEPPE),"49,4721352","1,0493857",,76.076216,76216,Seine-Maritime,28.0,Normandie,50.0,3.0,2.0,2,1.0,28,Normandie,76,3,22,Déville-lès-Rouen,10745,62,10807.0,2.0,2,,0.0,2.0,1.0,1.0
201900034309,1.0,1,1,1,5.0,1.0,0.0,0,-1.0,2000.0,A01,24,7,2019,20:05,1,76.0,76648,1,1,1.0,7.0,896 Vaudichon,"49,6897260","1,2598450",,76.076648,76648,Seine-Maritime,28.0,Normandie,50.0,3.0,2.0,2,9.0,28,Normandie,76,1,23,Saint-Saëns,2317,20,2337.0,2.0,7,,2.0,0.0,7.0,1.0
201900034309,2.0,2,3,2,5.0,1.0,0.0,0,-1.0,2003.0,A01,24,7,2019,20:05,1,76.0,76648,1,1,1.0,7.0,896 Vaudichon,"49,6897260","1,2598450",,76.076648,76648,Seine-Maritime,28.0,Normandie,50.0,3.0,2.0,2,9.0,28,Normandie,76,1,23,Saint-Saëns,2317,20,2337.0,2.0,7,,2.0,0.0,7.0,1.0
201900034391,1.0,1,3,1,0.0,2.0,0.0,0,-1.0,1990.0,A01,21,7,2019,06:55,1,76.0,76322,1,1,1.0,7.0,RN 338 (VOIE RAPIDE SUD 3),"49,4169000","1,0469000",,76.076322,76322,Seine-Maritime,28.0,Normandie,90.0,2.0,3.0,2,1.0,28,Normandie,76,3,13,LeGrand-Quevilly,25975,225,26200.0,1.0,33,,0.0,0.0,0.0,0.0
201900034392,1.0,1,1,1,0.0,1.0,0.0,0,-1.0,1956.0,A01,21,7,2019,22:00,2,76.0,76231,2,1,1.0,6.0,PUCHOT. RUE DU,"49,2912700","1,0026500",,76.076231,76231,Seine-Maritime,28.0,Normandie,50.0,3.0,2.0,2,1.0,28,Normandie,76,3,9,Elbeuf,15951,138,16089.0,3.0,7,,0.0,1.0,1.0,0.0
201900034392,10.0,3,3,1,0.0,8.0,1.0,3,1.0,1977.0,A01,21,7,2019,22:00,2,76.0,76231,2,1,1.0,6.0,PUCHOT. RUE DU,"49,2912700","1,0026500",,76.076231,76231,Seine-Maritime,28.0,Normandie,50.0,3.0,2.0,2,1.0,28,Normandie,76,3,9,Elbeuf,15951,138,16089.0,3.0,7,,0.0,1.0,1.0,0.0
201900034393,1.0,1,4,1,0.0,1.0,0.0,0,-1.0,1996.0,A01,4,7,2019,02:00,3,76.0,76497,1,6,1.0,6.0,D938,"49,3829700","1,0523400",,76.076497,76497,Seine-Maritime,28.0,Normandie,50.0,3.0,1.0,2,1.0,28,Normandie,76,3,13,Petit-Couronne,8688,175,8863.0,1.0,7,,5.0,0.0,5.0,0.0
201900034763,1.0,1,4,1,5.0,2.0,0.0,0,-1.0,1961.0,B01,30,11,2019,13:45,1,76.0,76540,2,1,1.0,3.0,BONSECOURS. ROUTE DE,"49,4337200","1,1071700",,76.076540,76540,Seine-Maritime,28.0,Normandie,50.0,3.0,2.0,6,1.0,28,Normandie,76,3,97,Rouen,114083,1556,115639.0,1.0,33,,0.0,2.0,7.0,1.0
201900034763,1.0,1,1,2,5.0,1.0,0.0,0,-1.0,1969.0,A01,30,11,2019,13:45,1,76.0,76540,2,1,1.0,3.0,BONSECOURS. ROUTE DE,"49,4337200","1,1071700",,76.076540,76540,Seine-Maritime,28.0,Normandie,50.0,3.0,2.0,6,1.0,28,Normandie,76,3,97,Rouen,114083,1556,115639.0,2.0,7,,0.0,2.0,1.0,10.0
201900034764,1.0,1,4,2,1.0,1.0,-1.0, -1,-1.0,1997.0,A01,12,12,2019,09:20,1,76.0,76351,2,2,1.0,4.0,FRANCOIS 1ER (BD),"49,4917700","0,0992400",,76.076351,76351,Seine-Maritime,28.0,Normandie,50.0,4.0,3.0,4,2.0,28,Normandie,76,2,96,LeHavre,166058,1780,167838.0,1.0,7,,0.0,2.0,1.0,2.0
201900034764,1.0,1,4,2,1.0,1.0,-1.0, -1,-1.0,1997.0,B01,12,12,2019,09:20,1,76.0,76351,2,2,1.0,4.0,FRANCOIS 1ER (BD),"49,4917700","0,0992400",,76.076351,76351,Seine-Maritime,28.0,Normandie,50.0,4.0,3.0,4,2.0,28,Normandie,76,2,96,LeHavre,166058,1780,167838.0,1.0,7,,0.0,2.0,4.0,2.0
201900034764,1.0,1,4,2,1.0,1.0,-1.0, -1,-1.0,1999.0,C01,12,12,2019,09:20,1,76.0,76351,2,2,1.0,4.0,FRANCOIS 1ER (BD),"49,4917700","0,0992400",,76.076351,76351,Seine-Maritime,28.0,Normandie,50.0,4.0,3.0,4,2.0,28,Normandie,76,2,96,LeHavre,166058,1780,167838.0,1.0,7,,0.0,2.0,4.0,2.0
201900034808,1.0,1,1,1,3.0,1.0,0.0,0,-1.0,1960.0,A01,7,11,2019,17:35,2,76.0,76655,2,9,1.0,6.0,Zone Activites de Clermont,"49,8579170","0,6923980",,76.076655,76655,Seine-Maritime,28.0,Normandie,-1.0,6.0,-1.0,-1,1.0,28,Normandie,76,1,33,Saint-Valery-en-Caux,3915,162,4077.0,3.0,7,,0.0,1.0,1.0,15.0
201900034808,10.0,3,3,2,3.0,0.0,1.0,3,2.0,1981.0,A01,7,11,2019,17:35,2,76.0,76655,2,9,1.0,6.0,Zone Activites de Clermont,"49,8579170","0,6923980",,76.076655,76655,Seine-Maritime,28.0,Normandie,-1.0,6.0,-1.0,-1,1.0,28,Normandie,76,1,33,Saint-Valery-en-Caux,3915,162,4077.0,3.0,7,,0.0,1.0,1.0,15.0
201900034808,10.0,3,3,1,3.0,0.0,1.0,3,2.0,1975.0,A01,7,11,2019,17:35,2,76.0,76655,2,9,1.0,6.0,Zone Activites de Clermont,"49,8579170","0,6923980",,76.076655,76655,Seine-Maritime,28.0,Normandie,-1.0,6.0,-1.0,-1,1.0,28,Normandie,76,1,33,Saint-Valery-en-Caux,3915,162,4077.0,3.0,7,,0.0,1.0,1.0,15.0
201900034904,1.0,1,4,1,5.0,1.0,-1.0, -1,-1.0,1997.0,A01,7,11,2019,01:15,5,76.0,76366,2,1,1.0,6.0,SAINT JEAN. ROUTE DE,"49,5101215","1,0314488",,76.076366,76366,Seine-Maritime,28.0,Normandie,50.0,3.0,1.0,2,2.0,28,Normandie,76,3,24,LeHoulme,4133,32,4165.0,0.0,7,,6.0,0.0,2.0,0.0
201900035174,1.0,1,3,1,5.0,1.0,0.0,0,-1.0,2002.0,A01,25,8,2019,14:50,1,76.0,76126,1,1,1.0,3.0,A28 - PK 070.400,"49,6701230","1,3162600",,76.076126,76126,Seine-Maritime,28.0,Normandie,130.0,1.0,3.0,4,1.0,28,Normandie,76,1,23,Bosc-Mesnil,325,5,330.0,1.0,7,,4.0,2.0,7.0,17.0
201900035174,2.0,2,3,1,5.0,1.0,0.0,0,-1.0,2002.0,A01,25,8,2019,14:50,1,76.0,76126,1,1,1.0,3.0,A28 - PK 070.400,"49,6701230","1,3162600",,76.076126,76126,Seine-Maritime,28.0,Normandie,130.0,1.0,3.0,4,1.0,28,Normandie,76,1,23,Bosc-Mesnil,325,5,330.0,1.0,7,,4.0,2.0,7.0,17.0
201900035174,8.0,2,4,1,5.0,1.0,0.0,0,-1.0,2002.0,A01,25,8,2019,14:50,1,76.0,76126,1,1,1.0,3.0,A28 - PK 070.400,"49,6701230","1,3162600",,76.076126,76126,Seine-Maritime,28.0,Normandie,130.0,1.0,3.0,4,1.0,28,Normandie,76,1,23,Bosc-Mesnil,325,5,330.0,1.0,7,,4.0,2.0,7.0,17.0
201900035174,2.0,2,1,2,5.0,1.0,0.0,0,-1.0,1952.0,B01,25,8,2019,14:50,1,76.0,76126,1,1,1.0,3.0,A28 - PK 070.400,"49,6701230","1,3162600",,76.076126,76126,Seine-Maritime,28.0,Normandie,130.0,1.0,3.0,4,1.0,28,Normandie,76,1,23,Bosc-Mesnil,325,5,330.0,1.0,7,,0.0,2.0,8.0,1.0
201900035174,1.0,1,1,1,5.0,1.0,0.0,0,-1.0,1950.0,B01,25,8,2019,14:50,1,76.0,76126,1,1,1.0,3.0,A28 - PK 070.400,"49,6701230","1,3162600",,76.076126,76126,Seine-Maritime,28.0,Normandie,130.0,1.0,3.0,4,1.0,28,Normandie,76,1,23,Bosc-Mesnil,325,5,330.0,1.0,7,,0.0,2.0,8.0,1.0
201900035268,1.0,1,1,1,0.0,1.0,0.0,0,-1.0,1993.0,A01,27,9,2019,13:45,1,76.0,76705,1,1,1.0,3.0,PICARD. AVENUE GUSTAVE,"49,3280000","1,0959300",,76.076705,76705,Seine-Maritime,28.0,Normandie,20.0,6.0,-1.0,-1,1.0,28,Normandie,76,3,5,Tourville-la-Rivière,2568,19,2587.0,3.0,7,,0.0,2.0,2.0,0.0
201900035268,1.0,1,1,2,3.0,1.0,0.0,0,-1.0,1993.0,B01,27,9,2019,13:45,1,76.0,76705,1,1,1.0,3.0,PICARD. AVENUE GUSTAVE,"49,3280000","1,0959300",,76.076705,76705,Seine-Maritime,28.0,Normandie,20.0,6.0,-1.0,-1,1.0,28,Normandie,76,3,5,Tourville-la-Rivière,2568,19,2587.0,3.0,7,,0.0,2.0,1.0,0.0
201900035268,3.0,2,4,2,0.0,3.0,0.0,0,-1.0,2019.0,B01,27,9,2019,13:45,1,76.0,76705,1,1,1.0,3.0,PICARD. AVENUE GUSTAVE,"49,3280000","1,0959300",,76.076705,76705,Seine-Maritime,28.0,Normandie,20.0,6.0,-1.0,-1,1.0,28,Normandie,76,3,5,Tourville-la-Rivière,2568,19,2587.0,3.0,7,,0.0,2.0,1.0,0.0
201900035268,2.0,2,1,2,3.0,1.0,0.0,0,-1.0,1971.0,B01,27,9,2019,13:45,1,76.0,76705,1,1,1.0,3.0,PICARD. AVENUE GUSTAVE,"49,3280000","1,0959300",,76.076705,76705,Seine-Maritime,28.0,Normandie,20.0,6.0,-1.0,-1,1.0,28,Normandie,76,3,5,Tourville-la-Rivière,2568,19,2587.0,3.0,7,,0.0,2.0,1.0,0.0
201900035268,4.0,2,4,2,0.0,3.0,0.0,0,-1.0,2017.0,B01,27,9,2019,13:45,1,76.0,76705,1,1,1.0,3.0,PICARD. AVENUE GUSTAVE,"49,3280000","1,0959300",,76.076705,76705,Seine-Maritime,28.0,Normandie,20.0,6.0,-1.0,-1,1.0,28,Normandie,76,3,5,Tourville-la-Rivière,2568,19,2587.0,3.0,7,,0.0,2.0,1.0,0.0
201900035269,1.0,1,1,2,3.0,1.0,0.0,0,-1.0,1994.0,B01,19,9,2019,08:50,1,76.0,76319,1,1,1.0,2.0,RN 138,"49,3634900","1,0375100",,76.076319,76319,Seine-Maritime,28.0,Normandie,90.0,2.0,1.0,2,1.0,28,Normandie,76,3,9,Grand-Couronne,9726,177,9903.0,2.0,7,,0.0,2.0,4.0,2.0
201900035269,1.0,1,4,1,0.0,2.0,0.0,0,-1.0,1996.0,A01,19,9,2019,08:50,1,76.0,76319,1,1,1.0,2.0,RN 138,"49,3634900","1,0375100",,76.076319,76319,Seine-Maritime,28.0,Normandie,90.0,2.0,1.0,2,1.0,28,Normandie,76,3,9,Grand-Couronne,9726,177,9903.0,2.0,33,,0.0,2.0,1.0,2.0
201900035270,10.0,3,4,2,2.0,0.0,1.0,3,1.0,2005.0,A01,24,9,2019,13:45,1,76.0,76231,2,1,1.0,6.0,POUSSIN. RUE NICOLAS,"49,2860400","1,0033200",,76.076231,76231,Seine-Maritime,28.0,Normandie,50.0,4.0,2.0,2,1.0,28,Normandie,76,3,9,Elbeuf,15951,138,16089.0,3.0,7,,0.0,1.0,1.0,0.0