Num_Acc,place,catu,grav,sexe,trajet,secu,locp,actp,etatp,an_nais,num_veh,jour,mois,an,hrmn,lum,dep,com,agg,int,atm,col,adr,lat,long,gps,com_insee_temp,com_insee,departmentName,regionCode,regionName,vma,catr,circ,nbv,surf,Code,Region,Departement,Arrondissement,Code_Canton,Nom_Commune,Population_municipaLe,Population_comptee_a_part,Population_Totale,senc,catv,occutc,obs,obsm,choc,manv
201900041798,3.0,2,1,2,5.0,1.0,0.0,0,-1.0,1997.0,B01,8,12,2019,06:33,5,76.0,76351,2,3,2.0,3.0,JEAN JACQUES ROUSSEAU (PONT),"49,4956800","0,1314700",,76.076351,76351,Seine-Maritime,28.0,Normandie,500.0,4.0,2.0,2,2.0,28,Normandie,76,2,96,LeHavre,166058,1780,167838.0,2.0,7,,0.0,2.0,1.0,1.0
201900041798,1.0,1,4,2,5.0,1.0,0.0,0,-1.0,2000.0,B01,8,12,2019,06:33,5,76.0,76351,2,3,2.0,3.0,JEAN JACQUES ROUSSEAU (PONT),"49,4956800","0,1314700",,76.076351,76351,Seine-Maritime,28.0,Normandie,500.0,4.0,2.0,2,2.0,28,Normandie,76,2,96,LeHavre,166058,1780,167838.0,2.0,7,,0.0,2.0,1.0,1.0
201900041799,1.0,1,1,2,2.0,1.0,0.0,0,-1.0,1994.0,B01,9,12,2019,16:30,1,76.0,76259,2,1,1.0,1.0,DUGLE ( RUE ROBERT),"49,7525300","0,3766100",,76.076259,76259,Seine-Maritime,28.0,Normandie,30.0,4.0,2.0,1,1.0,28,Normandie,76,2,11,Fécamp,18016,269,18285.0,1.0,7,,0.0,2.0,1.0,1.0
201900041799,2.0,1,4,1,5.0,2.0,0.0,0,-1.0,2003.0,A01,9,12,2019,16:30,1,76.0,76259,2,1,1.0,1.0,DUGLE ( RUE ROBERT),"49,7525300","0,3766100",,76.076259,76259,Seine-Maritime,28.0,Normandie,30.0,4.0,2.0,1,1.0,28,Normandie,76,2,11,Fécamp,18016,269,18285.0,2.0,30,,0.0,2.0,1.0,1.0
201900042302,1.0,1,4,2,4.0,1.0,-1.0, -1,-1.0,1978.0,B01,5,11,2019,15:07,1,76.0,76108,1,6,1.0,2.0,D1043,"49,4830287","1,1324394",,76.076108,76108,Seine-Maritime,28.0,Normandie,90.0,3.0,2.0,2,1.0,28,Normandie,76,3,2,Bois-Guillaume,14262,361,14623.0,1.0,7,,0.0,2.0,4.0,2.0
201900042302,1.0,1,1,2,0.0,1.0,-1.0, -1,-1.0,1954.0,A01,5,11,2019,15:07,1,76.0,76108,1,6,1.0,2.0,D1043,"49,4830287","1,1324394",,76.076108,76108,Seine-Maritime,28.0,Normandie,90.0,3.0,2.0,2,1.0,28,Normandie,76,3,2,Bois-Guillaume,14262,361,14623.0,1.0,7,,0.0,2.0,1.0,2.0
201900042303,1.0,1,4,1,1.0,2.0,-1.0,0,-1.0,1964.0,B01,5,11,2019,11:35,1,76.0,76216,2,3,1.0,3.0,REPUBLIQUE. RUE DE LA,"49,4724700","1,0425400",,76.076216,76216,Seine-Maritime,28.0,Normandie,50.0,3.0,2.0,2,1.0,28,Normandie,76,3,22,Déville-lès-Rouen,10745,62,10807.0,1.0,34,,0.0,2.0,1.0,1.0
201900042303,1.0,1,4,2,5.0,1.0,-1.0,0,-1.0,1934.0,A01,5,11,2019,11:35,1,76.0,76216,2,3,1.0,3.0,REPUBLIQUE. RUE DE LA,"49,4724700","1,0425400",,76.076216,76216,Seine-Maritime,28.0,Normandie,50.0,3.0,2.0,2,1.0,28,Normandie,76,3,22,Déville-lès-Rouen,10745,62,10807.0,2.0,7,,0.0,2.0,1.0,15.0
201900042304,1.0,1,4,2,5.0,1.0,0.0,0,-1.0,1959.0,B01,2,11,2019,09:25,1,76.0,76540,2,1,1.0,3.0,SAINT PAUL. PLACE,"49,4346700","1,1058900",,76.076540,76540,Seine-Maritime,28.0,Normandie,50.0,3.0,3.0,4,1.0,28,Normandie,76,3,97,Rouen,114083,1556,115639.0,2.0,7,,0.0,2.0,6.0,1.0
201900042304,1.0,1,1,1,5.0,1.0,-1.0, -1,-1.0,1979.0,A01,2,11,2019,09:25,1,76.0,76540,2,1,1.0,3.0,SAINT PAUL. PLACE,"49,4346700","1,1058900",,76.076540,76540,Seine-Maritime,28.0,Normandie,50.0,3.0,3.0,4,1.0,28,Normandie,76,3,97,Rouen,114083,1556,115639.0,2.0,7,,0.0,2.0,1.0,1.0
201900042305,1.0,1,3,1,3.0,1.0,-1.0,0,-1.0,1982.0,B01,30,10,2019,16:40,1,76.0,76576,1,1,1.0,1.0,D6015,"49,5597700","0,4692100",,76.076576,76576,Seine-Maritime,28.0,Normandie,80.0,3.0,2.0,2,1.0,28,Normandie,76,2,3,Saint-Eustache-la-Forêt,1233,16,1249.0,1.0,7,,0.0,2.0,1.0,1.0
201900042305,1.0,1,4,1,1.0,1.0,-1.0, -1,-1.0,1996.0,A01,30,10,2019,16:40,1,76.0,76576,1,1,1.0,1.0,D6015,"49,5597700","0,4692100",,76.076576,76576,Seine-Maritime,28.0,Normandie,80.0,3.0,2.0,2,1.0,28,Normandie,76,2,3,Saint-Eustache-la-Forêt,1233,16,1249.0,2.0,7,,0.0,2.0,1.0,13.0
201900042856,1.0,1,1,2,2.0,8.0,-1.0,0,-1.0,1986.0,A01,23,9,2019,08:15,1,76.0,76194,2,1,1.0,6.0,BOUT DE LA VILLE ( RUE DU),"49,7374000","0,3378000",,76.076194,76194,Seine-Maritime,28.0,Normandie,50.0,3.0,2.0,2,1.0,28,Normandie,76,2,11,Criquebeuf-en-Caux,403,6,409.0,2.0,7,,0.0,1.0,2.0,26.0
201900042856,10.0,3,4,1,4.0,8.0,2.0,9,2.0,1998.0,A01,23,9,2019,08:15,1,76.0,76194,2,1,1.0,6.0,BOUT DE LA VILLE ( RUE DU),"49,7374000","0,3378000",,76.076194,76194,Seine-Maritime,28.0,Normandie,50.0,3.0,2.0,2,1.0,28,Normandie,76,2,11,Criquebeuf-en-Caux,403,6,409.0,2.0,7,,0.0,1.0,2.0,26.0
201900042856,10.0,3,4,1,4.0,8.0,2.0,9,2.0,1997.0,A01,23,9,2019,08:15,1,76.0,76194,2,1,1.0,6.0,BOUT DE LA VILLE ( RUE DU),"49,7374000","0,3378000",,76.076194,76194,Seine-Maritime,28.0,Normandie,50.0,3.0,2.0,2,1.0,28,Normandie,76,2,11,Criquebeuf-en-Caux,403,6,409.0,2.0,7,,0.0,1.0,2.0,26.0
201900042999,1.0,1,3,1,5.0,2.0,0.0,0,-1.0,2002.0,A01,31,8,2019,16:15,1,76.0,76636,1,1,1.0,6.0,route départemenale 43,"49,4956870","0,9079510",,76.076636,76636,Seine-Maritime,28.0,Normandie,50.0,3.0,2.0,2,1.0,28,Normandie,76,3,1,Saint-Pierre-de-VarengevilLe2299,33,2332,,1.0,31,,13.0,0.0,1.0,13.0
201900043000,1.0,1,1,2,3.0,1.0,0.0,0,-1.0,1997.0,A01,29,8,2019,08:10,1,76.0,76115,1,2,8.0,3.0,RD 6015,"49,5924040","0,5720200",,76.076115,76115,Seine-Maritime,28.0,Normandie,80.0,3.0,2.0,2,1.0,28,Normandie,76,2,25,BollevilLe585,9,594,,2.0,7,,0.0,2.0,8.0,1.0
201900043000,1.0,1,3,1,1.0,2.0,0.0,0,-1.0,1991.0,B01,29,8,2019,08:10,1,76.0,76115,1,2,8.0,3.0,RD 6015,"49,5924040","0,5720200",,76.076115,76115,Seine-Maritime,28.0,Normandie,80.0,3.0,2.0,2,1.0,28,Normandie,76,2,25,BollevilLe585,9,594,,2.0,33,,0.0,2.0,1.0,1.0
201900043002,1.0,1,4,1,5.0,2.0,0.0,0,-1.0,1991.0,A01,31,8,2019,11:05,1,76.0,76572,1,1,1.0,2.0,Le Haut de St Denis,"49,8562980","0,9258360",,76.076572,76572,Seine-Maritime,28.0,Normandie,80.0,3.0,2.0,2,1.0,28,Normandie,76,1,7,Saint-Denis-d'Aclon,125,2,127.0,1.0,33,,0.0,2.0,1.0,2.0
201900043002,2.0,2,1,2,5.0,2.0,0.0,0,-1.0,1989.0,A01,31,8,2019,11:05,1,76.0,76572,1,1,1.0,2.0,Le Haut de St Denis,"49,8562980","0,9258360",,76.076572,76572,Seine-Maritime,28.0,Normandie,80.0,3.0,2.0,2,1.0,28,Normandie,76,1,7,Saint-Denis-d'Aclon,125,2,127.0,1.0,33,,0.0,2.0,1.0,2.0
201900043002,1.0,1,1,1,5.0,1.0,0.0,0,-1.0,1954.0,B01,31,8,2019,11:05,1,76.0,76572,1,1,1.0,2.0,Le Haut de St Denis,"49,8562980","0,9258360",,76.076572,76572,Seine-Maritime,28.0,Normandie,80.0,3.0,2.0,2,1.0,28,Normandie,76,1,7,Saint-Denis-d'Aclon,125,2,127.0,1.0,7,,0.0,2.0,4.0,2.0
201900043176,1.0,1,2,1,5.0,2.0,0.0,0,-1.0,1989.0,A01,7,4,2019,08:00,1,76.0,76705,1,9,1.0,6.0,échangeur 21,"49,3264730","1,0904600",,76.076705,76705,Seine-Maritime,28.0,Normandie,50.0,1.0,3.0,1,2.0,28,Normandie,76,3,5,Tourville-la-Rivière,2568,19,2587.0,2.0,33,,3.0,0.0,1.0,1.0
201900043213,1.0,1,4,1,5.0,2.0,0.0,0,-1.0,2001.0,A01,5,4,2019,18:00,1,76.0,76758,1,2,1.0,3.0,RD 131 E,"49,6143140","0,7835290",,76.076758,76758,Seine-Maritime,28.0,Normandie,80.0,3.0,2.0,2,1.0,28,Normandie,76,3,35,Yvetot,11385,208,11593.0,2.0,2,,0.0,2.0,1.0,17.0
201900043213,2.0,2,1,2,5.0,2.0,0.0,0,-1.0,2002.0,A01,5,4,2019,18:00,1,76.0,76758,1,2,1.0,3.0,RD 131 E,"49,6143140","0,7835290",,76.076758,76758,Seine-Maritime,28.0,Normandie,80.0,3.0,2.0,2,1.0,28,Normandie,76,3,35,Yvetot,11385,208,11593.0,2.0,2,,0.0,2.0,1.0,17.0
201900043213,1.0,1,1,2,0.0,8.0,0.0,0,-1.0,1992.0,B01,5,4,2019,18:00,1,76.0,76758,1,2,1.0,3.0,RD 131 E,"49,6143140","0,7835290",,76.076758,76758,Seine-Maritime,28.0,Normandie,80.0,3.0,2.0,2,1.0,28,Normandie,76,3,35,Yvetot,11385,208,11593.0,3.0,7,,0.0,2.0,8.0,19.0
201900043214,1.0,1,3,2,5.0,1.0,0.0,0,-1.0,1947.0,A01,6,4,2019,19:00,1,76.0,76432,1,1,1.0,6.0,3 Route de Neufchâtel,"49,6639539","1,5132209",,76.076432,76432,Seine-Maritime,28.0,Normandie,70.0,3.0,2.0,2,1.0,28,Normandie,76,1,12,Mesnil-Mauger,245,4,249.0,3.0,3,,1.0,0.0,1.0,2.0
201900043337,1.0,1,1,1,5.0,8.0,0.0,0,-1.0,1938.0,A01,19,7,2019,18:30,1,76.0,76605,2,3,1.0,1.0,Chemin Sous les Bruyères,"49,9098310","0,9579206",,76.076605,76605,Seine-Maritime,28.0,Normandie,50.0,4.0,-1.0,2,1.0,28,Normandie,76,1,7,Sainte-Marguerite-sur-Mer,464,13,477.0,0.0,7,,0.0,9.0,0.0,15.0
201900043337,1.0,1,4,1,5.0,0.0,0.0,0,-1.0,1988.0,B01,19,7,2019,18:30,1,76.0,76605,2,3,1.0,1.0,Chemin Sous les Bruyères,"49,9098310","0,9579206",,76.076605,76605,Seine-Maritime,28.0,Normandie,50.0,4.0,-1.0,2,1.0,28,Normandie,76,1,7,Sainte-Marguerite-sur-Mer,464,13,477.0,0.0,1,,0.0,2.0,0.0,0.0
201900043477,1.0,1,3,1,1.0,2.0,0.0,0,-1.0,1998.0,A01,20,7,2019,06:30,2,76.0,76057,1,9,1.0,6.0,D67,"49,5275300","0,9621430",,76.076057,76057,Seine-Maritime,28.0,Normandie,80.0,3.0,3.0,2,1.0,28,Normandie,76,3,1,Barentin,12154,238,12392.0,0.0,33,,3.0,0.0,8.0,0.0
201900043657,10.0,3,4,2,5.0,0.0,4.0,3,1.0,1998.0,A01,6,12,2019,18:50,5,76.0,76540,2,1,1.0,6.0,CORNEILLE. PONT PIERRE,"49,4358400","1,0956000",,76.076540,76540,Seine-Maritime,28.0,Normandie,50.0,4.0,2.0,2,2.0,28,Normandie,76,3,97,Rouen,114083,1556,115639.0,0.0,37,1.0,0.0,1.0,2.0,1.0
201900043657,1.0,1,1,1,4.0,1.0,0.0,0,-1.0,1963.0,A01,6,12,2019,18:50,5,76.0,76540,2,1,1.0,6.0,CORNEILLE. PONT PIERRE,"49,4358400","1,0956000",,76.076540,76540,Seine-Maritime,28.0,Normandie,50.0,4.0,2.0,2,2.0,28,Normandie,76,3,97,Rouen,114083,1556,115639.0,0.0,37,1.0,0.0,1.0,2.0,1.0
201900043658,1.0,1,1,2,5.0,1.0,0.0,0,-1.0,1967.0,A01,6,12,2019,12:15,1,76.0,76540,2,2,1.0,3.0,SAINT JULIEN. RUE,"49,4245200","1,0710500",,76.076540,76540,Seine-Maritime,28.0,Normandie,50.0,4.0,-1.0,2,1.0,28,Normandie,76,3,97,Rouen,114083,1556,115639.0,0.0,7,,0.0,2.0,3.0,15.0
201900043658,1.0,1,4,1,1.0,2.0,0.0,0,-1.0,1984.0,B01,6,12,2019,12:15,1,76.0,76540,2,2,1.0,3.0,SAINT JULIEN. RUE,"49,4245200","1,0710500",,76.076540,76540,Seine-Maritime,28.0,Normandie,50.0,4.0,-1.0,2,1.0,28,Normandie,76,3,97,Rouen,114083,1556,115639.0,0.0,2,,0.0,2.0,1.0,1.0
201900044259,1.0,1,3,2,5.0,1.0,0.0,0,-1.0,1971.0,A01,6,11,2019,20:00,3,76.0,76244,1,1,2.0,7.0,D928,"49,7056480","1,3994730",,76.076244,76244,Seine-Maritime,28.0,Normandie,80.0,3.0,2.0,2,2.0,28,Normandie,76,1,23,EsclavelLes386,6,392,,1.0,7,,13.0,0.0,0.0,1.0
201900044284,1.0,1,3,2,1.0,8.0,-1.0,0,-1.0,1970.0,B01,20,2,2019,16:50,1,76.0,76540,2,1,1.0,1.0,DESSEAUX. RUE,"49,4309900","1,0930200",,76.076540,76540,Seine-Maritime,28.0,Normandie,50.0,4.0,2.0,2,1.0,28,Normandie,76,3,97,Rouen,114083,1556,115639.0,3.0,1,,0.0,2.0,7.0,1.0
201900044284,1.0,1,1,2,5.0,1.0,-1.0,0,-1.0,1992.0,A01,20,2,2019,16:50,1,76.0,76540,2,1,1.0,1.0,DESSEAUX. RUE,"49,4309900","1,0930200",,76.076540,76540,Seine-Maritime,28.0,Normandie,50.0,4.0,2.0,2,1.0,28,Normandie,76,3,97,Rouen,114083,1556,115639.0,3.0,7,,0.0,2.0,3.0,9.0
201900044353,10.0,3,4,1,0.0,0.0,1.0,3,1.0,2001.0,A01,4,11,2019,19:15,5,76.0,76575,2,1,1.0,6.0,CROIZAT. AVENUE AMBROISE,"49,3705100","1,1049900",,76.076575,76575,Seine-Maritime,28.0,Normandie,50.0,3.0,-1.0,2,1.0,28,Normandie,76,3,98,Saint-Étienne-du-Rouvray,28508,225,28733.0,3.0,7,,0.0,1.0,1.0,0.0
201900044353,1.0,1,1,1,0.0,1.0,0.0,0,-1.0,1985.0,A01,4,11,2019,19:15,5,76.0,76575,2,1,1.0,6.0,CROIZAT. AVENUE AMBROISE,"49,3705100","1,1049900",,76.076575,76575,Seine-Maritime,28.0,Normandie,50.0,3.0,-1.0,2,1.0,28,Normandie,76,3,98,Saint-Étienne-du-Rouvray,28508,225,28733.0,3.0,7,,0.0,1.0,1.0,0.0
201900044354,1.0,1,4,1,0.0,1.0,-1.0,0,-1.0,1973.0,A01,4,11,2019,21:25,5,76.0,76447,2,1,2.0,6.0,BELLE ETOILE,"49,5352000","0,1771100",,76.076447,76447,Seine-Maritime,28.0,Normandie,70.0,4.0,2.0,2,2.0,28,Normandie,76,2,15,Montivilliers,15457,203,15660.0,2.0,7,,4.0,0.0,0.0,1.0
201900044355,1.0,1,4,1,0.0,2.0,-1.0,0,-1.0,1996.0,B01,1,11,2019,19:08,5,76.0,76351,2,1,3.0,6.0,FLEURUS (DE),"49,4906560","0,1398460",,76.076351,76351,Seine-Maritime,28.0,Normandie,50.0,4.0,2.0,1,2.0,28,Normandie,76,2,96,LeHavre,166058,1780,167838.0,2.0,2,,0.0,2.0,0.0,21.0
201900044355,1.0,1,1,1,0.0,1.0,-1.0,0,-1.0,1972.0,A01,1,11,2019,19:08,5,76.0,76351,2,1,3.0,6.0,FLEURUS (DE),"49,4906560","0,1398460",,76.076351,76351,Seine-Maritime,28.0,Normandie,50.0,4.0,2.0,1,2.0,28,Normandie,76,2,96,LeHavre,166058,1780,167838.0,2.0,7,,0.0,2.0,0.0,15.0
201900044432,2.0,2,3,2,5.0,1.0,0.0,0,-1.0,2001.0,A01,12,1,2019,12:00,1,76.0,76414,1,1,2.0,1.0,D1,"49,8947600","1,1359000",,76.076414,76414,Seine-Maritime,28.0,Normandie,80.0,3.0,2.0,2,2.0,28,Normandie,76,1,8,Martin-Église,1600,55,1655.0,2.0,7,,0.0,2.0,1.0,13.0
201900044432,1.0,1,3,1,5.0,1.0,0.0,0,-1.0,1998.0,A01,12,1,2019,12:00,1,76.0,76414,1,1,2.0,1.0,D1,"49,8947600","1,1359000",,76.076414,76414,Seine-Maritime,28.0,Normandie,80.0,3.0,2.0,2,2.0,28,Normandie,76,1,8,Martin-Église,1600,55,1655.0,2.0,7,,0.0,2.0,1.0,13.0
201900044432,1.0,1,3,1,5.0,1.0,0.0,0,-1.0,1960.0,B01,12,1,2019,12:00,1,76.0,76414,1,1,2.0,1.0,D1,"49,8947600","1,1359000",,76.076414,76414,Seine-Maritime,28.0,Normandie,80.0,3.0,2.0,2,2.0,28,Normandie,76,1,8,Martin-Église,1600,55,1655.0,1.0,7,,0.0,2.0,1.0,1.0
201900044432,2.0,2,3,2,5.0,1.0,0.0,0,-1.0,1956.0,B01,12,1,2019,12:00,1,76.0,76414,1,1,2.0,1.0,D1,"49,8947600","1,1359000",,76.076414,76414,Seine-Maritime,28.0,Normandie,80.0,3.0,2.0,2,2.0,28,Normandie,76,1,8,Martin-Église,1600,55,1655.0,1.0,7,,0.0,2.0,1.0,1.0
201900044591,1.0,1,1,1,5.0,1.0,0.0,0,-1.0,1931.0,A01,28,9,2019,13:00,1,76.0,76709,2,1,1.0,6.0,172 Rue Aristide Briand,"49,4807380","0,8094280",,76.076709,76709,Seine-Maritime,28.0,Normandie,50.0,3.0,2.0,2,1.0,28,Normandie,76,3,1,LeTrait,4780,38,4818.0,1.0,7,,0.0,1.0,2.0,1.0
201900044591,10.0,3,3,2,1.0,0.0,3.0,3,1.0,1971.0,A01,28,9,2019,13:00,1,76.0,76709,2,1,1.0,6.0,172 Rue Aristide Briand,"49,4807380","0,8094280",,76.076709,76709,Seine-Maritime,28.0,Normandie,50.0,3.0,2.0,2,1.0,28,Normandie,76,3,1,LeTrait,4780,38,4818.0,1.0,7,,0.0,1.0,2.0,1.0
201900044592,1.0,1,3,1,1.0,2.0,0.0,0,-1.0,1961.0,B01,30,9,2019,08:20,1,76.0,76591,1,1,1.0,3.0,Route de Gournay,"49,4427853","1,1936285",,76.076591,76591,Seine-Maritime,28.0,Normandie,70.0,2.0,2.0,2,2.0,28,Normandie,76,3,6,Saint-Jacques-sur-Darnétal,3152,49,3201.0,2.0,33,,0.0,2.0,1.0,17.0
201900044592,1.0,1,1,2,1.0,1.0,0.0,0,-1.0,1971.0,A01,30,9,2019,08:20,1,76.0,76591,1,1,1.0,3.0,Route de Gournay,"49,4427853","1,1936285",,76.076591,76591,Seine-Maritime,28.0,Normandie,70.0,2.0,2.0,2,2.0,28,Normandie,76,3,6,Saint-Jacques-sur-Darnétal,3152,49,3201.0,1.0,7,,0.0,2.0,3.0,19.0
201900044812,1.0,1,1,2,0.0,1.0,0.0,0,-1.0,1998.0,A01,31,8,2019,00:50,3,76.0,76682,1,1,1.0,2.0,A13,"49,3177180","1,1055020",,76.076682,76682,Seine-Maritime,28.0,Normandie,-1.0,1.0,-1.0,3,1.0,28,Normandie,76,3,5,Sotteville-sous-le-Val,742,4,746.0,2.0,7,,0.0,2.0,2.0,12.0
201900044812,1.0,1,4,1,0.0,2.0,0.0,0,-1.0,1996.0,B01,31,8,2019,00:50,3,76.0,76682,1,1,1.0,2.0,A13,"49,3177180","1,1055020",,76.076682,76682,Seine-Maritime,28.0,Normandie,-1.0,1.0,-1.0,3,1.0,28,Normandie,76,3,5,Sotteville-sous-le-Val,742,4,746.0,2.0,33,,0.0,0.0,4.0,1.0
201900044915,1.0,1,1,1,0.0,1.0,0.0,0,-1.0,1946.0,B01,28,8,2019,17:00,1,76.0,76057,1,3,1.0,3.0,Rue Pierre et Marie Curie,"49,5363440","0,9599690",,76.076057,76057,Seine-Maritime,28.0,Normandie,70.0,3.0,2.0,2,1.0,28,Normandie,76,3,1,Barentin,12154,238,12392.0,0.0,7,,0.0,2.0,3.0,15.0
201900044915,1.0,1,3,2,1.0,2.0,0.0,0,-1.0,1992.0,A01,28,8,2019,17:00,1,76.0,76057,1,3,1.0,3.0,Rue Pierre et Marie Curie,"49,5363440","0,9599690",,76.076057,76057,Seine-Maritime,28.0,Normandie,70.0,3.0,2.0,2,1.0,28,Normandie,76,3,1,Barentin,12154,238,12392.0,1.0,33,,0.0,2.0,1.0,17.0
201900044916,1.0,1,3,1,5.0,2.0,0.0,0,-1.0,1987.0,A01,30,8,2019,18:55,1,76.0,76727,1,1,1.0,6.0,Route d'Aizier,"49,4498322","0,6592011",,76.076727,76727,Seine-Maritime,28.0,Normandie,80.0,3.0,2.0,1,1.0,28,Normandie,76,3,25,Vatteville-la-Rue,1133,22,1155.0,2.0,33,,15.0,0.0,1.0,14.0
201900044917,1.0,1,1,1,5.0,1.0,0.0,0,-1.0,1957.0,A01,26,8,2019,11:20,1,76.0,76758,2,2,1.0,6.0,le mail,"49,6167530","0,7528010",,76.076758,76758,Seine-Maritime,28.0,Normandie,50.0,3.0,2.0,2,1.0,28,Normandie,76,3,35,Yvetot,11385,208,11593.0,1.0,7,,0.0,1.0,3.0,15.0
201900044917,10.0,3,4,2,5.0,0.0,4.0,3,1.0,1974.0,A01,26,8,2019,11:20,1,76.0,76758,2,2,1.0,6.0,le mail,"49,6167530","0,7528010",,76.076758,76758,Seine-Maritime,28.0,Normandie,50.0,3.0,2.0,2,1.0,28,Normandie,76,3,35,Yvetot,11385,208,11593.0,1.0,7,,0.0,1.0,3.0,15.0
201900044918,1.0,1,1,2,5.0,1.0,0.0,0,-1.0,1960.0,A01,23,8,2019,16:50,1,76.0,76250,1,2,7.0,3.0,route d'etretat,"49,5597060","0,3209860",,76.076250,76250,Seine-Maritime,28.0,Normandie,80.0,3.0,2.0,2,1.0,28,Normandie,76,2,32,Étainhus,1210,28,1238.0,1.0,7,,0.0,0.0,3.0,15.0
201900044918,1.0,1,3,1,5.0,2.0,0.0,0,-1.0,1990.0,B01,23,8,2019,16:50,1,76.0,76250,1,2,7.0,3.0,route d'etretat,"49,5597060","0,3209860",,76.076250,76250,Seine-Maritime,28.0,Normandie,80.0,3.0,2.0,2,1.0,28,Normandie,76,2,32,Étainhus,1210,28,1238.0,1.0,33,,0.0,2.0,1.0,17.0
201900044919,2.0,2,2,2,3.0,2.0,0.0,0,-1.0,1995.0,A01,27,8,2019,17:15,1,76.0,76313,1,1,1.0,5.0,RD 6015 PK 3 + 400,"49,3545190","1,1297920",,76.076313,76313,Seine-Maritime,28.0,Normandie,80.0,3.0,2.0,1,1.0,28,Normandie,76,3,6,Gouy,895,15,910.0,2.0,33,,0.0,2.0,1.0,21.0
201900044919,1.0,1,3,1,3.0,2.0,0.0,0,-1.0,1995.0,A01,27,8,2019,17:15,1,76.0,76313,1,1,1.0,5.0,RD 6015 PK 3 + 400,"49,3545190","1,1297920",,76.076313,76313,Seine-Maritime,28.0,Normandie,80.0,3.0,2.0,1,1.0,28,Normandie,76,3,6,Gouy,895,15,910.0,2.0,33,,0.0,2.0,1.0,21.0
201900044919,1.0,1,1,2,3.0,1.0,0.0,0,-1.0,1998.0,B01,27,8,2019,17:15,1,76.0,76313,1,1,1.0,5.0,RD 6015 PK 3 + 400,"49,3545190","1,1297920",,76.076313,76313,Seine-Maritime,28.0,Normandie,80.0,3.0,2.0,1,1.0,28,Normandie,76,3,6,Gouy,895,15,910.0,1.0,7,,0.0,2.0,1.0,1.0
201900044919,1.0,1,1,1,5.0,1.0,0.0,0,-1.0,1964.0,C01,27,8,2019,17:15,1,76.0,76313,1,1,1.0,5.0,RD 6015 PK 3 + 400,"49,3545190","1,1297920",,76.076313,76313,Seine-Maritime,28.0,Normandie,80.0,3.0,2.0,1,1.0,28,Normandie,76,3,6,Gouy,895,15,910.0,2.0,7,,0.0,0.0,6.0,1.0
201900045088,10.0,3,3,2,0.0,8.0,3.0,3,1.0,1952.0,A01,1,4,2019,16:20,1,76.0,76540,2,1,1.0,6.0,SAINT JULIEN. RUE,"49,4262000","1,0750400",,76.076540,76540,Seine-Maritime,28.0,Normandie,30.0,4.0,2.0,2,1.0,28,Normandie,76,3,97,Rouen,114083,1556,115639.0,3.0,7,,0.0,1.0,2.0,1.0
201900045088,2.0,2,1,2,1.0,1.0,-1.0,0,-1.0,1993.0,A01,1,4,2019,16:20,1,76.0,76540,2,1,1.0,6.0,SAINT JULIEN. RUE,"49,4262000","1,0750400",,76.076540,76540,Seine-Maritime,28.0,Normandie,30.0,4.0,2.0,2,1.0,28,Normandie,76,3,97,Rouen,114083,1556,115639.0,3.0,7,,0.0,1.0,2.0,1.0
201900045088,1.0,1,1,2,1.0,1.0,-1.0,0,-1.0,1987.0,A01,1,4,2019,16:20,1,76.0,76540,2,1,1.0,6.0,SAINT JULIEN. RUE,"49,4262000","1,0750400",,76.076540,76540,Seine-Maritime,28.0,Normandie,30.0,4.0,2.0,2,1.0,28,Normandie,76,3,97,Rouen,114083,1556,115639.0,3.0,7,,0.0,1.0,2.0,1.0
201900045089,1.0,1,1,1,5.0,1.0,0.0,0,-1.0,1985.0,A01,30,3,2019,11:00,1,76.0,76270,2,1,1.0,1.0,JEAN JAURES,"49,5355633","0,1464773",,76.076270,76270,Seine-Maritime,28.0,Normandie,50.0,3.0,2.0,2,1.0,28,Normandie,76,2,26,Fontaine-la-Mallet,2635,54,2689.0,0.0,7,,0.0,2.0,1.0,13.0
201900045089,1.0,1,3,2,5.0,1.0,0.0,0,-1.0,1957.0,B01,30,3,2019,11:00,1,76.0,76270,2,1,1.0,1.0,JEAN JAURES,"49,5355633","0,1464773",,76.076270,76270,Seine-Maritime,28.0,Normandie,50.0,3.0,2.0,2,1.0,28,Normandie,76,2,26,Fontaine-la-Mallet,2635,54,2689.0,0.0,7,,0.0,2.0,1.0,1.0
201900045090,1.0,1,1,1,5.0,8.0,0.0,0,-1.0,2002.0,A01,29,3,2019,18:10,1,76.0,76351,2,1,1.0,4.0,ACACIAS (DES),"49,5079300","0,1374200",,76.076351,76351,Seine-Maritime,28.0,Normandie,50.0,3.0,2.0,2,1.0,28,Normandie,76,2,96,LeHavre,166058,1780,167838.0,2.0,7,,6.0,2.0,1.0,1.0
201900045090,1.0,1,1,1,5.0,1.0,-1.0, -1,-1.0,1976.0,C01,29,3,2019,18:10,1,76.0,76351,2,1,1.0,4.0,ACACIAS (DES),"49,5079300","0,1374200",,76.076351,76351,Seine-Maritime,28.0,Normandie,50.0,3.0,2.0,2,1.0,28,Normandie,76,2,96,LeHavre,166058,1780,167838.0,2.0,7,,0.0,2.0,1.0,1.0
201900045090,4.0,2,4,2,0.0,1.0,0.0,0,-1.0,2014.0,B01,29,3,2019,18:10,1,76.0,76351,2,1,1.0,4.0,ACACIAS (DES),"49,5079300","0,1374200",,76.076351,76351,Seine-Maritime,28.0,Normandie,50.0,3.0,2.0,2,1.0,28,Normandie,76,2,96,LeHavre,166058,1780,167838.0,0.0,7,,0.0,2.0,4.0,23.0