Num_Acc,place,catu,grav,sexe,trajet,secu,locp,actp,etatp,an_nais,num_veh,jour,mois,an,hrmn,lum,dep,com,agg,int,atm,col,adr,lat,long,gps,com_insee_temp,com_insee,departmentName,regionCode,regionName,vma,catr,circ,nbv,surf,Code,Region,Departement,Arrondissement,Code_Canton,Nom_Commune,Population_municipaLe,Population_comptee_a_part,Population_Totale,senc,catv,occutc,obs,obsm,choc,manv
201900045090,1.0,1,4,2,5.0,1.0,0.0,0,-1.0,1993.0,B01,29,3,2019,18:10,1,76.0,76351,2,1,1.0,4.0,ACACIAS (DES),"49,5079300","0,1374200",,76.076351,76351,Seine-Maritime,28.0,Normandie,50.0,3.0,2.0,2,1.0,28,Normandie,76,2,96,LeHavre,166058,1780,167838.0,0.0,7,,0.0,2.0,4.0,23.0
201900045091,3.0,2,4,1,0.0,1.0,0.0,0,-1.0,1998.0,A01,30,3,2019,17:50,1,76.0,76447,1,1,1.0,6.0,MELAY  ( RTE DU ),"49,5647700","0,2033300",,76.076447,76447,Seine-Maritime,28.0,Normandie,80.0,4.0,2.0,2,1.0,28,Normandie,76,2,15,Montivilliers,15457,203,15660.0,0.0,7,,8.0,0.0,6.0,13.0
201900045091,2.0,2,4,1,0.0,1.0,0.0,0,-1.0,2001.0,A01,30,3,2019,17:50,1,76.0,76447,1,1,1.0,6.0,MELAY  ( RTE DU ),"49,5647700","0,2033300",,76.076447,76447,Seine-Maritime,28.0,Normandie,80.0,4.0,2.0,2,1.0,28,Normandie,76,2,15,Montivilliers,15457,203,15660.0,0.0,7,,8.0,0.0,6.0,13.0
201900045091,4.0,2,4,1,0.0,1.0,0.0,0,-1.0,2001.0,A01,30,3,2019,17:50,1,76.0,76447,1,1,1.0,6.0,MELAY  ( RTE DU ),"49,5647700","0,2033300",,76.076447,76447,Seine-Maritime,28.0,Normandie,80.0,4.0,2.0,2,1.0,28,Normandie,76,2,15,Montivilliers,15457,203,15660.0,0.0,7,,8.0,0.0,6.0,13.0
201900045091,1.0,1,4,1,0.0,1.0,0.0,0,-1.0,1997.0,A01,30,3,2019,17:50,1,76.0,76447,1,1,1.0,6.0,MELAY  ( RTE DU ),"49,5647700","0,2033300",,76.076447,76447,Seine-Maritime,28.0,Normandie,80.0,4.0,2.0,2,1.0,28,Normandie,76,2,15,Montivilliers,15457,203,15660.0,0.0,7,,8.0,0.0,6.0,13.0
201900045152,3.0,2,4,2,5.0,1.0,0.0,0,-1.0,2000.0,A01,31,3,2019,01:30,5,76.0,76552,2,1,1.0,6.0,IGNAUVAL (D'),"49,5130500","0,0842600",,76.076552,76552,Seine-Maritime,28.0,Normandie,50.0,3.0,2.0,2,2.0,28,Normandie,76,2,19,Sainte-Adresse,7116,188,7304.0,1.0,15,,1.0,0.0,3.0,13.0
201900045152,1.0,1,1,1,5.0,1.0,0.0,0,-1.0,1989.0,A01,31,3,2019,01:30,5,76.0,76552,2,1,1.0,6.0,IGNAUVAL (D'),"49,5130500","0,0842600",,76.076552,76552,Seine-Maritime,28.0,Normandie,50.0,3.0,2.0,2,2.0,28,Normandie,76,2,19,Sainte-Adresse,7116,188,7304.0,1.0,15,,1.0,0.0,3.0,13.0
201900045152,2.0,2,1,1,5.0,1.0,0.0,0,-1.0,1990.0,A01,31,3,2019,01:30,5,76.0,76552,2,1,1.0,6.0,IGNAUVAL (D'),"49,5130500","0,0842600",,76.076552,76552,Seine-Maritime,28.0,Normandie,50.0,3.0,2.0,2,2.0,28,Normandie,76,2,19,Sainte-Adresse,7116,188,7304.0,1.0,15,,1.0,0.0,3.0,13.0
201900045301,1.0,1,1,1,4.0,1.0,0.0,0,-1.0,1990.0,A01,16,7,2019,15:20,1,76.0,76618,1,1,1.0,3.0,RD925 - Pk 106.950,"49,9520000","1,2211000",,76.076618,76618,Seine-Maritime,28.0,Normandie,80.0,3.0,2.0,2,1.0,28,Normandie,76,1,8,Petit-Caux,9625,210,9835.0,2.0,7,,0.0,2.0,2.0,1.0
201900045301,1.0,1,4,1,5.0,2.0,0.0,0,-1.0,1939.0,B01,16,7,2019,15:20,1,76.0,76618,1,1,1.0,3.0,RD925 - Pk 106.950,"49,9520000","1,2211000",,76.076618,76618,Seine-Maritime,28.0,Normandie,80.0,3.0,2.0,2,1.0,28,Normandie,76,1,8,Petit-Caux,9625,210,9835.0,2.0,1,,0.0,2.0,8.0,1.0
201900045384,1.0,1,1,2,9.0,1.0,0.0,0,-1.0,1998.0,A01,28,11,2019,23:15,3,76.0,76456,1,1,3.0,5.0,Motteville,"49,6183660","0,8505200",,76.076456,76456,Seine-Maritime,28.0,Normandie,130.0,1.0,3.0,4,4.0,28,Normandie,76,3,35,MottevilLe771,11,782,,1.0,7,,14.0,9.0,0.0,0.0
201900045384,1.0,1,1,2,9.0,1.0,0.0,0,-1.0,1977.0,B01,28,11,2019,23:15,3,76.0,76456,1,1,3.0,5.0,Motteville,"49,6183660","0,8505200",,76.076456,76456,Seine-Maritime,28.0,Normandie,130.0,1.0,3.0,4,4.0,28,Normandie,76,3,35,MottevilLe771,11,782,,1.0,7,,14.0,9.0,0.0,0.0
201900045384,1.0,1,4,2,0.0,1.0,0.0,0,-1.0,1992.0,C01,28,11,2019,23:15,3,76.0,76456,1,1,3.0,5.0,Motteville,"49,6183660","0,8505200",,76.076456,76456,Seine-Maritime,28.0,Normandie,130.0,1.0,3.0,4,4.0,28,Normandie,76,3,35,MottevilLe771,11,782,,1.0,7,,14.0,0.0,1.0,0.0
201900045797,1.0,1,3,1,5.0,1.0,0.0,0,-1.0,1998.0,B01,18,6,2019,00:40,5,76.0,76540,2,2,1.0,3.0,LECANUET. RUE JEAN,"49,4447300","1,0921800",,76.076540,76540,Seine-Maritime,28.0,Normandie,50.0,4.0,2.0,2,1.0,28,Normandie,76,3,97,Rouen,114083,1556,115639.0,0.0,7,,9.0,2.0,1.0,1.0
201900045797,2.0,2,3,1,5.0,1.0,-1.0,0,-1.0,1998.0,B01,18,6,2019,00:40,5,76.0,76540,2,2,1.0,3.0,LECANUET. RUE JEAN,"49,4447300","1,0921800",,76.076540,76540,Seine-Maritime,28.0,Normandie,50.0,4.0,2.0,2,1.0,28,Normandie,76,3,97,Rouen,114083,1556,115639.0,0.0,7,,9.0,2.0,1.0,1.0
201900045797,2.0,2,3,1,5.0,1.0,-1.0,0,-1.0,1996.0,B01,18,6,2019,00:40,5,76.0,76540,2,2,1.0,3.0,LECANUET. RUE JEAN,"49,4447300","1,0921800",,76.076540,76540,Seine-Maritime,28.0,Normandie,50.0,4.0,2.0,2,1.0,28,Normandie,76,3,97,Rouen,114083,1556,115639.0,0.0,7,,9.0,2.0,1.0,1.0
201900045797,1.0,1,3,1,0.0,1.0,-1.0,0,-1.0,1966.0,A01,18,6,2019,00:40,5,76.0,76540,2,2,1.0,3.0,LECANUET. RUE JEAN,"49,4447300","1,0921800",,76.076540,76540,Seine-Maritime,28.0,Normandie,50.0,4.0,2.0,2,1.0,28,Normandie,76,3,97,Rouen,114083,1556,115639.0,0.0,7,,0.0,2.0,7.0,1.0
201900045798,1.0,1,1,1,5.0,1.0,0.0,0,-1.0,1983.0,A01,14,6,2019,18:10,1,76.0,76540,2,1,1.0,6.0,CAEN. AVENUE DE,"49,4301600","1,0769600",,76.076540,76540,Seine-Maritime,28.0,Normandie,50.0,3.0,2.0,2,1.0,28,Normandie,76,3,97,Rouen,114083,1556,115639.0,0.0,7,,0.0,1.0,1.0,1.0
201900045798,10.0,3,3,1,0.0,8.0,2.0,3,1.0,1957.0,A01,14,6,2019,18:10,1,76.0,76540,2,1,1.0,6.0,CAEN. AVENUE DE,"49,4301600","1,0769600",,76.076540,76540,Seine-Maritime,28.0,Normandie,50.0,3.0,2.0,2,1.0,28,Normandie,76,3,97,Rouen,114083,1556,115639.0,0.0,7,,0.0,1.0,1.0,1.0
201900045799,10.0,3,3,1,4.0,8.0,6.0,9,1.0,1973.0,Z01,11,6,2019,09:00,1,76.0,76498,1,1,1.0,6.0,SUD III (RN 338),"49,4196900","1,0500100",,76.076498,76498,Seine-Maritime,28.0,Normandie,90.0,2.0,1.0,2,1.0,28,Normandie,76,3,27,LePetit-Quevilly,21782,274,22056.0,1.0,7,,1.0,0.0,1.0,1.0
201900045800,1.0,1,4,1,5.0,2.0,-1.0,0,-1.0,2003.0,C01,9,6,2019,17:30,1,76.0,76157,1,4,1.0,5.0,VALETTE. RUE DE LA (CD 51),"49,4630800","1,0411600",,76.076157,76157,Seine-Maritime,28.0,Normandie,50.0,3.0,2.0,3,1.0,28,Normandie,76,3,4,Canteleu,13966,360,14326.0,0.0,2,,0.0,2.0,3.0,1.0
201900045800,2.0,2,4,1,5.0,2.0,-1.0,0,-1.0,2005.0,B01,9,6,2019,17:30,1,76.0,76157,1,4,1.0,5.0,VALETTE. RUE DE LA (CD 51),"49,4630800","1,0411600",,76.076157,76157,Seine-Maritime,28.0,Normandie,50.0,3.0,2.0,3,1.0,28,Normandie,76,3,4,Canteleu,13966,360,14326.0,0.0,30,,0.0,2.0,1.0,1.0
201900045800,1.0,1,3,1,5.0,2.0,-1.0,0,-1.0,2003.0,B01,9,6,2019,17:30,1,76.0,76157,1,4,1.0,5.0,VALETTE. RUE DE LA (CD 51),"49,4630800","1,0411600",,76.076157,76157,Seine-Maritime,28.0,Normandie,50.0,3.0,2.0,3,1.0,28,Normandie,76,3,4,Canteleu,13966,360,14326.0,0.0,30,,0.0,2.0,1.0,1.0
201900045800,1.0,1,1,1,5.0,1.0,-1.0,0,-1.0,1974.0,A01,9,6,2019,17:30,1,76.0,76157,1,4,1.0,5.0,VALETTE. RUE DE LA (CD 51),"49,4630800","1,0411600",,76.076157,76157,Seine-Maritime,28.0,Normandie,50.0,3.0,2.0,3,1.0,28,Normandie,76,3,4,Canteleu,13966,360,14326.0,0.0,7,,0.0,2.0,6.0,15.0
201900045801,1.0,1,3,1,0.0,1.0,-1.0,0,-1.0,1995.0,A01,7,6,2019,22:50,5,76.0,76540,1,1,1.0,7.0,ROCADE Nord-Est,"49,4517800","1,1456400",,76.076540,76540,Seine-Maritime,28.0,Normandie,90.0,2.0,1.0,2,2.0,28,Normandie,76,3,97,Rouen,114083,1556,115639.0,1.0,7,,13.0,0.0,9.0,1.0
201900045801,2.0,2,4,2,0.0,1.0,-1.0,0,-1.0,1994.0,A01,7,6,2019,22:50,5,76.0,76540,1,1,1.0,7.0,ROCADE Nord-Est,"49,4517800","1,1456400",,76.076540,76540,Seine-Maritime,28.0,Normandie,90.0,2.0,1.0,2,2.0,28,Normandie,76,3,97,Rouen,114083,1556,115639.0,1.0,7,,13.0,0.0,9.0,1.0
201900045802,10.0,3,4,2,0.0,0.0,4.0,3,2.0,2015.0,A01,7,6,2019,14:00,1,76.0,76540,2,2,1.0,6.0,LECANUET. RUE JEAN,"49,4446700","1,0921300",,76.076540,76540,Seine-Maritime,28.0,Normandie,30.0,4.0,2.0,2,1.0,28,Normandie,76,3,97,Rouen,114083,1556,115639.0,0.0,7,,0.0,1.0,1.0,15.0
201900045802,10.0,3,4,2,5.0,8.0,4.0,3,2.0,1982.0,A01,7,6,2019,14:00,1,76.0,76540,2,2,1.0,6.0,LECANUET. RUE JEAN,"49,4446700","1,0921300",,76.076540,76540,Seine-Maritime,28.0,Normandie,30.0,4.0,2.0,2,1.0,28,Normandie,76,3,97,Rouen,114083,1556,115639.0,0.0,7,,0.0,1.0,1.0,15.0
201900045802,1.0,1,1,1,0.0,1.0,0.0,0,-1.0,1986.0,A01,7,6,2019,14:00,1,76.0,76540,2,2,1.0,6.0,LECANUET. RUE JEAN,"49,4446700","1,0921300",,76.076540,76540,Seine-Maritime,28.0,Normandie,30.0,4.0,2.0,2,1.0,28,Normandie,76,3,97,Rouen,114083,1556,115639.0,0.0,7,,0.0,1.0,1.0,15.0
201900045803,1.0,1,4,1,0.0,1.0,0.0,0,-1.0,1994.0,A01,5,6,2019,21:05,1,76.0,76540,2,2,1.0,2.0,GALLIENI. RUE DU MARECHAL,"49,4178600","1,0768100",,76.076540,76540,Seine-Maritime,28.0,Normandie,50.0,4.0,2.0,2,1.0,28,Normandie,76,3,97,Rouen,114083,1556,115639.0,0.0,7,,0.0,2.0,1.0,17.0
201900045803,1.0,1,4,2,9.0,1.0,0.0,0,-1.0,1983.0,B01,5,6,2019,21:05,1,76.0,76540,2,2,1.0,2.0,GALLIENI. RUE DU MARECHAL,"49,4178600","1,0768100",,76.076540,76540,Seine-Maritime,28.0,Normandie,50.0,4.0,2.0,2,1.0,28,Normandie,76,3,97,Rouen,114083,1556,115639.0,0.0,7,,0.0,2.0,4.0,15.0
201900045804,1.0,1,4,2,5.0,1.0,-1.0,0,-1.0,1952.0,A01,4,6,2019,17:50,1,76.0,76108,2,2,1.0,3.0,EGLISE. RUE DE L',"49,4668600","1,1079800",,76.076108,76108,Seine-Maritime,28.0,Normandie,50.0,4.0,2.0,2,1.0,28,Normandie,76,3,2,Bois-Guillaume,14262,361,14623.0,0.0,7,,0.0,2.0,1.0,13.0
201900045804,1.0,1,4,1,4.0,1.0,-1.0,0,-1.0,1967.0,B01,4,6,2019,17:50,1,76.0,76108,2,2,1.0,3.0,EGLISE. RUE DE L',"49,4668600","1,1079800",,76.076108,76108,Seine-Maritime,28.0,Normandie,50.0,4.0,2.0,2,1.0,28,Normandie,76,3,2,Bois-Guillaume,14262,361,14623.0,0.0,7,,0.0,2.0,3.0,0.0
201900045804,2.0,2,1,1,4.0,1.0,-1.0,0,-1.0,1972.0,B01,4,6,2019,17:50,1,76.0,76108,2,2,1.0,3.0,EGLISE. RUE DE L',"49,4668600","1,1079800",,76.076108,76108,Seine-Maritime,28.0,Normandie,50.0,4.0,2.0,2,1.0,28,Normandie,76,3,2,Bois-Guillaume,14262,361,14623.0,0.0,7,,0.0,2.0,3.0,0.0
201900045805,1.0,1,4,1,5.0,2.0,0.0,0,-1.0,1978.0,B01,1,6,2019,15:00,1,76.0,76540,2,2,1.0,3.0,SAINT SEVER. RUE,"49,4347900","1,0936000",,76.076540,76540,Seine-Maritime,28.0,Normandie,50.0,4.0,3.0,2,1.0,28,Normandie,76,3,97,Rouen,114083,1556,115639.0,0.0,32,,0.0,2.0,1.0,1.0
201900045805,1.0,1,1,1,0.0,1.0,0.0,0,-1.0,1967.0,A01,1,6,2019,15:00,1,76.0,76540,2,2,1.0,3.0,SAINT SEVER. RUE,"49,4347900","1,0936000",,76.076540,76540,Seine-Maritime,28.0,Normandie,50.0,4.0,3.0,2,1.0,28,Normandie,76,3,97,Rouen,114083,1556,115639.0,0.0,7,,0.0,2.0,5.0,15.0
201900045806,1.0,1,4,1,5.0,2.0,0.0,0,-1.0,1997.0,B01,30,5,2019,19:25,1,76.0,76540,2,2,1.0,3.0,CORNEILLE. QUAI (HAUT) PIERRE,"49,4380400","1,0918700",,76.076540,76540,Seine-Maritime,28.0,Normandie,50.0,3.0,3.0,4,1.0,28,Normandie,76,3,97,Rouen,114083,1556,115639.0,1.0,33,,0.0,2.0,0.0,1.0
201900045806,1.0,1,1,1,5.0,1.0,0.0,0,-1.0,1996.0,A01,30,5,2019,19:25,1,76.0,76540,2,2,1.0,3.0,CORNEILLE. QUAI (HAUT) PIERRE,"49,4380400","1,0918700",,76.076540,76540,Seine-Maritime,28.0,Normandie,50.0,3.0,3.0,4,1.0,28,Normandie,76,3,97,Rouen,114083,1556,115639.0,1.0,7,,0.0,2.0,0.0,15.0
201900045807,1.0,1,3,1,0.0,2.0,-1.0,0,-1.0,1994.0,A01,15,6,2019,04:01,2,76.0,76351,2,1,1.0,6.0,SAONE (QUAI DE LA),"49,4828000","0,1370800",,76.076351,76351,Seine-Maritime,28.0,Normandie,20.0,4.0,2.0,2,1.0,28,Normandie,76,2,96,LeHavre,166058,1780,167838.0,3.0,2,,14.0,0.0,1.0,1.0
201900045808,1.0,1,1,1,5.0,1.0,0.0,0,-1.0,1979.0,A01,14,6,2019,10:50,1,76.0,76351,2,2,1.0,6.0,DEMIDOFF (RUE),"49,4975200","0,1341000",,76.076351,76351,Seine-Maritime,28.0,Normandie,50.0,4.0,2.0,2,1.0,28,Normandie,76,2,96,LeHavre,166058,1780,167838.0,0.0,7,,0.0,1.0,3.0,15.0
201900045808,10.0,3,3,2,5.0,8.0,3.0,3,1.0,1933.0,A01,14,6,2019,10:50,1,76.0,76351,2,2,1.0,6.0,DEMIDOFF (RUE),"49,4975200","0,1341000",,76.076351,76351,Seine-Maritime,28.0,Normandie,50.0,4.0,2.0,2,1.0,28,Normandie,76,2,96,LeHavre,166058,1780,167838.0,0.0,7,,0.0,1.0,3.0,15.0
201900045809,1.0,1,3,1,0.0,2.0,0.0,0,-1.0,1994.0,A01,15,6,2019,00:45,3,76.0,76481,2,6,1.0,7.0,RD 6382,"49,5317800","0,1032500",,76.076481,76481,Seine-Maritime,28.0,Normandie,50.0,3.0,3.0,4,1.0,28,Normandie,76,2,26,Octeville-sur-Mer,6122,119,6241.0,3.0,33,,11.0,0.0,0.0,1.0
201900045810,1.0,1,3,2,1.0,2.0,-1.0,0,-1.0,2002.0,A01,6,6,2019,08:47,1,76.0,76351,1,1,1.0,6.0,LOUIS LUMIERE,"49,5284300","0,1336700",,76.076351,76351,Seine-Maritime,28.0,Normandie,70.0,3.0,2.0,2,1.0,28,Normandie,76,2,96,LeHavre,166058,1780,167838.0,2.0,30,,0.0,2.0,1.0,1.0
201900045810,1.0,1,1,1,5.0,1.0,-1.0,0,-1.0,1977.0,B01,6,6,2019,08:47,1,76.0,76351,1,1,1.0,6.0,LOUIS LUMIERE,"49,5284300","0,1336700",,76.076351,76351,Seine-Maritime,28.0,Normandie,70.0,3.0,2.0,2,1.0,28,Normandie,76,2,96,LeHavre,166058,1780,167838.0,2.0,7,,0.0,2.0,8.0,1.0
201900045811,2.0,2,1,2,4.0,1.0,-1.0,0,-1.0,1980.0,B01,1,6,2019,13:25,1,76.0,76341,2,6,1.0,2.0,BREQUE,"49,5045000","0,1962000",,76.076341,76341,Seine-Maritime,28.0,Normandie,50.0,3.0,3.0,5,1.0,28,Normandie,76,2,15,Harfleur,8315,53,8368.0,1.0,7,,0.0,2.0,4.0,1.0
201900045811,1.0,1,1,1,9.0,1.0,-1.0,0,-1.0,2000.0,B01,1,6,2019,13:25,1,76.0,76341,2,6,1.0,2.0,BREQUE,"49,5045000","0,1962000",,76.076341,76341,Seine-Maritime,28.0,Normandie,50.0,3.0,3.0,5,1.0,28,Normandie,76,2,15,Harfleur,8315,53,8368.0,1.0,7,,0.0,2.0,4.0,1.0
201900045811,1.0,1,4,1,0.0,2.0,-1.0,0,-1.0,1971.0,A01,1,6,2019,13:25,1,76.0,76341,2,6,1.0,2.0,BREQUE,"49,5045000","0,1962000",,76.076341,76341,Seine-Maritime,28.0,Normandie,50.0,3.0,3.0,5,1.0,28,Normandie,76,2,15,Harfleur,8315,53,8368.0,1.0,1,,0.0,2.0,1.0,1.0
201900045812,2.0,2,4,1,0.0,1.0,0.0,0,-1.0,2001.0,A01,30,5,2019,00:00,5,76.0,76351,2,1,1.0,6.0,PAUL BERT (AVENUE).,"49,5066986","0,1696873",,76.076351,76351,Seine-Maritime,28.0,Normandie,50.0,4.0,-1.0,2,1.0,28,Normandie,76,2,96,LeHavre,166058,1780,167838.0,0.0,7,,6.0,0.0,3.0,13.0
201900045813,1.0,1,1,2,5.0,1.0,0.0,0,-1.0,1984.0,A01,31,5,2019,18:10,1,76.0,76351,2,2,1.0,3.0,REPUBLIQUE (COURS DE LA),"49,4960100","0,1266600",,76.076351,76351,Seine-Maritime,28.0,Normandie,50.0,4.0,2.0,4,1.0,28,Normandie,76,2,96,LeHavre,166058,1780,167838.0,2.0,7,,0.0,2.0,5.0,15.0
201900045813,1.0,1,4,1,5.0,2.0,0.0,0,-1.0,2001.0,B01,31,5,2019,18:10,1,76.0,76351,2,2,1.0,3.0,REPUBLIQUE (COURS DE LA),"49,4960100","0,1266600",,76.076351,76351,Seine-Maritime,28.0,Normandie,50.0,4.0,2.0,4,1.0,28,Normandie,76,2,96,LeHavre,166058,1780,167838.0,1.0,30,,0.0,2.0,1.0,1.0
201900045814,1.0,1,3,1,0.0,2.0,0.0,0,-1.0,1957.0,B01,29,5,2019,13:50,1,76.0,76351,2,1,1.0,1.0,EUGENE MOPIN (RUE),"49,5190300","0,1581600",,76.076351,76351,Seine-Maritime,28.0,Normandie,50.0,3.0,2.0,4,1.0,28,Normandie,76,2,96,LeHavre,166058,1780,167838.0,1.0,33,,0.0,2.0,1.0,1.0
201900045814,1.0,1,1,2,0.0,1.0,0.0,0,-1.0,1979.0,A01,29,5,2019,13:50,1,76.0,76351,2,1,1.0,1.0,EUGENE MOPIN (RUE),"49,5190300","0,1581600",,76.076351,76351,Seine-Maritime,28.0,Normandie,50.0,3.0,2.0,4,1.0,28,Normandie,76,2,96,LeHavre,166058,1780,167838.0,2.0,7,,0.0,2.0,1.0,15.0
201900045815,1.0,1,4,2,0.0,1.0,0.0,0,-1.0,1974.0,A01,30,5,2019,21:35,2,76.0,76351,2,2,1.0,2.0,GUSTAVE BRINDEAU (RUE),"49,4925700","0,1395000",,76.076351,76351,Seine-Maritime,28.0,Normandie,50.0,4.0,2.0,2,1.0,28,Normandie,76,2,96,LeHavre,166058,1780,167838.0,3.0,7,,0.0,2.0,5.0,1.0
201900045815,1.0,1,1,1,0.0,8.0,0.0,0,-1.0,2000.0,B01,30,5,2019,21:35,2,76.0,76351,2,2,1.0,2.0,GUSTAVE BRINDEAU (RUE),"49,4925700","0,1395000",,76.076351,76351,Seine-Maritime,28.0,Normandie,50.0,4.0,2.0,2,1.0,28,Normandie,76,2,96,LeHavre,166058,1780,167838.0,0.0,7,,0.0,2.0,1.0,1.0
201900045816,1.0,1,4,1,0.0,2.0,0.0,0,-1.0,1979.0,B01,28,5,2019,16:40,1,76.0,76351,2,1,1.0,3.0,BOIS AU COQ (AVENUE),"49,5102800","0,1315600",,76.076351,76351,Seine-Maritime,28.0,Normandie,50.0,4.0,3.0,2,1.0,28,Normandie,76,2,96,LeHavre,166058,1780,167838.0,0.0,2,,0.0,2.0,8.0,13.0
201900045816,1.0,1,1,1,0.0,1.0,0.0,0,-1.0,1981.0,A01,28,5,2019,16:40,1,76.0,76351,2,1,1.0,3.0,BOIS AU COQ (AVENUE),"49,5102800","0,1315600",,76.076351,76351,Seine-Maritime,28.0,Normandie,50.0,4.0,3.0,2,1.0,28,Normandie,76,2,96,LeHavre,166058,1780,167838.0,0.0,7,,0.0,2.0,2.0,13.0
201900045817,2.0,1,1,2,5.0,1.0,-1.0,0,-1.0,1959.0,B01,4,6,2019,18:39,1,76.0,76565,1,3,8.0,2.0,RD 915,"49,8827300","1,0902600",,76.076565,76565,Seine-Maritime,28.0,Normandie,80.0,3.0,2.0,2,2.0,28,Normandie,76,1,7,Saint-Aubin-sur-Scie,1202,101,1303.0,2.0,7,,0.0,2.0,5.0,15.0
201900045817,2.0,2,4,2,3.0,1.0,-1.0,0,-1.0,1939.0,A01,4,6,2019,18:39,1,76.0,76565,1,3,8.0,2.0,RD 915,"49,8827300","1,0902600",,76.076565,76565,Seine-Maritime,28.0,Normandie,80.0,3.0,2.0,2,2.0,28,Normandie,76,1,7,Saint-Aubin-sur-Scie,1202,101,1303.0,2.0,7,,0.0,2.0,3.0,1.0
201900045817,1.0,1,1,1,3.0,1.0,-1.0,0,-1.0,1933.0,A01,4,6,2019,18:39,1,76.0,76565,1,3,8.0,2.0,RD 915,"49,8827300","1,0902600",,76.076565,76565,Seine-Maritime,28.0,Normandie,80.0,3.0,2.0,2,2.0,28,Normandie,76,1,7,Saint-Aubin-sur-Scie,1202,101,1303.0,2.0,7,,0.0,2.0,3.0,1.0
201900045993,1.0,1,4,1,1.0,2.0,-1.0,0,-1.0,1958.0,A01,22,2,2019,12:20,1,76.0,76540,2,2,1.0,3.0,EUROPE. BOULEVARD DE L',"49,4272000","1,0836200",,76.076540,76540,Seine-Maritime,28.0,Normandie,50.0,4.0,3.0,3,1.0,28,Normandie,76,3,97,Rouen,114083,1556,115639.0,0.0,33,,0.0,2.0,1.0,1.0
201900045993,1.0,1,1,1,0.0,1.0,-1.0,0,-1.0,1983.0,B01,22,2,2019,12:20,1,76.0,76540,2,2,1.0,3.0,EUROPE. BOULEVARD DE L',"49,4272000","1,0836200",,76.076540,76540,Seine-Maritime,28.0,Normandie,50.0,4.0,3.0,3,1.0,28,Normandie,76,3,97,Rouen,114083,1556,115639.0,0.0,7,,0.0,2.0,1.0,15.0
201900046239,5.0,2,2,1,5.0,1.0,-1.0,0,-1.0,2000.0,A01,10,1,2019,00:35,5,76.0,76540,2,1,1.0,6.0,GRAND COURS. AVENUE DU,"49,4276700","1,1029900",,76.076540,76540,Seine-Maritime,28.0,Normandie,70.0,3.0,3.0,5,2.0,28,Normandie,76,3,97,Rouen,114083,1556,115639.0,1.0,7,,2.0,0.0,3.0,26.0
201900046239,4.0,2,3,1,5.0,1.0,-1.0,0,-1.0,2000.0,A01,10,1,2019,00:35,5,76.0,76540,2,1,1.0,6.0,GRAND COURS. AVENUE DU,"49,4276700","1,1029900",,76.076540,76540,Seine-Maritime,28.0,Normandie,70.0,3.0,3.0,5,2.0,28,Normandie,76,3,97,Rouen,114083,1556,115639.0,1.0,7,,2.0,0.0,3.0,26.0
201900046239,3.0,2,3,1,0.0,1.0,-1.0,0,-1.0,2003.0,A01,10,1,2019,00:35,5,76.0,76540,2,1,1.0,6.0,GRAND COURS. AVENUE DU,"49,4276700","1,1029900",,76.076540,76540,Seine-Maritime,28.0,Normandie,70.0,3.0,3.0,5,2.0,28,Normandie,76,3,97,Rouen,114083,1556,115639.0,1.0,7,,2.0,0.0,3.0,26.0
201900046239,2.0,2,3,1,5.0,1.0,-1.0,0,-1.0,2001.0,A01,10,1,2019,00:35,5,76.0,76540,2,1,1.0,6.0,GRAND COURS. AVENUE DU,"49,4276700","1,1029900",,76.076540,76540,Seine-Maritime,28.0,Normandie,70.0,3.0,3.0,5,2.0,28,Normandie,76,3,97,Rouen,114083,1556,115639.0,1.0,7,,2.0,0.0,3.0,26.0
201900046239,1.0,1,2,1,5.0,1.0,-1.0,0,-1.0,2001.0,A01,10,1,2019,00:35,5,76.0,76540,2,1,1.0,6.0,GRAND COURS. AVENUE DU,"49,4276700","1,1029900",,76.076540,76540,Seine-Maritime,28.0,Normandie,70.0,3.0,3.0,5,2.0,28,Normandie,76,3,97,Rouen,114083,1556,115639.0,1.0,7,,2.0,0.0,3.0,26.0
201900046240,2.0,2,3,1,5.0,2.0,0.0,0,-1.0,1999.0,A01,8,1,2019,00:50,5,76.0,76540,2,1,2.0,6.0,LA FAYETTE. RUE,"49,4329500","1,0900900",,76.076540,76540,Seine-Maritime,28.0,Normandie,50.0,4.0,2.0,2,2.0,28,Normandie,76,3,97,Rouen,114083,1556,115639.0,0.0,2,,1.0,0.0,2.0,14.0
201900046240,1.0,1,4,1,5.0,2.0,0.0,0,-1.0,1999.0,A01,8,1,2019,00:50,5,76.0,76540,2,1,2.0,6.0,LA FAYETTE. RUE,"49,4329500","1,0900900",,76.076540,76540,Seine-Maritime,28.0,Normandie,50.0,4.0,2.0,2,2.0,28,Normandie,76,3,97,Rouen,114083,1556,115639.0,0.0,2,,1.0,0.0,2.0,14.0
201900046241,1.0,1,4,1,0.0,2.0,-1.0,0,-1.0,2001.0,B01,10,1,2019,13:00,1,76.0,76351,2,2,1.0,3.0,ALEMBERT,"49,5122100","0,1103100",,76.076351,76351,Seine-Maritime,28.0,Normandie,50.0,4.0,2.0,2,1.0,28,Normandie,76,2,96,LeHavre,166058,1780,167838.0,0.0,31,,0.0,2.0,1.0,1.0