Num_Acc,place,catu,grav,sexe,trajet,secu,locp,actp,etatp,an_nais,num_veh,jour,mois,an,hrmn,lum,dep,com,agg,int,atm,col,adr,lat,long,gps,com_insee_temp,com_insee,departmentName,regionCode,regionName,vma,catr,circ,nbv,surf,Code,Region,Departement,Arrondissement,Code_Canton,Nom_Commune,Population_municipaLe,Population_comptee_a_part,Population_Totale,senc,catv,occutc,obs,obsm,choc,manv
201900046241,1.0,1,1,2,0.0,1.0,-1.0,0,-1.0,1979.0,A01,10,1,2019,13:00,1,76.0,76351,2,2,1.0,3.0,ALEMBERT,"49,5122100","0,1103100",,76.076351,76351,Seine-Maritime,28.0,Normandie,50.0,4.0,2.0,2,1.0,28,Normandie,76,2,96,LeHavre,166058,1780,167838.0,0.0,7,,0.0,2.0,2.0,19.0
201900046242,1.0,1,1,1,5.0,1.0,-1.0,0,-1.0,1994.0,C01,8,1,2019,20:15,5,76.0,76351,2,1,1.0,4.0,APLEMONT (AVENUE D'),"49,5030000","0,1813000",,76.076351,76351,Seine-Maritime,28.0,Normandie,50.0,4.0,2.0,2,1.0,28,Normandie,76,2,96,LeHavre,166058,1780,167838.0,1.0,7,,0.0,2.0,4.0,1.0
201900046242,2.0,2,1,2,1.0,1.0,-1.0,0,-1.0,1960.0,B01,8,1,2019,20:15,5,76.0,76351,2,1,1.0,4.0,APLEMONT (AVENUE D'),"49,5030000","0,1813000",,76.076351,76351,Seine-Maritime,28.0,Normandie,50.0,4.0,2.0,2,1.0,28,Normandie,76,2,96,LeHavre,166058,1780,167838.0,1.0,7,,0.0,2.0,1.0,1.0
201900046242,1.0,1,4,2,1.0,1.0,-1.0,0,-1.0,1970.0,B01,8,1,2019,20:15,5,76.0,76351,2,1,1.0,4.0,APLEMONT (AVENUE D'),"49,5030000","0,1813000",,76.076351,76351,Seine-Maritime,28.0,Normandie,50.0,4.0,2.0,2,1.0,28,Normandie,76,2,96,LeHavre,166058,1780,167838.0,1.0,7,,0.0,2.0,1.0,1.0
201900046242,1.0,1,1,2,5.0,1.0,-1.0,0,-1.0,1984.0,A01,8,1,2019,20:15,5,76.0,76351,2,1,1.0,4.0,APLEMONT (AVENUE D'),"49,5030000","0,1813000",,76.076351,76351,Seine-Maritime,28.0,Normandie,50.0,4.0,2.0,2,1.0,28,Normandie,76,2,96,LeHavre,166058,1780,167838.0,1.0,7,,0.0,2.0,1.0,1.0
201900046243,1.0,1,1,1,0.0,1.0,0.0,0,-1.0,1994.0,A01,8,1,2019,18:30,1,76.0,76351,2,1,1.0,6.0,CLEMENT MARICAL,"49,5010900","0,0960500",,76.076351,76351,Seine-Maritime,28.0,Normandie,50.0,4.0,1.0,1,1.0,28,Normandie,76,2,96,LeHavre,166058,1780,167838.0,0.0,7,,0.0,1.0,1.0,16.0
201900046243,10.0,3,4,1,0.0,8.0,5.0,9,1.0,1935.0,A01,8,1,2019,18:30,1,76.0,76351,2,1,1.0,6.0,CLEMENT MARICAL,"49,5010900","0,0960500",,76.076351,76351,Seine-Maritime,28.0,Normandie,50.0,4.0,1.0,1,1.0,28,Normandie,76,2,96,LeHavre,166058,1780,167838.0,0.0,7,,0.0,1.0,1.0,16.0
201900046244,1.0,1,4,1,1.0,1.0,-1.0,0,-1.0,1971.0,A01,8,1,2019,08:45,1,76.0,76324,1,1,1.0,2.0,RD 925,"49,9304300","1,1377400",,76.076324,76324,Seine-Maritime,28.0,Normandie,80.0,3.0,2.0,2,1.0,28,Normandie,76,1,8,Grèges,841,15,856.0,2.0,10,,0.0,2.0,1.0,1.0
201900046244,1.0,1,4,2,1.0,1.0,-1.0,0,-1.0,1975.0,B01,8,1,2019,08:45,1,76.0,76324,1,1,1.0,2.0,RD 925,"49,9304300","1,1377400",,76.076324,76324,Seine-Maritime,28.0,Normandie,80.0,3.0,2.0,2,1.0,28,Normandie,76,1,8,Grèges,841,15,856.0,2.0,7,,0.0,2.0,4.0,1.0
201900046448,1.0,1,1,2,5.0,1.0,0.0,0,-1.0,1979.0,A01,26,9,2019,16:00,1,76.0,76402,2,1,1.0,6.0,MARTYRS DE LA RESISTANCE. RUE DES,"49,5267700","1,0404600",,76.076402,76402,Seine-Maritime,28.0,Normandie,30.0,4.0,1.0,1,1.0,28,Normandie,76,3,24,Malaunay,6143,49,6192.0,0.0,7,,0.0,1.0,1.0,1.0
201900046448,10.0,3,4,1,5.0,8.0,2.0,5,2.0,2010.0,A01,26,9,2019,16:00,1,76.0,76402,2,1,1.0,6.0,MARTYRS DE LA RESISTANCE. RUE DES,"49,5267700","1,0404600",,76.076402,76402,Seine-Maritime,28.0,Normandie,30.0,4.0,1.0,1,1.0,28,Normandie,76,3,24,Malaunay,6143,49,6192.0,0.0,7,,0.0,1.0,1.0,1.0
201900046662,1.0,1,4,1,5.0,0.0,0.0,0,-1.0,2003.0,B01,26,8,2019,19:15,1,76.0,76317,1,2,1.0,3.0,Route du Fond de Grainville,"49,6511080","0,4017740",,76.076317,76317,Seine-Maritime,28.0,Normandie,80.0,3.0,2.0,2,1.0,28,Normandie,76,2,32,Grainville-YmauvilLe426,12,438,,2.0,1,,0.0,2.0,1.0,19.0
201900046662,1.0,1,1,1,1.0,1.0,0.0,0,-1.0,1970.0,A01,26,8,2019,19:15,1,76.0,76317,1,2,1.0,3.0,Route du Fond de Grainville,"49,6511080","0,4017740",,76.076317,76317,Seine-Maritime,28.0,Normandie,80.0,3.0,2.0,2,1.0,28,Normandie,76,2,32,Grainville-YmauvilLe426,12,438,,1.0,7,,0.0,2.0,2.0,1.0
201900046663,1.0,1,4,1,1.0,1.0,0.0,0,-1.0,1989.0,A01,26,8,2019,06:15,2,76.0,76419,2,1,5.0,6.0,D64,"49,4004860","0,9206040",,76.076419,76419,Seine-Maritime,28.0,Normandie,80.0,3.0,2.0,2,1.0,28,Normandie,76,3,1,Mauny,155,6,161.0,0.0,7,,8.0,0.0,1.0,1.0
201900046733,3.0,2,4,1,0.0,1.0,-1.0,0,-1.0,1970.0,A01,20,8,2019,20:27,2,76.0,76351,2,2,1.0,3.0,VAUBAN,"49,4898200","0,1193900",,76.076351,76351,Seine-Maritime,28.0,Normandie,50.0,4.0,2.0,4,1.0,28,Normandie,76,2,96,LeHavre,166058,1780,167838.0,3.0,7,,0.0,2.0,1.0,1.0
201900046733,2.0,2,1,2,0.0,1.0,-1.0,0,-1.0,1970.0,A01,20,8,2019,20:27,2,76.0,76351,2,2,1.0,3.0,VAUBAN,"49,4898200","0,1193900",,76.076351,76351,Seine-Maritime,28.0,Normandie,50.0,4.0,2.0,4,1.0,28,Normandie,76,2,96,LeHavre,166058,1780,167838.0,3.0,7,,0.0,2.0,1.0,1.0
201900046733,1.0,1,1,2,0.0,1.0,-1.0,0,-1.0,1971.0,A01,20,8,2019,20:27,2,76.0,76351,2,2,1.0,3.0,VAUBAN,"49,4898200","0,1193900",,76.076351,76351,Seine-Maritime,28.0,Normandie,50.0,4.0,2.0,4,1.0,28,Normandie,76,2,96,LeHavre,166058,1780,167838.0,3.0,7,,0.0,2.0,1.0,1.0
201900046733,1.0,1,4,1,0.0,1.0,-1.0,0,-1.0,1994.0,B01,20,8,2019,20:27,2,76.0,76351,2,2,1.0,3.0,VAUBAN,"49,4898200","0,1193900",,76.076351,76351,Seine-Maritime,28.0,Normandie,50.0,4.0,2.0,4,1.0,28,Normandie,76,2,96,LeHavre,166058,1780,167838.0,3.0,7,,0.0,2.0,3.0,1.0
201900046786,1.0,1,3,1,5.0,6.0,0.0,0,-1.0,2000.0,A01,11,3,2019,04:30,3,76.0,76654,2,2,1.0,7.0,Rue François Prevel,"49,6921360","1,0073107",,76.076654,76654,Seine-Maritime,28.0,Normandie,30.0,3.0,2.0,2,1.0,28,Normandie,76,1,20,Saint-Vaast-du-Val,465,10,475.0,2.0,2,,0.0,0.0,0.0,15.0
201900046812,1.0,1,3,1,5.0,2.0,0.0,0,-1.0,1978.0,B01,31,3,2019,12:50,1,76.0,76484,1,1,1.0,3.0,A139 PK 001+000,"49,3444830","1,0451200",,76.076484,76484,Seine-Maritime,28.0,Normandie,110.0,1.0,1.0,2,1.0,28,Normandie,76,3,31,Oissel,12367,83,12450.0,1.0,33,,0.0,0.0,2.0,1.0
201900046812,1.0,1,1,1,5.0,1.0,0.0,0,-1.0,1986.0,A01,31,3,2019,12:50,1,76.0,76484,1,1,1.0,3.0,A139 PK 001+000,"49,3444830","1,0451200",,76.076484,76484,Seine-Maritime,28.0,Normandie,110.0,1.0,1.0,2,1.0,28,Normandie,76,3,31,Oissel,12367,83,12450.0,1.0,7,,0.0,2.0,3.0,13.0
201900046859,1.0,1,1,1,0.0,1.0,0.0,0,-1.0,1973.0,B01,29,3,2019,23:00,5,76.0,76351,2,2,1.0,3.0,FRANCOIS 1ER (BD),"49,4871780","0,1033660",,76.076351,76351,Seine-Maritime,28.0,Normandie,50.0,4.0,3.0,6,1.0,28,Normandie,76,2,96,LeHavre,166058,1780,167838.0,1.0,10,,0.0,2.0,1.0,1.0
201900046859,1.0,1,4,1,0.0,2.0,0.0,0,-1.0,1997.0,A01,29,3,2019,23:00,5,76.0,76351,2,2,1.0,3.0,FRANCOIS 1ER (BD),"49,4871780","0,1033660",,76.076351,76351,Seine-Maritime,28.0,Normandie,50.0,4.0,3.0,6,1.0,28,Normandie,76,2,96,LeHavre,166058,1780,167838.0,1.0,33,,0.0,2.0,2.0,15.0
201900046860,10.0,3,4,1,5.0,8.0,2.0,3,1.0,2013.0,A01,31,3,2019,19:20,1,76.0,76351,2,1,1.0,6.0,HUIT MAI 1945 (AVENUE DU),"49,5160400","0,1698400",,76.076351,76351,Seine-Maritime,28.0,Normandie,50.0,4.0,3.0,2,1.0,28,Normandie,76,2,96,LeHavre,166058,1780,167838.0,2.0,7,,0.0,1.0,1.0,1.0
201900046860,1.0,1,1,1,5.0,1.0,0.0,0,-1.0,1997.0,A01,31,3,2019,19:20,1,76.0,76351,2,1,1.0,6.0,HUIT MAI 1945 (AVENUE DU),"49,5160400","0,1698400",,76.076351,76351,Seine-Maritime,28.0,Normandie,50.0,4.0,3.0,2,1.0,28,Normandie,76,2,96,LeHavre,166058,1780,167838.0,2.0,7,,0.0,1.0,1.0,1.0
201900046861,10.0,3,3,1,5.0,8.0,6.0,5,2.0,1987.0,Z01,31,3,2019,06:25,3,76.0,76349,1,1,1.0,6.0,FALAISES (ROUTE DES),"49,9171000","1,0385500",,76.076349,76349,Seine-Maritime,28.0,Normandie,70.0,3.0,2.0,2,1.0,28,Normandie,76,1,7,Hautot-sur-Mer,1887,46,1933.0,1.0,7,,0.0,1.0,2.0,14.0
201900046861,10.0,3,2,1,5.0,8.0,6.0,5,2.0,1960.0,Z01,31,3,2019,06:25,3,76.0,76349,1,1,1.0,6.0,FALAISES (ROUTE DES),"49,9171000","1,0385500",,76.076349,76349,Seine-Maritime,28.0,Normandie,70.0,3.0,2.0,2,1.0,28,Normandie,76,1,7,Hautot-sur-Mer,1887,46,1933.0,1.0,7,,0.0,1.0,2.0,14.0
201900046861,1.0,1,1,1,5.0,8.0,0.0,0,-1.0,1990.0,Z01,31,3,2019,06:25,3,76.0,76349,1,1,1.0,6.0,FALAISES (ROUTE DES),"49,9171000","1,0385500",,76.076349,76349,Seine-Maritime,28.0,Normandie,70.0,3.0,2.0,2,1.0,28,Normandie,76,1,7,Hautot-sur-Mer,1887,46,1933.0,1.0,7,,0.0,1.0,2.0,14.0
201900046947,1.0,1,1,1,4.0,1.0,0.0,0,-1.0,1993.0,B01,18,7,2019,09:24,1,76.0,76495,1,3,1.0,3.0,Route d'Émanville,"49,5974110","0,9536670",,76.076495,76495,Seine-Maritime,28.0,Normandie,70.0,3.0,2.0,2,1.0,28,Normandie,76,3,24,Pavilly,6121,53,6174.0,1.0,10,,0.0,2.0,6.0,15.0
201900046947,1.0,1,3,1,0.0,2.0,0.0,0,-1.0,1991.0,A01,18,7,2019,09:24,1,76.0,76495,1,3,1.0,3.0,Route d'Émanville,"49,5974110","0,9536670",,76.076495,76495,Seine-Maritime,28.0,Normandie,70.0,3.0,2.0,2,1.0,28,Normandie,76,3,24,Pavilly,6121,53,6174.0,1.0,33,,13.0,2.0,3.0,1.0
201900046984,1.0,1,1,1,5.0,1.0,0.0,0,-1.0,1969.0,B01,15,7,2019,21:40,1,76.0,76157,1,1,1.0,1.0,CANTELEU. COTE DE (CD 982),"49,4414200","1,0329100",,76.076157,76157,Seine-Maritime,28.0,Normandie,50.0,3.0,2.0,3,1.0,28,Normandie,76,3,4,Canteleu,13966,360,14326.0,0.0,7,,0.0,2.0,8.0,1.0
201900046984,1.0,1,3,1,0.0,2.0,0.0,0,-1.0,1965.0,A01,15,7,2019,21:40,1,76.0,76157,1,1,1.0,1.0,CANTELEU. COTE DE (CD 982),"49,4414200","1,0329100",,76.076157,76157,Seine-Maritime,28.0,Normandie,50.0,3.0,2.0,3,1.0,28,Normandie,76,3,4,Canteleu,13966,360,14326.0,0.0,33,,0.0,2.0,3.0,13.0
201900046985,1.0,1,1,1,0.0,1.0,0.0,0,-1.0,1996.0,A01,15,7,2019,18:20,1,76.0,76296,2,2,1.0,3.0,CHATAIGNIERS(COTE DES),"49,5235000","0,2610000",,76.076296,76296,Seine-Maritime,28.0,Normandie,50.0,3.0,2.0,2,1.0,28,Normandie,76,2,16,GainnevilLe2511,39,2550,,0.0,7,,0.0,2.0,1.0,1.0
201900046985,1.0,1,3,1,0.0,2.0,0.0,0,-1.0,1975.0,B01,15,7,2019,18:20,1,76.0,76296,2,2,1.0,3.0,CHATAIGNIERS(COTE DES),"49,5235000","0,2610000",,76.076296,76296,Seine-Maritime,28.0,Normandie,50.0,3.0,2.0,2,1.0,28,Normandie,76,2,16,GainnevilLe2511,39,2550,,0.0,33,,0.0,2.0,1.0,1.0
201900046986,4.0,2,4,1,0.0,1.0,0.0,0,-1.0,2013.0,B01,14,7,2019,13:50,1,76.0,76351,2,3,1.0,4.0,SOCRATE,"49,5143500","0,1573900",,76.076351,76351,Seine-Maritime,28.0,Normandie,50.0,4.0,2.0,2,1.0,28,Normandie,76,2,96,LeHavre,166058,1780,167838.0,0.0,7,,0.0,2.0,4.0,23.0
201900046986,1.0,1,1,1,5.0,1.0,0.0,0,-1.0,1985.0,B01,14,7,2019,13:50,1,76.0,76351,2,3,1.0,4.0,SOCRATE,"49,5143500","0,1573900",,76.076351,76351,Seine-Maritime,28.0,Normandie,50.0,4.0,2.0,2,1.0,28,Normandie,76,2,96,LeHavre,166058,1780,167838.0,0.0,7,,0.0,2.0,4.0,23.0
201900046986,1.0,1,1,1,0.0,1.0,0.0,0,-1.0,1964.0,C01,14,7,2019,13:50,1,76.0,76351,2,3,1.0,4.0,SOCRATE,"49,5143500","0,1573900",,76.076351,76351,Seine-Maritime,28.0,Normandie,50.0,4.0,2.0,2,1.0,28,Normandie,76,2,96,LeHavre,166058,1780,167838.0,0.0,7,,0.0,2.0,3.0,23.0
201900047077,1.0,1,3,1,1.0,1.0,0.0,0,-1.0,1992.0,A01,11,7,2019,02:00,3,76.0,76609,1,1,1.0,7.0,D940,"49,6554700","0,1944930",,76.076609,76609,Seine-Maritime,28.0,Normandie,80.0,3.0,2.0,2,1.0,28,Normandie,76,2,26,Sainte-Marie-au-Bosc,363,11,374.0,2.0,7,,0.0,0.0,1.0,14.0
201900047123,2.0,2,1,1,5.0,1.0,0.0,0,-1.0,1992.0,A01,7,12,2019,01:15,3,76.0,76224,1,1,1.0,6.0,Les Partages,"49,6450970","0,2959870",,76.076224,76224,Seine-Maritime,28.0,Normandie,70.0,3.0,2.0,2,2.0,28,Normandie,76,2,32,ÉcrainvilLe969,19,988,,1.0,7,,2.0,0.0,8.0,13.0
201900047123,7.0,2,3,1,5.0,3.0,0.0,0,-1.0,2019.0,A01,7,12,2019,01:15,3,76.0,76224,1,1,1.0,6.0,Les Partages,"49,6450970","0,2959870",,76.076224,76224,Seine-Maritime,28.0,Normandie,70.0,3.0,2.0,2,2.0,28,Normandie,76,2,32,ÉcrainvilLe969,19,988,,1.0,7,,2.0,0.0,8.0,13.0
201900047123,1.0,1,4,2,5.0,1.0,0.0,0,-1.0,1994.0,A01,7,12,2019,01:15,3,76.0,76224,1,1,1.0,6.0,Les Partages,"49,6450970","0,2959870",,76.076224,76224,Seine-Maritime,28.0,Normandie,70.0,3.0,2.0,2,2.0,28,Normandie,76,2,32,ÉcrainvilLe969,19,988,,1.0,7,,2.0,0.0,8.0,13.0
201900047127,1.0,1,1,2,0.0,1.0,0.0,0,-1.0,1934.0,A01,9,12,2019,13:40,1,76.0,76255,2,1,1.0,6.0,120 Chaussee de Picardie,"50,0541450","1,4226350",,76.076255,76255,Seine-Maritime,28.0,Normandie,50.0,3.0,2.0,2,1.0,28,Normandie,76,1,10,Eu,6591,197,6788.0,1.0,10,,0.0,1.0,1.0,1.0
201900047127,10.0,3,3,2,0.0,0.0,3.0,3,1.0,1939.0,A01,9,12,2019,13:40,1,76.0,76255,2,1,1.0,6.0,120 Chaussee de Picardie,"50,0541450","1,4226350",,76.076255,76255,Seine-Maritime,28.0,Normandie,50.0,3.0,2.0,2,1.0,28,Normandie,76,1,10,Eu,6591,197,6788.0,1.0,10,,0.0,1.0,1.0,1.0
201900047335,1.0,1,3,1,5.0,2.0,0.0,0,-1.0,2003.0,A01,30,5,2019,05:10,3,76.0,76288,1,1,1.0,6.0,Rue des Essarts,"49,8099639","1,2558532",,76.076288,76288,Seine-Maritime,28.0,Normandie,50.0,3.0,-1.0,2,1.0,28,Normandie,76,1,8,FreullevilLe370,6,376,,1.0,2,,2.0,0.0,1.0,17.0
201900047336,1.0,1,4,1,9.0,2.0,0.0,0,-1.0,2004.0,A01,9,5,2019,12:40,1,76.0,76624,2,9,2.0,7.0,Rue robert lefranc,"49,8771170","1,2310470",,76.076624,76624,Seine-Maritime,28.0,Normandie,50.0,3.0,2.0,2,2.0,28,Normandie,76,1,8,Saint-Nicolas-d'Aliermont,3764,59,3823.0,0.0,2,,0.0,0.0,0.0,25.0
201900047820,1.0,1,3,1,5.0,2.0,0.0,0,-1.0,1999.0,A01,22,2,2019,00:15,4,76.0,76286,2,1,5.0,6.0,Route de Londinières,"49,8875940","1,4281350",,76.076286,76286,Seine-Maritime,28.0,Normandie,50.0,3.0,2.0,2,1.0,28,Normandie,76,1,23,Fresnoy-Folny,672,8,680.0,0.0,33,,12.0,0.0,2.0,0.0
201900047855,1.0,1,1,1,4.0,1.0,0.0,0,-1.0,1991.0,B01,5,11,2019,07:15,2,76.0,76012,1,1,1.0,1.0,RD11,"49,6678320","0,4583370",,76.076012,76012,Seine-Maritime,28.0,Normandie,80.0,3.0,2.0,2,2.0,28,Normandie,76,2,32,Angerville-Bailleul,183,3,186.0,1.0,10,,0.0,2.0,3.0,1.0
201900047855,1.0,1,4,1,2.0,2.0,0.0,0,-1.0,2004.0,A01,5,11,2019,07:15,2,76.0,76012,1,1,1.0,1.0,RD11,"49,6678320","0,4583370",,76.076012,76012,Seine-Maritime,28.0,Normandie,80.0,3.0,2.0,2,2.0,28,Normandie,76,2,32,Angerville-Bailleul,183,3,186.0,2.0,2,,0.0,2.0,3.0,5.0
201900048220,1.0,1,4,1,5.0,1.0,0.0,0,-1.0,1964.0,B01,28,9,2019,13:00,1,76.0,76744,1,3,8.0,3.0,La Basse Belloye,"49,8346850","1,5449560",,76.076744,76744,Seine-Maritime,28.0,Normandie,80.0,3.0,2.0,2,1.0,28,Normandie,76,1,10,Villers-sous-Foucarmont,185,3,188.0,3.0,7,,0.0,2.0,8.0,9.0
201900048220,1.0,1,1,2,5.0,1.0,0.0,0,-1.0,1978.0,A01,28,9,2019,13:00,1,76.0,76744,1,3,8.0,3.0,La Basse Belloye,"49,8346850","1,5449560",,76.076744,76744,Seine-Maritime,28.0,Normandie,80.0,3.0,2.0,2,1.0,28,Normandie,76,1,10,Villers-sous-Foucarmont,185,3,188.0,1.0,7,,0.0,2.0,1.0,1.0
201900048428,1.0,1,4,1,5.0,2.0,-1.0, -1,-1.0,1980.0,A01,23,8,2019,01:10,5,76.0,76540,2,2,1.0,2.0,BRETAGNE. AVENUE DE,"49,4330859","1,0852094",,76.076540,76540,Seine-Maritime,28.0,Normandie,50.0,3.0,3.0,5,1.0,28,Normandie,76,3,97,Rouen,114083,1556,115639.0,1.0,2,,0.0,2.0,4.0,23.0
201900048429,1.0,1,3,1,0.0,1.0,-1.0,0,-1.0,1997.0,A01,21,8,2019,01:00,5,76.0,76351,2,2,1.0,6.0,AUGUSTE BLANQUI,"49,5022300","0,1610100",,76.076351,76351,Seine-Maritime,28.0,Normandie,50.0,4.0,2.0,2,1.0,28,Normandie,76,2,96,LeHavre,166058,1780,167838.0,2.0,7,,6.0,0.0,0.0,0.0
201900048634,1.0,1,1,1,5.0,1.0,0.0,0,-1.0,1997.0,A01,15,7,2019,16:25,1,76.0,76351,2,3,1.0,6.0,HOTEL DE VILLE (PLACE DE),"49,4923700","0,1069500",,76.076351,76351,Seine-Maritime,28.0,Normandie,50.0,4.0,1.0,2,1.0,28,Normandie,76,2,96,LeHavre,166058,1780,167838.0,0.0,7,,0.0,1.0,7.0,1.0
201900048634,10.0,3,4,2,0.0,8.0,4.0,3,1.0,2001.0,A01,15,7,2019,16:25,1,76.0,76351,2,3,1.0,6.0,HOTEL DE VILLE (PLACE DE),"49,4923700","0,1069500",,76.076351,76351,Seine-Maritime,28.0,Normandie,50.0,4.0,1.0,2,1.0,28,Normandie,76,2,96,LeHavre,166058,1780,167838.0,0.0,7,,0.0,1.0,7.0,1.0
201900048635,1.0,1,1,1,0.0,1.0,0.0,0,-1.0,1987.0,A01,13,7,2019,12:25,1,76.0,76351,2,3,1.0,3.0,GERANIUMS (DES),"49,5054000","0,1691000",,76.076351,76351,Seine-Maritime,28.0,Normandie,50.0,4.0,2.0,2,1.0,28,Normandie,76,2,96,LeHavre,166058,1780,167838.0,0.0,7,,0.0,2.0,2.0,1.0
201900048635,1.0,1,1,1,0.0,1.0,0.0,0,-1.0,1995.0,B01,13,7,2019,12:25,1,76.0,76351,2,3,1.0,3.0,GERANIUMS (DES),"49,5054000","0,1691000",,76.076351,76351,Seine-Maritime,28.0,Normandie,50.0,4.0,2.0,2,1.0,28,Normandie,76,2,96,LeHavre,166058,1780,167838.0,0.0,7,,0.0,2.0,3.0,15.0
201900048635,2.0,2,4,2,0.0,1.0,0.0,0,-1.0,1999.0,B01,13,7,2019,12:25,1,76.0,76351,2,3,1.0,3.0,GERANIUMS (DES),"49,5054000","0,1691000",,76.076351,76351,Seine-Maritime,28.0,Normandie,50.0,4.0,2.0,2,1.0,28,Normandie,76,2,96,LeHavre,166058,1780,167838.0,0.0,7,,0.0,2.0,3.0,15.0
201900048636,1.0,1,4,1,0.0,2.0,0.0,0,-1.0,1962.0,A01,12,7,2019,16:34,1,76.0,76351,2,1,1.0,7.0,RENE COTY,"49,4975700","0,1136700",,76.076351,76351,Seine-Maritime,28.0,Normandie,30.0,4.0,2.0,2,1.0,28,Normandie,76,2,96,LeHavre,166058,1780,167838.0,0.0,31,,0.0,0.0,7.0,21.0
201900048760,1.0,1,1,1,1.0,1.0,0.0,0,-1.0,1988.0,A01,30,3,2019,12:10,1,76.0,76192,1,1,1.0,1.0,D 925,"50,0157800","1,3160240",,76.076192,76192,Seine-Maritime,28.0,Normandie,80.0,3.0,2.0,2,1.0,28,Normandie,76,1,10,Criel-sur-Mer,2596,54,2650.0,2.0,10,,0.0,2.0,3.0,13.0
201900048760,1.0,1,4,2,3.0,1.0,0.0,0,-1.0,1958.0,B01,30,3,2019,12:10,1,76.0,76192,1,1,1.0,1.0,D 925,"50,0157800","1,3160240",,76.076192,76192,Seine-Maritime,28.0,Normandie,80.0,3.0,2.0,2,1.0,28,Normandie,76,1,10,Criel-sur-Mer,2596,54,2650.0,1.0,10,,0.0,2.0,3.0,1.0
201900048934,1.0,1,1,1,5.0,1.0,0.0,0,-1.0,1989.0,A01,30,3,2019,10:45,1,76.0,76565,1,1,1.0,2.0,RD 915,"49,8931200","1,0798200",,76.076565,76565,Seine-Maritime,28.0,Normandie,80.0,3.0,2.0,2,1.0,28,Normandie,76,1,7,Saint-Aubin-sur-Scie,1202,101,1303.0,1.0,7,,0.0,2.0,1.0,2.0
201900048934,1.0,1,3,2,5.0,1.0,0.0,0,-1.0,1961.0,B01,30,3,2019,10:45,1,76.0,76565,1,1,1.0,2.0,RD 915,"49,8931200","1,0798200",,76.076565,76565,Seine-Maritime,28.0,Normandie,80.0,3.0,2.0,2,1.0,28,Normandie,76,1,7,Saint-Aubin-sur-Scie,1202,101,1303.0,1.0,7,,0.0,2.0,4.0,2.0
201900049012,1.0,1,3,1,5.0,1.0,0.0,0,-1.0,1996.0,B01,25,5,2019,02:45,3,76.0,76686,1,2,1.0,3.0,VC1 - VC 202,"49,7545240","0,5385120",,76.076686,76686,Seine-Maritime,28.0,Normandie,80.0,4.0,2.0,2,1.0,28,Normandie,76,2,11,Theuville-aux-Maillots,530,8,538.0,3.0,7,,7.0,0.0,8.0,1.0
201900049012,2.0,2,4,1,5.0,1.0,0.0,0,-1.0,1995.0,B01,25,5,2019,02:45,3,76.0,76686,1,2,1.0,3.0,VC1 - VC 202,"49,7545240","0,5385120",,76.076686,76686,Seine-Maritime,28.0,Normandie,80.0,4.0,2.0,2,1.0,28,Normandie,76,2,11,Theuville-aux-Maillots,530,8,538.0,3.0,7,,7.0,0.0,8.0,1.0
201900049012,1.0,1,1,1,5.0,1.0,0.0,0,-1.0,1995.0,A01,25,5,2019,02:45,3,76.0,76686,1,2,1.0,3.0,VC1 - VC 202,"49,7545240","0,5385120",,76.076686,76686,Seine-Maritime,28.0,Normandie,80.0,4.0,2.0,2,1.0,28,Normandie,76,2,11,Theuville-aux-Maillots,530,8,538.0,3.0,7,,0.0,2.0,1.0,19.0
201900049012,4.0,2,3,1,5.0,1.0,0.0,0,-1.0,1997.0,A01,25,5,2019,02:45,3,76.0,76686,1,2,1.0,3.0,VC1 - VC 202,"49,7545240","0,5385120",,76.076686,76686,Seine-Maritime,28.0,Normandie,80.0,4.0,2.0,2,1.0,28,Normandie,76,2,11,Theuville-aux-Maillots,530,8,538.0,3.0,7,,0.0,2.0,1.0,19.0
201900049012,2.0,2,1,1,5.0,1.0,0.0,0,-1.0,1997.0,A01,25,5,2019,02:45,3,76.0,76686,1,2,1.0,3.0,VC1 - VC 202,"49,7545240","0,5385120",,76.076686,76686,Seine-Maritime,28.0,Normandie,80.0,4.0,2.0,2,1.0,28,Normandie,76,2,11,Theuville-aux-Maillots,530,8,538.0,3.0,7,,0.0,2.0,1.0,19.0
201900049012,3.0,2,1,1,5.0,1.0,0.0,0,-1.0,1997.0,A01,25,5,2019,02:45,3,76.0,76686,1,2,1.0,3.0,VC1 - VC 202,"49,7545240","0,5385120",,76.076686,76686,Seine-Maritime,28.0,Normandie,80.0,4.0,2.0,2,1.0,28,Normandie,76,2,11,Theuville-aux-Maillots,530,8,538.0,3.0,7,,0.0,2.0,1.0,19.0
201900049013,1.0,1,3,1,5.0,2.0,0.0,0,-1.0,1975.0,B01,5,5,2019,09:30,1,76.0,76015,2,9,1.0,6.0,Rue d'Iclon,"49,8304580","0,7941340",,76.076015,76015,Seine-Maritime,28.0,Normandie,70.0,3.0,2.0,2,1.0,28,Normandie,76,1,33,Angiens,516,9,525.0,1.0,1,,0.0,9.0,1.0,1.0
201900049013,1.0,1,1,1,5.0,2.0,0.0,0,-1.0,1984.0,A01,5,5,2019,09:30,1,76.0,76015,2,9,1.0,6.0,Rue d'Iclon,"49,8304580","0,7941340",,76.076015,76015,Seine-Maritime,28.0,Normandie,70.0,3.0,2.0,2,1.0,28,Normandie,76,1,33,Angiens,516,9,525.0,1.0,1,,0.0,0.0,0.0,26.0
201900049014,1.0,1,1,1,5.0,1.0,0.0,0,-1.0,1974.0,A01,4,5,2019,18:10,1,76.0,76219,2,2,1.0,3.0,rue de bad nenndorf,"49,7209146","0,7766152",,76.076219,76219,Seine-Maritime,28.0,Normandie,50.0,3.0,2.0,2,2.0,28,Normandie,76,3,35,DoudevilLe2460,51,2511,,2.0,10,,0.0,2.0,2.0,1.0