Num_Acc,place,catu,grav,sexe,trajet,secu,locp,actp,etatp,an_nais,num_veh,jour,mois,an,hrmn,lum,dep,com,agg,int,atm,col,adr,lat,long,gps,com_insee_temp,com_insee,departmentName,regionCode,regionName,vma,catr,circ,nbv,surf,Code,Region,Departement,Arrondissement,Code_Canton,Nom_Commune,Population_municipaLe,Population_comptee_a_part,Population_Totale,senc,catv,occutc,obs,obsm,choc,manv
201900049014,1.0,1,4,1,5.0,2.0,0.0,0,-1.0,1997.0,B01,4,5,2019,18:10,1,76.0,76219,2,2,1.0,3.0,rue de bad nenndorf,"49,7209146","0,7766152",,76.076219,76219,Seine-Maritime,28.0,Normandie,50.0,3.0,2.0,2,2.0,28,Normandie,76,3,35,DoudevilLe2460,51,2511,,1.0,2,,0.0,2.0,1.0,1.0
201900049015,1.0,2,4,2,5.0,1.0,0.0,0,-1.0,1987.0,A01,1,5,2019,19:50,2,76.0,76750,1,1,1.0,6.0,D982,"49,4599890","0,8345770",,76.076750,76750,Seine-Maritime,28.0,Normandie,80.0,3.0,2.0,2,1.0,28,Normandie,76,3,1,YainvilLe1037,13,1050,,1.0,7,,13.0,0.0,1.0,0.0
201900049015,1.0,1,4,1,5.0,1.0,0.0,0,-1.0,1985.0,A01,1,5,2019,19:50,2,76.0,76750,1,1,1.0,6.0,D982,"49,4599890","0,8345770",,76.076750,76750,Seine-Maritime,28.0,Normandie,80.0,3.0,2.0,2,1.0,28,Normandie,76,3,1,YainvilLe1037,13,1050,,1.0,7,,13.0,0.0,1.0,0.0
201900049015,2.0,2,4,1,5.0,1.0,0.0,0,-1.0,1985.0,A01,1,5,2019,19:50,2,76.0,76750,1,1,1.0,6.0,D982,"49,4599890","0,8345770",,76.076750,76750,Seine-Maritime,28.0,Normandie,80.0,3.0,2.0,2,1.0,28,Normandie,76,3,1,YainvilLe1037,13,1050,,1.0,7,,13.0,0.0,1.0,0.0
201900049016,1.0,1,4,1,5.0,2.0,0.0,0,-1.0,1993.0,B01,28,5,2019,16:25,1,76.0,76258,1,1,1.0,1.0,Route de la Chaussée Romaine (Sainte-Marguerite-sur-Fauville),"49,6710030","0,5945470",,76.076258,76258,Seine-Maritime,28.0,Normandie,80.0,3.0,2.0,2,1.0,28,Normandie,76,2,33,Terres-de-Caux,4208,112,4320.0,1.0,2,,0.0,2.0,3.0,1.0
201900049016,1.0,1,1,1,5.0,8.0,0.0,0,-1.0,1940.0,A01,28,5,2019,16:25,1,76.0,76258,1,1,1.0,1.0,Route de la Chaussée Romaine (Sainte-Marguerite-sur-Fauville),"49,6710030","0,5945470",,76.076258,76258,Seine-Maritime,28.0,Normandie,80.0,3.0,2.0,2,1.0,28,Normandie,76,2,33,Terres-de-Caux,4208,112,4320.0,2.0,7,,0.0,2.0,3.0,17.0
201900049017,1.0,1,1,1,1.0,1.0,0.0,0,-1.0,1994.0,B01,24,5,2019,17:18,1,76.0,76126,2,1,1.0,1.0,D118 - route du village,"49,6617315","1,3467251",,76.076126,76126,Seine-Maritime,28.0,Normandie,50.0,3.0,2.0,2,1.0,28,Normandie,76,1,23,Bosc-Mesnil,325,5,330.0,1.0,21,,0.0,2.0,1.0,1.0
201900049017,1.0,1,3,1,0.0,1.0,0.0,0,-1.0,1979.0,A01,24,5,2019,17:18,1,76.0,76126,2,1,1.0,1.0,D118 - route du village,"49,6617315","1,3467251",,76.076126,76126,Seine-Maritime,28.0,Normandie,50.0,3.0,2.0,2,1.0,28,Normandie,76,1,23,Bosc-Mesnil,325,5,330.0,2.0,3,,0.0,2.0,1.0,13.0
201900049018,1.0,1,3,1,0.0,2.0,0.0,0,-1.0,1961.0,B01,11,5,2019,19:00,1,76.0,76197,1,3,1.0,1.0,CD 149,"49,7793246","1,0780738",,76.076197,76197,Seine-Maritime,28.0,Normandie,70.0,3.0,2.0,2,1.0,28,Normandie,76,1,20,Criquetot-sur-LonguevilLe217,2,219,,1.0,33,,0.0,2.0,1.0,1.0
201900049018,2.0,2,4,2,0.0,2.0,0.0,0,-1.0,1962.0,B01,11,5,2019,19:00,1,76.0,76197,1,3,1.0,1.0,CD 149,"49,7793246","1,0780738",,76.076197,76197,Seine-Maritime,28.0,Normandie,70.0,3.0,2.0,2,1.0,28,Normandie,76,1,20,Criquetot-sur-LonguevilLe217,2,219,,1.0,33,,0.0,2.0,1.0,1.0
201900049018,2.0,2,1,1,0.0,1.0,0.0,0,-1.0,1952.0,A01,11,5,2019,19:00,1,76.0,76197,1,3,1.0,1.0,CD 149,"49,7793246","1,0780738",,76.076197,76197,Seine-Maritime,28.0,Normandie,70.0,3.0,2.0,2,1.0,28,Normandie,76,1,20,Criquetot-sur-LonguevilLe217,2,219,,1.0,7,,0.0,2.0,3.0,15.0
201900049018,1.0,1,1,1,0.0,1.0,0.0,0,-1.0,1986.0,A01,11,5,2019,19:00,1,76.0,76197,1,3,1.0,1.0,CD 149,"49,7793246","1,0780738",,76.076197,76197,Seine-Maritime,28.0,Normandie,70.0,3.0,2.0,2,1.0,28,Normandie,76,1,20,Criquetot-sur-LonguevilLe217,2,219,,1.0,7,,0.0,2.0,3.0,15.0
201900049190,1.0,1,4,1,1.0,2.0,0.0,0,-1.0,1972.0,A01,5,12,2019,07:15,2,76.0,76410,1,1,1.0,4.0,A150,"49,4720470","1,0299683",,76.076410,76410,Seine-Maritime,28.0,Normandie,90.0,1.0,3.0,4,1.0,28,Normandie,76,3,4,Maromme,11024,122,11146.0,1.0,33,,0.0,2.0,1.0,1.0
201900049190,1.0,1,1,1,1.0,1.0,0.0,0,-1.0,1997.0,B01,5,12,2019,07:15,2,76.0,76410,1,1,1.0,4.0,A150,"49,4720470","1,0299683",,76.076410,76410,Seine-Maritime,28.0,Normandie,90.0,1.0,3.0,4,1.0,28,Normandie,76,3,4,Maromme,11024,122,11146.0,1.0,7,,0.0,2.0,4.0,2.0
201900049190,1.0,1,1,1,4.0,1.0,0.0,0,-1.0,1983.0,C01,5,12,2019,07:15,2,76.0,76410,1,1,1.0,4.0,A150,"49,4720470","1,0299683",,76.076410,76410,Seine-Maritime,28.0,Normandie,90.0,1.0,3.0,4,1.0,28,Normandie,76,3,4,Maromme,11024,122,11146.0,1.0,15,,0.0,2.0,0.0,0.0
201900049190,1.0,1,1,1,1.0,1.0,0.0,0,-1.0,1977.0,D01,5,12,2019,07:15,2,76.0,76410,1,1,1.0,4.0,A150,"49,4720470","1,0299683",,76.076410,76410,Seine-Maritime,28.0,Normandie,90.0,1.0,3.0,4,1.0,28,Normandie,76,3,4,Maromme,11024,122,11146.0,1.0,10,,0.0,2.0,0.0,1.0
201900049191,1.0,1,3,1,0.0,2.0,0.0,0,-1.0,1984.0,A01,5,12,2019,18:34,3,76.0,76319,1,1,1.0,6.0,RN 138,"49,3414100","0,9987300",,76.076319,76319,Seine-Maritime,28.0,Normandie,90.0,2.0,3.0,2,1.0,28,Normandie,76,3,9,Grand-Couronne,9726,177,9903.0,3.0,33,,0.0,5.0,1.0,1.0
201900049192,10.0,3,4,1,2.0,0.0,4.0,3,1.0,2007.0,A01,4,12,2019,12:45,1,76.0,76540,2,1,1.0,6.0,BELGES. BOULEVARD DES,"49,4457300","1,0863800",,76.076540,76540,Seine-Maritime,28.0,Normandie,50.0,3.0,2.0,0,1.0,28,Normandie,76,3,97,Rouen,114083,1556,115639.0,1.0,7,,0.0,1.0,3.0,1.0
201900049192,1.0,1,1,1,1.0,1.0,0.0,0,-1.0,1964.0,A01,4,12,2019,12:45,1,76.0,76540,2,1,1.0,6.0,BELGES. BOULEVARD DES,"49,4457300","1,0863800",,76.076540,76540,Seine-Maritime,28.0,Normandie,50.0,3.0,2.0,0,1.0,28,Normandie,76,3,97,Rouen,114083,1556,115639.0,1.0,7,,0.0,1.0,3.0,1.0
201900049193,1.0,1,1,1,0.0,1.0,0.0,0,-1.0,1940.0,A01,5,12,2019,09:00,1,76.0,76575,2,3,1.0,2.0,CROIZAT. AVENUE AMBROISE,"49,3728100","1,1030000",,76.076575,76575,Seine-Maritime,28.0,Normandie,50.0,4.0,2.0,2,1.0,28,Normandie,76,3,98,Saint-Étienne-du-Rouvray,28508,225,28733.0,0.0,7,,0.0,2.0,7.0,13.0
201900049193,1.0,1,4,1,4.0,2.0,0.0,0,-1.0,1978.0,B01,5,12,2019,09:00,1,76.0,76575,2,3,1.0,2.0,CROIZAT. AVENUE AMBROISE,"49,3728100","1,1030000",,76.076575,76575,Seine-Maritime,28.0,Normandie,50.0,4.0,2.0,2,1.0,28,Normandie,76,3,98,Saint-Étienne-du-Rouvray,28508,225,28733.0,0.0,33,,0.0,2.0,6.0,24.0
201900049194,1.0,1,4,1,5.0,8.0,0.0,0,-1.0,2000.0,A01,4,12,2019,07:40,2,76.0,76498,2,1,1.0,6.0,11 NOVEMBRE. BOULEVARD DU,"49,4171600","1,0701400",,76.076498,76498,Seine-Maritime,28.0,Normandie,50.0,3.0,2.0,4,1.0,28,Normandie,76,3,27,LePetit-Quevilly,21782,274,22056.0,2.0,7,,9.0,2.0,9.0,14.0
201900049194,1.0,1,1,1,1.0,1.0,0.0,0,-1.0,1986.0,B01,4,12,2019,07:40,2,76.0,76498,2,1,1.0,6.0,11 NOVEMBRE. BOULEVARD DU,"49,4171600","1,0701400",,76.076498,76498,Seine-Maritime,28.0,Normandie,50.0,3.0,2.0,4,1.0,28,Normandie,76,3,27,LePetit-Quevilly,21782,274,22056.0,2.0,7,,0.0,2.0,6.0,23.0
201900049195,1.0,1,4,1,4.0,1.0,0.0,0,-1.0,1972.0,B01,5,12,2019,15:50,1,76.0,76447,1,1,1.0,1.0,RD 31,"49,5484016","0,2173755",,76.076447,76447,Seine-Maritime,28.0,Normandie,80.0,3.0,2.0,0,1.0,28,Normandie,76,2,15,Montivilliers,15457,203,15660.0,2.0,7,,0.0,2.0,2.0,1.0
201900049195,1.0,1,3,1,0.0,1.0,0.0,0,-1.0,1991.0,A01,5,12,2019,15:50,1,76.0,76447,1,1,1.0,1.0,RD 31,"49,5484016","0,2173755",,76.076447,76447,Seine-Maritime,28.0,Normandie,80.0,3.0,2.0,0,1.0,28,Normandie,76,2,15,Montivilliers,15457,203,15660.0,1.0,7,,0.0,2.0,3.0,13.0
201900049556,1.0,1,3,2,3.0,1.0,0.0,0,-1.0,1955.0,A01,21,2,2019,20:00,3,76.0,76360,1,1,5.0,6.0,"N27, pk 029+300, sens DIEPPE - ROUEN","49,7346900","1,0992670",,76.076360,76360,Seine-Maritime,28.0,Normandie,110.0,2.0,3.0,4,1.0,28,Normandie,76,1,20,Heugleville-sur-Scie,648,9,657.0,2.0,7,,14.0,6.0,1.0,1.0
201900049557,1.0,1,3,1,4.0,1.0,0.0,0,-1.0,1972.0,A01,21,2,2019,20:00,3,76.0,76360,1,1,5.0,6.0,"N27, pk 029+400, sens ROUEN / DIEPPE","49,7366847","1,0675514",,76.076360,76360,Seine-Maritime,28.0,Normandie,110.0,2.0,3.0,4,1.0,28,Normandie,76,1,20,Heugleville-sur-Scie,648,9,657.0,1.0,7,,14.0,0.0,1.0,1.0
201900049731,1.0,1,1,2,4.0,1.0,0.0,0,-1.0,1988.0,A01,28,10,2019,13:15,1,76.0,76540,2,5,1.0,1.0,DUPUIS. RUE ALBERT,"49,4608800","1,1308800",,76.076540,76540,Seine-Maritime,28.0,Normandie,50.0,4.0,3.0,4,1.0,28,Normandie,76,3,97,Rouen,114083,1556,115639.0,0.0,7,,0.0,2.0,3.0,15.0
201900049731,1.0,1,4,1,5.0,1.0,0.0,0,-1.0,1985.0,B01,28,10,2019,13:15,1,76.0,76540,2,5,1.0,1.0,DUPUIS. RUE ALBERT,"49,4608800","1,1308800",,76.076540,76540,Seine-Maritime,28.0,Normandie,50.0,4.0,3.0,4,1.0,28,Normandie,76,3,97,Rouen,114083,1556,115639.0,0.0,7,,0.0,2.0,3.0,1.0
201900049912,1.0,1,3,1,5.0,2.0,0.0,0,-1.0,2000.0,A01,11,1,2019,18:10,5,76.0,76141,2,2,1.0,7.0,ROUTE DÉPARTEMENTALE D910,"49,6274420","0,3977410",,76.076141,76141,Seine-Maritime,28.0,Normandie,50.0,3.0,2.0,2,2.0,28,Normandie,76,2,32,Bréauté,1365,13,1378.0,1.0,2,,0.0,0.0,0.0,1.0
201900050064,1.0,1,2,2,0.0,1.0,0.0,0,-1.0,1964.0,B01,27,9,2019,16:00,1,76.0,76039,2,1,1.0,5.0,Rue de l'assemblée,"49,3512840","1,1278820",,76.076039,76039,Seine-Maritime,28.0,Normandie,50.0,3.0,-1.0,2,1.0,28,Normandie,76,3,6,Les Authieux-sur-le-Port-Saint-Ouen,1230,23,1253.0,1.0,7,,0.0,2.0,1.0,1.0
201900050064,2.0,2,3,1,0.0,1.0,0.0,0,-1.0,1965.0,B01,27,9,2019,16:00,1,76.0,76039,2,1,1.0,5.0,Rue de l'assemblée,"49,3512840","1,1278820",,76.076039,76039,Seine-Maritime,28.0,Normandie,50.0,3.0,-1.0,2,1.0,28,Normandie,76,3,6,Les Authieux-sur-le-Port-Saint-Ouen,1230,23,1253.0,1.0,7,,0.0,2.0,1.0,1.0
201900050064,1.0,1,1,1,1.0,1.0,0.0,0,-1.0,1982.0,C01,27,9,2019,16:00,1,76.0,76039,2,1,1.0,5.0,Rue de l'assemblée,"49,3512840","1,1278820",,76.076039,76039,Seine-Maritime,28.0,Normandie,50.0,3.0,-1.0,2,1.0,28,Normandie,76,3,6,Les Authieux-sur-le-Port-Saint-Ouen,1230,23,1253.0,2.0,16,,0.0,2.0,8.0,2.0
201900050064,1.0,1,3,1,0.0,1.0,0.0,0,-1.0,1962.0,A01,27,9,2019,16:00,1,76.0,76039,2,1,1.0,5.0,Rue de l'assemblée,"49,3512840","1,1278820",,76.076039,76039,Seine-Maritime,28.0,Normandie,50.0,3.0,-1.0,2,1.0,28,Normandie,76,3,6,Les Authieux-sur-le-Port-Saint-Ouen,1230,23,1253.0,2.0,7,,0.0,2.0,1.0,17.0
201900050064,2.0,2,3,2,0.0,1.0,0.0,0,-1.0,1961.0,A01,27,9,2019,16:00,1,76.0,76039,2,1,1.0,5.0,Rue de l'assemblée,"49,3512840","1,1278820",,76.076039,76039,Seine-Maritime,28.0,Normandie,50.0,3.0,-1.0,2,1.0,28,Normandie,76,3,6,Les Authieux-sur-le-Port-Saint-Ouen,1230,23,1253.0,2.0,7,,0.0,2.0,1.0,17.0
201900050121,1.0,1,1,2,5.0,1.0,-1.0,0,-1.0,1951.0,B01,24,9,2019,09:15,1,76.0,76498,1,6,2.0,3.0,ALLIES. AVENUE DES,"49,4211300","1,0516200",,76.076498,76498,Seine-Maritime,28.0,Normandie,50.0,3.0,1.0,2,2.0,28,Normandie,76,3,27,LePetit-Quevilly,21782,274,22056.0,2.0,7,,0.0,2.0,6.0,16.0
201900050121,1.0,1,4,1,4.0,1.0,-1.0, -1,-1.0,1972.0,A01,24,9,2019,09:15,1,76.0,76498,1,6,2.0,3.0,ALLIES. AVENUE DES,"49,4211300","1,0516200",,76.076498,76498,Seine-Maritime,28.0,Normandie,50.0,3.0,1.0,2,2.0,28,Normandie,76,3,27,LePetit-Quevilly,21782,274,22056.0,2.0,7,,9.0,2.0,2.0,13.0
201900050306,2.0,2,2,1,5.0,1.0,0.0,0,-1.0,1938.0,B01,25,8,2019,12:15,1,76.0,76196,1,1,1.0,1.0,RD 139,"49,6428070","0,2556370",,76.076196,76196,Seine-Maritime,28.0,Normandie,80.0,3.0,2.0,2,1.0,28,Normandie,76,2,26,Criquetot-l'Esneval,2567,82,2649.0,2.0,7,,0.0,2.0,2.0,1.0
201900050306,1.0,1,3,2,5.0,1.0,0.0,0,-1.0,1964.0,B01,25,8,2019,12:15,1,76.0,76196,1,1,1.0,1.0,RD 139,"49,6428070","0,2556370",,76.076196,76196,Seine-Maritime,28.0,Normandie,80.0,3.0,2.0,2,1.0,28,Normandie,76,2,26,Criquetot-l'Esneval,2567,82,2649.0,2.0,7,,0.0,2.0,2.0,1.0
201900050306,1.0,1,4,1,1.0,1.0,0.0,0,-1.0,1991.0,A01,25,8,2019,12:15,1,76.0,76196,1,1,1.0,1.0,RD 139,"49,6428070","0,2556370",,76.076196,76196,Seine-Maritime,28.0,Normandie,80.0,3.0,2.0,2,1.0,28,Normandie,76,2,26,Criquetot-l'Esneval,2567,82,2649.0,1.0,7,,0.0,2.0,2.0,17.0
201900050664,1.0,1,4,2,5.0,1.0,0.0,0,-1.0,1989.0,B01,26,3,2019,14:00,1,76.0,76351,2,2,1.0,2.0,BOIS AU COQ (AVENUE),"49,5160200","0,1209800",,76.076351,76351,Seine-Maritime,28.0,Normandie,50.0,4.0,3.0,4,1.0,28,Normandie,76,2,96,LeHavre,166058,1780,167838.0,0.0,7,,0.0,2.0,4.0,23.0
201900050664,1.0,1,1,1,5.0,8.0,0.0,0,-1.0,1969.0,A01,26,3,2019,14:00,1,76.0,76351,2,2,1.0,2.0,BOIS AU COQ (AVENUE),"49,5160200","0,1209800",,76.076351,76351,Seine-Maritime,28.0,Normandie,50.0,4.0,3.0,4,1.0,28,Normandie,76,2,96,LeHavre,166058,1780,167838.0,0.0,7,,0.0,2.0,1.0,1.0
201900050668,4.0,2,1,2,0.0,1.0,0.0,0,-1.0,1961.0,B01,29,3,2019,17:10,1,76.0,76217,2,6,1.0,4.0,AVENUE DE BREAUTE,"49,9140300","1,0922800",,76.076217,76217,Seine-Maritime,28.0,Normandie,50.0,3.0,3.0,4,1.0,28,Normandie,76,1,95,Dieppe,28358,455,28813.0,1.0,7,,0.0,2.0,1.0,1.0
201900050668,2.0,2,4,2,0.0,1.0,0.0,0,-1.0,1934.0,B01,29,3,2019,17:10,1,76.0,76217,2,6,1.0,4.0,AVENUE DE BREAUTE,"49,9140300","1,0922800",,76.076217,76217,Seine-Maritime,28.0,Normandie,50.0,3.0,3.0,4,1.0,28,Normandie,76,1,95,Dieppe,28358,455,28813.0,1.0,7,,0.0,2.0,1.0,1.0
201900050668,1.0,1,1,1,0.0,1.0,0.0,0,-1.0,1960.0,B01,29,3,2019,17:10,1,76.0,76217,2,6,1.0,4.0,AVENUE DE BREAUTE,"49,9140300","1,0922800",,76.076217,76217,Seine-Maritime,28.0,Normandie,50.0,3.0,3.0,4,1.0,28,Normandie,76,1,95,Dieppe,28358,455,28813.0,1.0,7,,0.0,2.0,1.0,1.0
201900050668,2.0,2,1,1,0.0,3.0,0.0,0,-1.0,2013.0,D01,29,3,2019,17:10,1,76.0,76217,2,6,1.0,4.0,AVENUE DE BREAUTE,"49,9140300","1,0922800",,76.076217,76217,Seine-Maritime,28.0,Normandie,50.0,3.0,3.0,4,1.0,28,Normandie,76,1,95,Dieppe,28358,455,28813.0,2.0,7,,0.0,2.0,4.0,2.0
201900050668,1.0,1,1,1,3.0,1.0,0.0,0,-1.0,1984.0,D01,29,3,2019,17:10,1,76.0,76217,2,6,1.0,4.0,AVENUE DE BREAUTE,"49,9140300","1,0922800",,76.076217,76217,Seine-Maritime,28.0,Normandie,50.0,3.0,3.0,4,1.0,28,Normandie,76,1,95,Dieppe,28358,455,28813.0,2.0,7,,0.0,2.0,4.0,2.0
201900050668,2.0,2,1,2,0.0,1.0,0.0,0,-1.0,2009.0,D01,29,3,2019,17:10,1,76.0,76217,2,6,1.0,4.0,AVENUE DE BREAUTE,"49,9140300","1,0922800",,76.076217,76217,Seine-Maritime,28.0,Normandie,50.0,3.0,3.0,4,1.0,28,Normandie,76,1,95,Dieppe,28358,455,28813.0,2.0,7,,0.0,2.0,4.0,2.0
201900050668,1.0,1,1,1,0.0,1.0,0.0,0,-1.0,1976.0,A01,29,3,2019,17:10,1,76.0,76217,2,6,1.0,4.0,AVENUE DE BREAUTE,"49,9140300","1,0922800",,76.076217,76217,Seine-Maritime,28.0,Normandie,50.0,3.0,3.0,4,1.0,28,Normandie,76,1,95,Dieppe,28358,455,28813.0,2.0,7,,0.0,2.0,1.0,2.0
201900050668,1.0,1,1,1,0.0,1.0,0.0,0,-1.0,1992.0,C01,29,3,2019,17:10,1,76.0,76217,2,6,1.0,4.0,AVENUE DE BREAUTE,"49,9140300","1,0922800",,76.076217,76217,Seine-Maritime,28.0,Normandie,50.0,3.0,3.0,4,1.0,28,Normandie,76,1,95,Dieppe,28358,455,28813.0,2.0,3,,0.0,2.0,4.0,1.0
201900050668,2.0,2,1,2,0.0,1.0,0.0,0,-1.0,2000.0,E01,29,3,2019,17:10,1,76.0,76217,2,6,1.0,4.0,AVENUE DE BREAUTE,"49,9140300","1,0922800",,76.076217,76217,Seine-Maritime,28.0,Normandie,50.0,3.0,3.0,4,1.0,28,Normandie,76,1,95,Dieppe,28358,455,28813.0,2.0,7,,0.0,2.0,4.0,2.0
201900050668,4.0,2,1,2,0.0,1.0,0.0,0,-1.0,2001.0,E01,29,3,2019,17:10,1,76.0,76217,2,6,1.0,4.0,AVENUE DE BREAUTE,"49,9140300","1,0922800",,76.076217,76217,Seine-Maritime,28.0,Normandie,50.0,3.0,3.0,4,1.0,28,Normandie,76,1,95,Dieppe,28358,455,28813.0,2.0,7,,0.0,2.0,4.0,2.0
201900050668,1.0,1,1,1,0.0,1.0,0.0,0,-1.0,1990.0,E01,29,3,2019,17:10,1,76.0,76217,2,6,1.0,4.0,AVENUE DE BREAUTE,"49,9140300","1,0922800",,76.076217,76217,Seine-Maritime,28.0,Normandie,50.0,3.0,3.0,4,1.0,28,Normandie,76,1,95,Dieppe,28358,455,28813.0,2.0,7,,0.0,2.0,4.0,2.0
201900050670,1.0,1,3,1,5.0,2.0,-1.0,0,-1.0,1942.0,B01,24,3,2019,20:59,5,76.0,76217,2,1,1.0,1.0,CANADIENS (AVENUE DES)  RN27,"49,9083800","1,0760500",,76.076217,76217,Seine-Maritime,28.0,Normandie,50.0,2.0,3.0,4,1.0,28,Normandie,76,1,95,Dieppe,28358,455,28813.0,2.0,1,,0.0,2.0,4.0,0.0
201900050670,1.0,1,1,1,5.0,8.0,-1.0,0,-1.0,1968.0,A01,24,3,2019,20:59,5,76.0,76217,2,1,1.0,1.0,CANADIENS (AVENUE DES)  RN27,"49,9083800","1,0760500",,76.076217,76217,Seine-Maritime,28.0,Normandie,50.0,2.0,3.0,4,1.0,28,Normandie,76,1,95,Dieppe,28358,455,28813.0,2.0,7,,0.0,2.0,1.0,0.0
201900051080,1.0,1,1,1,1.0,1.0,0.0,0,-1.0,1997.0,A01,2,12,2019,08:30,1,76.0,76165,2,3,1.0,6.0,MAZAGRAN. RUE,"49,2839027","1,0123730",,76.076165,76165,Seine-Maritime,28.0,Normandie,50.0,4.0,2.0,1,1.0,28,Normandie,76,3,5,Caudebec-lès-Elbeuf,10135,69,10204.0,3.0,7,,0.0,9.0,3.0,1.0
201900051080,1.0,1,4,1,1.0,8.0,0.0,0,-1.0,1991.0,B01,2,12,2019,08:30,1,76.0,76165,2,3,1.0,6.0,MAZAGRAN. RUE,"49,2839027","1,0123730",,76.076165,76165,Seine-Maritime,28.0,Normandie,50.0,4.0,2.0,1,1.0,28,Normandie,76,3,5,Caudebec-lès-Elbeuf,10135,69,10204.0,3.0,1,,0.0,2.0,2.0,1.0
201900051081,1.0,1,4,1,0.0,2.0,0.0,0,-1.0,1993.0,A01,4,12,2019,21:20,5,76.0,76351,2,3,1.0,5.0,DEMIDOFF (RUE),"49,4975000","0,1341100",,76.076351,76351,Seine-Maritime,28.0,Normandie,50.0,4.0,2.0,2,1.0,28,Normandie,76,2,96,LeHavre,166058,1780,167838.0,3.0,32,,0.0,2.0,2.0,1.0
201900051081,1.0,1,1,1,0.0,2.0,0.0,0,-1.0,1993.0,B01,4,12,2019,21:20,5,76.0,76351,2,3,1.0,5.0,DEMIDOFF (RUE),"49,4975000","0,1341100",,76.076351,76351,Seine-Maritime,28.0,Normandie,50.0,4.0,2.0,2,1.0,28,Normandie,76,2,96,LeHavre,166058,1780,167838.0,3.0,32,,0.0,9.0,0.0,1.0
201900051081,1.0,1,1,1,0.0,1.0,0.0,0,-1.0,1974.0,C01,4,12,2019,21:20,5,76.0,76351,2,3,1.0,5.0,DEMIDOFF (RUE),"49,4975000","0,1341100",,76.076351,76351,Seine-Maritime,28.0,Normandie,50.0,4.0,2.0,2,1.0,28,Normandie,76,2,96,LeHavre,166058,1780,167838.0,3.0,7,,0.0,2.0,3.0,1.0
201900051081,2.0,2,1,1,0.0,1.0,0.0,0,-1.0,2005.0,C01,4,12,2019,21:20,5,76.0,76351,2,3,1.0,5.0,DEMIDOFF (RUE),"49,4975000","0,1341100",,76.076351,76351,Seine-Maritime,28.0,Normandie,50.0,4.0,2.0,2,1.0,28,Normandie,76,2,96,LeHavre,166058,1780,167838.0,3.0,7,,0.0,2.0,3.0,1.0
201900051082,1.0,1,4,1,5.0,0.0,0.0,0,-1.0,1995.0,A01,4,12,2019,21:25,5,76.0,76305,2,3,1.0,1.0,Jacques EBERHARD (Avenue),"49,5078500","0,2317000",,76.076305,76305,Seine-Maritime,28.0,Normandie,50.0,4.0,2.0,2,1.0,28,Normandie,76,2,16,Gonfreville-l'Orcher,8961,44,9005.0,0.0,99,,0.0,2.0,1.0,1.0
201900051082,1.0,1,4,2,5.0,1.0,0.0,0,-1.0,1992.0,B01,4,12,2019,21:25,5,76.0,76305,2,3,1.0,1.0,Jacques EBERHARD (Avenue),"49,5078500","0,2317000",,76.076305,76305,Seine-Maritime,28.0,Normandie,50.0,4.0,2.0,2,1.0,28,Normandie,76,2,16,Gonfreville-l'Orcher,8961,44,9005.0,3.0,7,,0.0,2.0,3.0,15.0
201900051334,2.0,2,4,2,0.0,1.0,0.0,0,-1.0,2004.0,A01,28,1,2019,19:05,3,76.0,76575,2,1,1.0,2.0,ROUSSILLON. RUE DU,"49,3714500","1,1074600",,76.076575,76575,Seine-Maritime,28.0,Normandie,50.0,4.0,2.0,2,1.0,28,Normandie,76,3,98,Saint-Étienne-du-Rouvray,28508,225,28733.0,3.0,7,,0.0,2.0,4.0,0.0
201900051334,1.0,1,1,1,0.0,1.0,0.0,0,-1.0,1976.0,A01,28,1,2019,19:05,3,76.0,76575,2,1,1.0,2.0,ROUSSILLON. RUE DU,"49,3714500","1,1074600",,76.076575,76575,Seine-Maritime,28.0,Normandie,50.0,4.0,2.0,2,1.0,28,Normandie,76,3,98,Saint-Étienne-du-Rouvray,28508,225,28733.0,3.0,7,,0.0,2.0,4.0,0.0
201900051432,1.0,1,4,1,5.0,2.0,0.0,0,-1.0,1971.0,A01,21,2,2019,16:45,1,76.0,76471,1,1,1.0,7.0,CD 81,"49,4758160","0,6310520",,76.076471,76471,Seine-Maritime,28.0,Normandie,80.0,3.0,2.0,2,1.0,28,Normandie,76,2,25,NorvilLe995,19,1014,,0.0,36,,0.0,0.0,0.0,0.0
201900051432,7.0,2,4,2,5.0,2.0,0.0,0,-1.0,2003.0,A01,21,2,2019,16:45,1,76.0,76471,1,1,1.0,7.0,CD 81,"49,4758160","0,6310520",,76.076471,76471,Seine-Maritime,28.0,Normandie,80.0,3.0,2.0,2,1.0,28,Normandie,76,2,25,NorvilLe995,19,1014,,0.0,36,,0.0,0.0,0.0,0.0
201900051538,2.0,2,1,2,5.0,2.0,-1.0, -1,-1.0,1998.0,A01,26,10,2019,06:45,5,76.0,76540,2,1,1.0,3.0,CAEN. AVENUE DE,"49,4299600","1,0759600",,76.076540,76540,Seine-Maritime,28.0,Normandie,50.0,3.0,1.0,2,1.0,28,Normandie,76,3,97,Rouen,114083,1556,115639.0,2.0,33,,0.0,2.0,5.0,0.0
201900051538,1.0,1,4,1,5.0,2.0,0.0,0,-1.0,1997.0,A01,26,10,2019,06:45,5,76.0,76540,2,1,1.0,3.0,CAEN. AVENUE DE,"49,4299600","1,0759600",,76.076540,76540,Seine-Maritime,28.0,Normandie,50.0,3.0,1.0,2,1.0,28,Normandie,76,3,97,Rouen,114083,1556,115639.0,2.0,33,,0.0,2.0,5.0,0.0