Num_Acc,place,catu,grav,sexe,trajet,secu,locp,actp,etatp,an_nais,num_veh,jour,mois,an,hrmn,lum,dep,com,agg,int,atm,col,adr,lat,long,gps,com_insee_temp,com_insee,departmentName,regionCode,regionName,vma,catr,circ,nbv,surf,Code,Region,Departement,Arrondissement,Code_Canton,Nom_Commune,Population_municipaLe,Population_comptee_a_part,Population_Totale,senc,catv,occutc,obs,obsm,choc,manv
201900051538,1.0,1,1,1,5.0,1.0,0.0,0,-1.0,1988.0,B01,26,10,2019,06:45,5,76.0,76540,2,1,1.0,3.0,CAEN. AVENUE DE,"49,4299600","1,0759600",,76.076540,76540,Seine-Maritime,28.0,Normandie,50.0,3.0,1.0,2,1.0,28,Normandie,76,3,97,Rouen,114083,1556,115639.0,2.0,7,,0.0,2.0,3.0,0.0
201900051539,2.0,2,4,2,5.0,2.0,-1.0,0,-1.0,2001.0,A01,25,10,2019,17:20,1,76.0,76351,2,1,2.0,2.0,PIERRE MENDES FRANCE,"49,5157000","0,1550000",,76.076351,76351,Seine-Maritime,28.0,Normandie,50.0,3.0,2.0,2,2.0,28,Normandie,76,2,96,LeHavre,166058,1780,167838.0,1.0,2,,0.0,2.0,1.0,1.0
201900051539,1.0,1,4,1,5.0,2.0,-1.0,0,-1.0,2000.0,A01,25,10,2019,17:20,1,76.0,76351,2,1,2.0,2.0,PIERRE MENDES FRANCE,"49,5157000","0,1550000",,76.076351,76351,Seine-Maritime,28.0,Normandie,50.0,3.0,2.0,2,2.0,28,Normandie,76,2,96,LeHavre,166058,1780,167838.0,1.0,2,,0.0,2.0,1.0,1.0
201900051539,1.0,1,1,1,5.0,1.0,-1.0,0,-1.0,1976.0,B01,25,10,2019,17:20,1,76.0,76351,2,1,2.0,2.0,PIERRE MENDES FRANCE,"49,5157000","0,1550000",,76.076351,76351,Seine-Maritime,28.0,Normandie,50.0,3.0,2.0,2,2.0,28,Normandie,76,2,96,LeHavre,166058,1780,167838.0,1.0,7,,0.0,0.0,4.0,1.0
201900051620,10.0,3,3,1,1.0,0.0,3.0,3,1.0,1999.0,A01,13,1,2019,17:30,4,76.0,76057,2,1,1.0,6.0,Rue des martyrs de la résistance,"49,5428620","0,9472650",,76.076057,76057,Seine-Maritime,28.0,Normandie,50.0,3.0,2.0,2,1.0,28,Normandie,76,3,1,Barentin,12154,238,12392.0,1.0,7,,0.0,1.0,1.0,1.0
201900051620,1.0,1,1,1,5.0,8.0,0.0,0,-1.0,1964.0,A01,13,1,2019,17:30,4,76.0,76057,2,1,1.0,6.0,Rue des martyrs de la résistance,"49,5428620","0,9472650",,76.076057,76057,Seine-Maritime,28.0,Normandie,50.0,3.0,2.0,2,1.0,28,Normandie,76,3,1,Barentin,12154,238,12392.0,1.0,7,,0.0,1.0,1.0,1.0
201900051781,1.0,1,1,1,4.0,1.0,0.0,0,-1.0,1975.0,B01,6,1,2019,02:45,5,76.0,76540,2,2,1.0,3.0,EUROPE. BOULEVARD DE L',"49,4272400","1,0836300",,76.076540,76540,Seine-Maritime,28.0,Normandie,50.0,4.0,2.0,4,1.0,28,Normandie,76,3,97,Rouen,114083,1556,115639.0,0.0,37,1.0,0.0,2.0,7.0,19.0
201900051781,1.0,1,4,1,5.0,1.0,0.0,0,-1.0,1997.0,A01,6,1,2019,02:45,5,76.0,76540,2,2,1.0,3.0,EUROPE. BOULEVARD DE L',"49,4272400","1,0836300",,76.076540,76540,Seine-Maritime,28.0,Normandie,50.0,4.0,2.0,4,1.0,28,Normandie,76,3,97,Rouen,114083,1556,115639.0,0.0,7,,0.0,2.0,1.0,19.0
201900051782,10.0,3,3,2,0.0,0.0,2.0,3,1.0,1944.0,A01,4,1,2019,11:00,1,76.0,76351,2,1,1.0,6.0,THEOPHILE GAUTIER,"49,5169100","0,0935100",,76.076351,76351,Seine-Maritime,28.0,Normandie,50.0,4.0,2.0,2,1.0,28,Normandie,76,2,96,LeHavre,166058,1780,167838.0,0.0,7,,0.0,1.0,1.0,1.0
201900051782,1.0,1,1,1,0.0,1.0,-1.0,0,-1.0,1944.0,A01,4,1,2019,11:00,1,76.0,76351,2,1,1.0,6.0,THEOPHILE GAUTIER,"49,5169100","0,0935100",,76.076351,76351,Seine-Maritime,28.0,Normandie,50.0,4.0,2.0,2,1.0,28,Normandie,76,2,96,LeHavre,166058,1780,167838.0,0.0,7,,0.0,1.0,1.0,1.0
201900051963,1.0,1,3,1,0.0,2.0,-1.0, -1,-1.0,1984.0,A01,21,9,2019,19:15,1,76.0,76351,2,1,1.0,7.0,SAINT QUENTIN (DE),"49,5153200","0,1134700",,76.076351,76351,Seine-Maritime,28.0,Normandie,30.0,4.0,2.0,2,1.0,28,Normandie,76,2,96,LeHavre,166058,1780,167838.0,3.0,30,,0.0,0.0,0.0,1.0
201900051964,1.0,1,4,2,5.0,1.0,-1.0, -1,-1.0,1994.0,B01,21,9,2019,16:20,1,76.0,76351,2,2,1.0,3.0,ARISTIDE BRIAND,"49,5005200","0,1392000",,76.076351,76351,Seine-Maritime,28.0,Normandie,50.0,3.0,2.0,2,1.0,28,Normandie,76,2,96,LeHavre,166058,1780,167838.0,2.0,7,,0.0,2.0,1.0,1.0
201900051964,1.0,1,1,1,5.0,1.0,0.0,0,-1.0,1963.0,A01,21,9,2019,16:20,1,76.0,76351,2,2,1.0,3.0,ARISTIDE BRIAND,"49,5005200","0,1392000",,76.076351,76351,Seine-Maritime,28.0,Normandie,50.0,3.0,2.0,2,1.0,28,Normandie,76,2,96,LeHavre,166058,1780,167838.0,1.0,7,,0.0,2.0,8.0,1.0
201900052084,1.0,1,4,2,1.0,1.0,0.0,0,-1.0,1994.0,B01,24,8,2019,17:50,1,76.0,76718,1,1,1.0,1.0,Route Départementale 6015,"49,6151960","0,6890720",,76.076718,76718,Seine-Maritime,28.0,Normandie,80.0,3.0,2.0,2,1.0,28,Normandie,76,3,35,ValliquervilLe1423,38,1461,,1.0,7,,0.0,2.0,1.0,1.0
201900052084,1.0,1,1,1,5.0,1.0,0.0,0,-1.0,1993.0,A01,24,8,2019,17:50,1,76.0,76718,1,1,1.0,1.0,Route Départementale 6015,"49,6151960","0,6890720",,76.076718,76718,Seine-Maritime,28.0,Normandie,80.0,3.0,2.0,2,1.0,28,Normandie,76,3,35,ValliquervilLe1423,38,1461,,2.0,7,,0.0,2.0,1.0,13.0
201900052084,2.0,2,1,2,5.0,1.0,0.0,0,-1.0,1992.0,A01,24,8,2019,17:50,1,76.0,76718,1,1,1.0,1.0,Route Départementale 6015,"49,6151960","0,6890720",,76.076718,76718,Seine-Maritime,28.0,Normandie,80.0,3.0,2.0,2,1.0,28,Normandie,76,3,35,ValliquervilLe1423,38,1461,,2.0,7,,0.0,2.0,1.0,13.0
201900052084,9.0,2,1,2,5.0,3.0,0.0,0,-1.0,2019.0,A01,24,8,2019,17:50,1,76.0,76718,1,1,1.0,1.0,Route Départementale 6015,"49,6151960","0,6890720",,76.076718,76718,Seine-Maritime,28.0,Normandie,80.0,3.0,2.0,2,1.0,28,Normandie,76,3,35,ValliquervilLe1423,38,1461,,2.0,7,,0.0,2.0,1.0,13.0
201900052084,7.0,2,4,2,5.0,3.0,0.0,0,-1.0,2015.0,A01,24,8,2019,17:50,1,76.0,76718,1,1,1.0,1.0,Route Départementale 6015,"49,6151960","0,6890720",,76.076718,76718,Seine-Maritime,28.0,Normandie,80.0,3.0,2.0,2,1.0,28,Normandie,76,3,35,ValliquervilLe1423,38,1461,,2.0,7,,0.0,2.0,1.0,13.0
201900052361,1.0,1,1,2,0.0,1.0,0.0,0,-1.0,1983.0,B01,11,7,2019,10:30,1,76.0,76322,2,2,1.0,3.0,POUDRIERE. CHEMIN DE LA,"49,3963708","1,0610175",,76.076322,76322,Seine-Maritime,28.0,Normandie,50.0,3.0,2.0,2,1.0,28,Normandie,76,3,13,LeGrand-Quevilly,25975,225,26200.0,2.0,7,,0.0,2.0,1.0,0.0
201900052361,1.0,1,4,2,0.0,1.0,0.0,0,-1.0,1988.0,A01,11,7,2019,10:30,1,76.0,76322,2,2,1.0,3.0,POUDRIERE. CHEMIN DE LA,"49,3963708","1,0610175",,76.076322,76322,Seine-Maritime,28.0,Normandie,50.0,3.0,2.0,2,1.0,28,Normandie,76,3,13,LeGrand-Quevilly,25975,225,26200.0,0.0,7,,0.0,2.0,7.0,0.0
201900052363,1.0,1,1,2,5.0,1.0,0.0,0,-1.0,1962.0,A01,11,7,2019,13:00,1,76.0,76540,2,2,1.0,3.0,MALOUET. RUE,"49,4322700","1,0913900",,76.076540,76540,Seine-Maritime,28.0,Normandie,50.0,4.0,1.0,1,1.0,28,Normandie,76,3,97,Rouen,114083,1556,115639.0,0.0,7,,0.0,2.0,2.0,19.0
201900052363,1.0,1,4,2,5.0,8.0,0.0,0,-1.0,1965.0,B01,11,7,2019,13:00,1,76.0,76540,2,2,1.0,3.0,MALOUET. RUE,"49,4322700","1,0913900",,76.076540,76540,Seine-Maritime,28.0,Normandie,50.0,4.0,1.0,1,1.0,28,Normandie,76,3,97,Rouen,114083,1556,115639.0,0.0,50,,0.0,2.0,7.0,19.0
201900052364,1.0,1,4,2,5.0,1.0,0.0,0,-1.0,1991.0,A01,10,7,2019,23:05,3,76.0,76157,1,1,1.0,7.0,MAUPASSANT. COTE GUY DE,"49,4475600","1,0439400",,76.076157,76157,Seine-Maritime,28.0,Normandie,50.0,3.0,2.0,2,1.0,28,Normandie,76,3,4,Canteleu,13966,360,14326.0,0.0,7,,8.0,0.0,7.0,14.0
201900052366,1.0,1,1,1,4.0,1.0,0.0,0,-1.0,1968.0,C01,10,7,2019,13:35,1,76.0,76540,1,1,1.0,4.0,MATHILDE. PONT,"49,4301700","1,1010900",,76.076540,76540,Seine-Maritime,28.0,Normandie,70.0,3.0,3.0,6,1.0,28,Normandie,76,3,97,Rouen,114083,1556,115639.0,1.0,17,,0.0,2.0,4.0,2.0
201900052366,1.0,1,4,2,9.0,1.0,0.0,0,-1.0,1969.0,B01,10,7,2019,13:35,1,76.0,76540,1,1,1.0,4.0,MATHILDE. PONT,"49,4301700","1,1010900",,76.076540,76540,Seine-Maritime,28.0,Normandie,70.0,3.0,3.0,6,1.0,28,Normandie,76,3,97,Rouen,114083,1556,115639.0,1.0,7,,0.0,2.0,5.0,2.0
201900052366,1.0,1,1,1,5.0,1.0,0.0,0,-1.0,1992.0,A01,10,7,2019,13:35,1,76.0,76540,1,1,1.0,4.0,MATHILDE. PONT,"49,4301700","1,1010900",,76.076540,76540,Seine-Maritime,28.0,Normandie,70.0,3.0,3.0,6,1.0,28,Normandie,76,3,97,Rouen,114083,1556,115639.0,1.0,7,,0.0,2.0,1.0,2.0
201900052714,1.0,1,4,1,0.0,2.0,0.0,0,-1.0,1966.0,B01,3,12,2019,07:45,2,76.0,76351,2,2,1.0,3.0,MARECHAL JOFFRE (RUE),"49,5001100","0,1299200",,76.076351,76351,Seine-Maritime,28.0,Normandie,50.0,4.0,2.0,3,1.0,28,Normandie,76,2,96,LeHavre,166058,1780,167838.0,2.0,50,,0.0,2.0,1.0,1.0
201900052714,1.0,1,1,2,0.0,1.0,0.0,0,-1.0,1990.0,A01,3,12,2019,07:45,2,76.0,76351,2,2,1.0,3.0,MARECHAL JOFFRE (RUE),"49,5001100","0,1299200",,76.076351,76351,Seine-Maritime,28.0,Normandie,50.0,4.0,2.0,3,1.0,28,Normandie,76,2,96,LeHavre,166058,1780,167838.0,1.0,7,,0.0,2.0,3.0,15.0
201900053219,1.0,1,4,2,0.0,1.0,-1.0,0,-1.0,1984.0,A01,17,2,2019,10:00,1,76.0,76457,1,1,1.0,1.0,rue du lieutenant j Hergault,"49,3406800","0,9578100",,76.076457,76457,Seine-Maritime,28.0,Normandie,80.0,3.0,-1.0,2,1.0,28,Normandie,76,3,9,Moulineaux,932,16,948.0,2.0,7,,0.0,2.0,1.0,0.0
201900053219,2.0,2,4,1,0.0,1.0,-1.0,0,-1.0,1983.0,A01,17,2,2019,10:00,1,76.0,76457,1,1,1.0,1.0,rue du lieutenant j Hergault,"49,3406800","0,9578100",,76.076457,76457,Seine-Maritime,28.0,Normandie,80.0,3.0,-1.0,2,1.0,28,Normandie,76,3,9,Moulineaux,932,16,948.0,2.0,7,,0.0,2.0,1.0,0.0
201900053219,4.0,2,1,1,0.0,3.0,-1.0,0,-1.0,2017.0,A01,17,2,2019,10:00,1,76.0,76457,1,1,1.0,1.0,rue du lieutenant j Hergault,"49,3406800","0,9578100",,76.076457,76457,Seine-Maritime,28.0,Normandie,80.0,3.0,-1.0,2,1.0,28,Normandie,76,3,9,Moulineaux,932,16,948.0,2.0,7,,0.0,2.0,1.0,0.0
201900053219,1.0,1,3,2,0.0,1.0,-1.0,0,-1.0,1963.0,B01,17,2,2019,10:00,1,76.0,76457,1,1,1.0,1.0,rue du lieutenant j Hergault,"49,3406800","0,9578100",,76.076457,76457,Seine-Maritime,28.0,Normandie,80.0,3.0,-1.0,2,1.0,28,Normandie,76,3,9,Moulineaux,932,16,948.0,1.0,7,,0.0,2.0,1.0,0.0
201900053498,1.0,1,4,1,5.0,8.0,0.0,0,-1.0,1996.0,B01,3,1,2019,13:25,1,76.0,76351,2,1,1.0,3.0,PAUL VERLAINE (AVENUE),"49,5095100","0,1522600",,76.076351,76351,Seine-Maritime,28.0,Normandie,30.0,4.0,3.0,2,1.0,28,Normandie,76,2,96,LeHavre,166058,1780,167838.0,0.0,1,,0.0,2.0,7.0,1.0
201900053500,10.0,3,4,2,4.0,8.0,3.0,3,2.0,1999.0,Z01,3,1,2019,17:30,5,76.0,76351,2,6,1.0,6.0,MARCEAU (RUE),"49,4914900","0,1329700",,76.076351,76351,Seine-Maritime,28.0,Normandie,50.0,4.0,3.0,4,1.0,28,Normandie,76,2,96,LeHavre,166058,1780,167838.0,0.0,7,,0.0,1.0,1.0,1.0
201900053502,2.0,2,1,2,4.0,8.0,0.0,0,-1.0,1971.0,B01,4,1,2019,11:20,1,76.0,76259,2,1,1.0,6.0,FORTS ( RUE DES),"49,7549000","0,3813000",,76.076259,76259,Seine-Maritime,28.0,Normandie,50.0,4.0,2.0,2,1.0,28,Normandie,76,2,11,Fécamp,18016,269,18285.0,3.0,7,,1.0,0.0,3.0,24.0
201900053502,1.0,1,3,2,4.0,8.0,0.0,0,-1.0,1967.0,B01,4,1,2019,11:20,1,76.0,76259,2,1,1.0,6.0,FORTS ( RUE DES),"49,7549000","0,3813000",,76.076259,76259,Seine-Maritime,28.0,Normandie,50.0,4.0,2.0,2,1.0,28,Normandie,76,2,11,Fécamp,18016,269,18285.0,3.0,7,,1.0,0.0,3.0,24.0
201900053502,1.0,1,1,1,4.0,8.0,0.0,A,-1.0,1983.0,A01,4,1,2019,11:20,1,76.0,76259,2,1,1.0,6.0,FORTS ( RUE DES),"49,7549000","0,3813000",,76.076259,76259,Seine-Maritime,28.0,Normandie,50.0,4.0,2.0,2,1.0,28,Normandie,76,2,11,Fécamp,18016,269,18285.0,1.0,10,,1.0,1.0,2.0,1.0
201900053504,1.0,1,1,1,0.0,1.0,-1.0,0,-1.0,1998.0,B01,3,1,2019,14:15,1,76.0,76545,1,9,1.0,3.0,BOURBON (COURS),"49,9148600","1,0943600",,76.076545,76545,Seine-Maritime,28.0,Normandie,30.0,6.0,2.0,0,2.0,28,Normandie,76,1,7,Rouxmesnil-BouteilLes1814,33,1847,,3.0,7,,0.0,2.0,2.0,0.0
201900053504,1.0,1,4,1,0.0,2.0,-1.0,0,-1.0,2003.0,A01,3,1,2019,14:15,1,76.0,76545,1,9,1.0,3.0,BOURBON (COURS),"49,9148600","1,0943600",,76.076545,76545,Seine-Maritime,28.0,Normandie,30.0,6.0,2.0,0,2.0,28,Normandie,76,1,7,Rouxmesnil-BouteilLes1814,33,1847,,3.0,32,,0.0,2.0,8.0,26.0
201900053686,3.0,2,4,2,5.0,1.0,-1.0, -1,-1.0,2001.0,A01,21,9,2019,21:17,5,76.0,76561,2,2,1.0,6.0,REPUBLIQUE. RUE DE LA,"49,2973700","1,0112100",,76.076561,76561,Seine-Maritime,28.0,Normandie,50.0,3.0,2.0,2,1.0,28,Normandie,76,3,5,Saint-Aubin-lès-Elbeuf,8428,75,8503.0,3.0,7,,9.0,0.0,1.0,0.0
201900053686,1.0,1,4,1,5.0,1.0,-1.0, -1,-1.0,1995.0,A01,21,9,2019,21:17,5,76.0,76561,2,2,1.0,6.0,REPUBLIQUE. RUE DE LA,"49,2973700","1,0112100",,76.076561,76561,Seine-Maritime,28.0,Normandie,50.0,3.0,2.0,2,1.0,28,Normandie,76,3,5,Saint-Aubin-lès-Elbeuf,8428,75,8503.0,3.0,7,,9.0,0.0,1.0,0.0
201900053686,2.0,2,4,1,5.0,1.0,-1.0,0,-1.0,2001.0,A01,21,9,2019,21:17,5,76.0,76561,2,2,1.0,6.0,REPUBLIQUE. RUE DE LA,"49,2973700","1,0112100",,76.076561,76561,Seine-Maritime,28.0,Normandie,50.0,3.0,2.0,2,1.0,28,Normandie,76,3,5,Saint-Aubin-lès-Elbeuf,8428,75,8503.0,3.0,7,,9.0,0.0,1.0,0.0
201900053687,1.0,1,3,2,5.0,1.0,0.0,0,-1.0,1991.0,A01,21,9,2019,05:30,5,76.0,76351,2,1,1.0,6.0,VALLEE (RUE DE LA),"49,4932400","0,1516300",,76.076351,76351,Seine-Maritime,28.0,Normandie,50.0,4.0,2.0,2,1.0,28,Normandie,76,2,96,LeHavre,166058,1780,167838.0,0.0,7,,15.0,0.0,3.0,13.0
201900053962,9.0,2,4,1,5.0,1.0,0.0,0,-1.0,2000.0,A01,30,3,2019,23:30,3,76.0,76317,1,1,1.0,6.0,route de Bretteville -RD 10a,"49,6532200","0,4033840",,76.076317,76317,Seine-Maritime,28.0,Normandie,80.0,3.0,2.0,2,1.0,28,Normandie,76,2,32,Grainville-YmauvilLe426,12,438,,1.0,7,,13.0,0.0,2.0,1.0
201900053962,2.0,2,3,1,5.0,1.0,0.0,0,-1.0,2000.0,A01,30,3,2019,23:30,3,76.0,76317,1,1,1.0,6.0,route de Bretteville -RD 10a,"49,6532200","0,4033840",,76.076317,76317,Seine-Maritime,28.0,Normandie,80.0,3.0,2.0,2,1.0,28,Normandie,76,2,32,Grainville-YmauvilLe426,12,438,,1.0,7,,13.0,0.0,2.0,1.0
201900053962,1.0,1,1,1,5.0,1.0,0.0,0,-1.0,2000.0,A01,30,3,2019,23:30,3,76.0,76317,1,1,1.0,6.0,route de Bretteville -RD 10a,"49,6532200","0,4033840",,76.076317,76317,Seine-Maritime,28.0,Normandie,80.0,3.0,2.0,2,1.0,28,Normandie,76,2,32,Grainville-YmauvilLe426,12,438,,1.0,7,,13.0,0.0,2.0,1.0
201900054213,1.0,1,4,1,4.0,1.0,0.0,0,-1.0,1984.0,B01,12,7,2019,12:10,1,76.0,76748,1,1,1.0,1.0,"Le Hamel,76450","49,8096420","0,6380030",,76.076748,76748,Seine-Maritime,28.0,Normandie,80.0,3.0,2.0,2,1.0,28,Normandie,76,1,33,Vittefleur,657,8,665.0,2.0,10,,0.0,2.0,1.0,1.0
201900054213,2.0,2,4,1,4.0,1.0,0.0,0,-1.0,1980.0,B01,12,7,2019,12:10,1,76.0,76748,1,1,1.0,1.0,"Le Hamel,76450","49,8096420","0,6380030",,76.076748,76748,Seine-Maritime,28.0,Normandie,80.0,3.0,2.0,2,1.0,28,Normandie,76,1,33,Vittefleur,657,8,665.0,2.0,10,,0.0,2.0,1.0,1.0
201900054213,1.0,1,4,2,5.0,5.0,0.0,0,-1.0,1980.0,A01,12,7,2019,12:10,1,76.0,76748,1,1,1.0,1.0,"Le Hamel,76450","49,8096420","0,6380030",,76.076748,76748,Seine-Maritime,28.0,Normandie,80.0,3.0,2.0,2,1.0,28,Normandie,76,1,33,Vittefleur,657,8,665.0,1.0,7,,0.0,2.0,1.0,13.0
201900054216,1.0,1,3,1,5.0,2.0,0.0,0,-1.0,1968.0,A01,13,7,2019,16:13,1,76.0,76085,2,2,7.0,1.0,Rd 308,"49,8006832","1,0528290",,76.076085,76085,Seine-Maritime,28.0,Normandie,50.0,3.0,2.0,2,1.0,28,Normandie,76,1,20,Bertreville-Saint-Ouen,331,9,340.0,3.0,33,,0.0,2.0,2.0,21.0
201900054216,1.0,1,1,1,4.0,0.0,0.0,0,-1.0,1982.0,B01,13,7,2019,16:13,1,76.0,76085,2,2,7.0,1.0,Rd 308,"49,8006832","1,0528290",,76.076085,76085,Seine-Maritime,28.0,Normandie,50.0,3.0,2.0,2,1.0,28,Normandie,76,1,20,Bertreville-Saint-Ouen,331,9,340.0,3.0,14,,0.0,2.0,2.0,23.0
201900054389,1.0,1,4,1,1.0,2.0,-1.0,0,-1.0,2000.0,A01,16,8,2019,16:00,1,76.0,76351,2,1,1.0,4.0,PONT V (DU),"49,4846500","0,1519100",,76.076351,76351,Seine-Maritime,28.0,Normandie,50.0,4.0,2.0,2,1.0,28,Normandie,76,2,96,LeHavre,166058,1780,167838.0,2.0,33,,0.0,2.0,4.0,17.0
201900054389,1.0,1,1,1,1.0,1.0,-1.0,0,-1.0,1992.0,B01,16,8,2019,16:00,1,76.0,76351,2,1,1.0,4.0,PONT V (DU),"49,4846500","0,1519100",,76.076351,76351,Seine-Maritime,28.0,Normandie,50.0,4.0,2.0,2,1.0,28,Normandie,76,2,96,LeHavre,166058,1780,167838.0,2.0,7,,0.0,2.0,6.0,1.0
201900054389,1.0,1,1,1,4.0,1.0,-1.0,0,-1.0,1985.0,C01,16,8,2019,16:00,1,76.0,76351,2,1,1.0,4.0,PONT V (DU),"49,4846500","0,1519100",,76.076351,76351,Seine-Maritime,28.0,Normandie,50.0,4.0,2.0,2,1.0,28,Normandie,76,2,96,LeHavre,166058,1780,167838.0,1.0,13,,0.0,2.0,1.0,1.0
201900054553,1.0,1,3,1,5.0,1.0,0.0,0,-1.0,1967.0,A01,5,5,2019,18:55,1,76.0,76660,1,9,1.0,6.0,autoroute 131,"49,4904120","0,2928114",,76.076660,76660,Seine-Maritime,28.0,Normandie,130.0,1.0,3.0,4,1.0,28,Normandie,76,2,32,SandouvilLe800,11,811,,1.0,7,,4.0,0.0,7.0,1.0
201900054756,1.0,1,3,2,1.0,1.0,0.0,0,-1.0,1984.0,A01,4,12,2019,07:43,2,76.0,76272,1,1,5.0,4.0,Rue Albert Perne,"49,8085370","0,8423660",,76.076272,76272,Seine-Maritime,28.0,Normandie,70.0,3.0,2.0,2,1.0,28,Normandie,76,1,33,Fontaine-le-Dun,885,10,895.0,2.0,7,,0.0,2.0,3.0,1.0
201900054756,1.0,1,1,1,4.0,1.0,0.0,0,-1.0,1967.0,B01,4,12,2019,07:43,2,76.0,76272,1,1,5.0,4.0,Rue Albert Perne,"49,8085370","0,8423660",,76.076272,76272,Seine-Maritime,28.0,Normandie,70.0,3.0,2.0,2,1.0,28,Normandie,76,1,33,Fontaine-le-Dun,885,10,895.0,1.0,17,,0.0,2.0,3.0,1.0
201900054756,1.0,1,4,2,1.0,1.0,0.0,0,-1.0,2000.0,C01,4,12,2019,07:43,2,76.0,76272,1,1,5.0,4.0,Rue Albert Perne,"49,8085370","0,8423660",,76.076272,76272,Seine-Maritime,28.0,Normandie,70.0,3.0,2.0,2,1.0,28,Normandie,76,1,33,Fontaine-le-Dun,885,10,895.0,2.0,7,,0.0,2.0,8.0,1.0
201900054757,1.0,1,3,1,4.0,1.0,0.0,0,-1.0,1960.0,A01,3,12,2019,13:20,1,76.0,76312,2,3,5.0,6.0,24 Boulevard de Verdun,"49,4849540","1,7300050",,76.076312,76312,Seine-Maritime,28.0,Normandie,50.0,2.0,2.0,2,1.0,28,Normandie,76,1,12,Gournay-en-Bray,5944,85,6029.0,2.0,15,,6.0,0.0,1.0,13.0
201900054776,1.0,1,4,1,5.0,2.0,0.0,0,-1.0,1978.0,B01,19,2,2019,09:50,1,76.0,76669,1,2,1.0,1.0,route des loges,"49,6849082","0,3172731",,76.076669,76669,Seine-Maritime,28.0,Normandie,80.0,3.0,2.0,2,2.0,28,Normandie,76,2,32,Sausseuzemare-en-Caux,431,7,438.0,1.0,1,,0.0,2.0,1.0,2.0
201900054776,1.0,1,1,1,1.0,1.0,0.0,0,-1.0,1981.0,A01,19,2,2019,09:50,1,76.0,76669,1,2,1.0,1.0,route des loges,"49,6849082","0,3172731",,76.076669,76669,Seine-Maritime,28.0,Normandie,80.0,3.0,2.0,2,2.0,28,Normandie,76,2,32,Sausseuzemare-en-Caux,431,7,438.0,2.0,7,,0.0,9.0,3.0,2.0
201900055078,8.0,2,4,2,9.0,8.0,0.0,0,-1.0,1972.0,A01,13,2,2019,12:25,1,76.0,76540,2,2,1.0,3.0,LECLERC. RUE DU GENERAL,"49,4392163","1,0958031",,76.076540,76540,Seine-Maritime,28.0,Normandie,50.0,4.0,2.0,2,1.0,28,Normandie,76,3,97,Rouen,114083,1556,115639.0,0.0,37,5.0,0.0,2.0,2.0,1.0
201900055078,8.0,2,4,2,9.0,8.0,0.0,0,-1.0,2000.0,A01,13,2,2019,12:25,1,76.0,76540,2,2,1.0,3.0,LECLERC. RUE DU GENERAL,"49,4392163","1,0958031",,76.076540,76540,Seine-Maritime,28.0,Normandie,50.0,4.0,2.0,2,1.0,28,Normandie,76,3,97,Rouen,114083,1556,115639.0,0.0,37,5.0,0.0,2.0,2.0,1.0
201900055078,8.0,2,4,2,9.0,8.0,0.0,0,-1.0,1942.0,A01,13,2,2019,12:25,1,76.0,76540,2,2,1.0,3.0,LECLERC. RUE DU GENERAL,"49,4392163","1,0958031",,76.076540,76540,Seine-Maritime,28.0,Normandie,50.0,4.0,2.0,2,1.0,28,Normandie,76,3,97,Rouen,114083,1556,115639.0,0.0,37,5.0,0.0,2.0,2.0,1.0
201900055078,8.0,2,4,2,9.0,8.0,0.0,0,-1.0,2000.0,A01,13,2,2019,12:25,1,76.0,76540,2,2,1.0,3.0,LECLERC. RUE DU GENERAL,"49,4392163","1,0958031",,76.076540,76540,Seine-Maritime,28.0,Normandie,50.0,4.0,2.0,2,1.0,28,Normandie,76,3,97,Rouen,114083,1556,115639.0,0.0,37,5.0,0.0,2.0,2.0,1.0
201900055078,1.0,1,1,1,4.0,8.0,0.0,0,-1.0,1961.0,A01,13,2,2019,12:25,1,76.0,76540,2,2,1.0,3.0,LECLERC. RUE DU GENERAL,"49,4392163","1,0958031",,76.076540,76540,Seine-Maritime,28.0,Normandie,50.0,4.0,2.0,2,1.0,28,Normandie,76,3,97,Rouen,114083,1556,115639.0,0.0,37,5.0,0.0,2.0,2.0,1.0
201900055080,1.0,1,4,2,0.0,1.0,-1.0,0,-1.0,1978.0,A01,14,2,2019,18:00,1,76.0,76351,2,2,1.0,3.0,THIRE ET BONFAIT (AV.),"49,5079800","0,1540600",,76.076351,76351,Seine-Maritime,28.0,Normandie,50.0,4.0,2.0,2,1.0,28,Normandie,76,2,96,LeHavre,166058,1780,167838.0,0.0,7,,0.0,2.0,1.0,1.0
201900055080,1.0,1,1,1,0.0,1.0,-1.0,0,-1.0,1975.0,B01,14,2,2019,18:00,1,76.0,76351,2,2,1.0,3.0,THIRE ET BONFAIT (AV.),"49,5079800","0,1540600",,76.076351,76351,Seine-Maritime,28.0,Normandie,50.0,4.0,2.0,2,1.0,28,Normandie,76,2,96,LeHavre,166058,1780,167838.0,0.0,7,,0.0,2.0,8.0,1.0
201900055082,1.0,1,1,1,0.0,1.0,-1.0, -1,-1.0,1998.0,A01,13,2,2019,14:00,1,76.0,76351,2,3,1.0,3.0,ALGER,"49,4980000","0,0960400",,76.076351,76351,Seine-Maritime,28.0,Normandie,50.0,4.0,1.0,1,1.0,28,Normandie,76,2,96,LeHavre,166058,1780,167838.0,0.0,7,,0.0,2.0,6.0,26.0